2026-03-18T01:49:05 | system | gen_run_start
2026-03-18T01:49:05 | configuration | gen_run(semantic_cases_file('../cases/test_cases.pl'),gen_out_file('../generated/gen_out.pl'),forward_gen_tree_report_file('../generated/forward_gen_tree_report.txt'),repair_enabled(true),smoothing_enabled(true),smoothing_style(underscore))
2026-03-18T01:49:05 | gen_session | gen_case(semantic(1),status(ok),tokens([one]),sentence(one))
2026-03-18T01:49:05 | gen_session | gen_case(semantic(2),status(ok),tokens([two]),sentence(two))
2026-03-18T01:49:05 | gen_session | gen_case(semantic(3),status(ok),tokens([three]),sentence(three))
2026-03-18T01:49:05 | gen_session | gen_case(semantic(4),status(ok),tokens([four]),sentence(four))
2026-03-18T01:49:05 | gen_session | gen_case(semantic(5),status(ok),tokens([five]),sentence(five))
2026-03-18T01:49:05 | gen_session | gen_case(semantic(6),status(ok),tokens([six]),sentence(six))
2026-03-18T01:49:05 | gen_session | gen_case(semantic(7),status(ok),tokens([seven]),sentence(seven))
2026-03-18T01:49:05 | gen_session | gen_case(semantic(8),status(ok),tokens([eight]),sentence(eight))
2026-03-18T01:49:05 | gen_session | gen_case(semantic(9),status(ok),tokens([nine]),sentence(nine))
2026-03-18T01:49:05 | gen_session | gen_case(semantic(10),status(ok),tokens([ten]),sentence(ten))
2026-03-18T01:49:05 | gen_session | gen_case(semantic(11),status(ok),tokens([eleven]),sentence(eleven))
2026-03-18T01:49:05 | gen_session | gen_case(semantic(12),status(ok),tokens([twelve]),sentence(twelve))
2026-03-18T01:49:05 | gen_session | gen_case(semantic(13),status(ok),tokens([thirteen]),sentence(thirteen))
2026-03-18T01:49:05 | gen_session | gen_case(semantic(15),status(ok),tokens([fifteen]),sentence(fifteen))
2026-03-18T01:49:05 | gen_session | gen_case(semantic(18),status(gen_empty_yield),tokens([]),sentence(''))
2026-03-18T01:49:05 | gen_session | gen_case(semantic(20),status(ok),tokens([twenty]),sentence(twenty))
2026-03-18T01:49:05 | gen_session | gen_case(semantic(30),status(ok),tokens([thirty]),sentence(thirty))
2026-03-18T01:49:05 | gen_session | gen_case(semantic(50),status(ok),tokens([fifty]),sentence(fifty))
2026-03-18T01:49:05 | gen_session | gen_case(semantic('1X+10'(4)),status(ok),tokens([four,teen]),sentence(fourteen))
2026-03-18T01:49:05 | gen_session | gen_case(semantic('1X+10'(6)),status(ok),tokens([six,teen]),sentence(sixteen))
2026-03-18T01:49:05 | gen_session | gen_case(semantic('1X+10'(7)),status(ok),tokens([seven,teen]),sentence(seventeen))
2026-03-18T01:49:05 | gen_session | gen_case(semantic('0X+18'(8)),status(ok),tokens([eight,een]),sentence(eighteen))
2026-03-18T01:49:05 | gen_session | gen_case(semantic('1X+10'(9)),status(ok),tokens([nine,teen]),sentence(nineteen))
2026-03-18T01:49:05 | gen_session | gen_case(semantic('1X+20'(1)),status(ok),tokens([twenty,one]),sentence(twentyone))
2026-03-18T01:49:05 | gen_session | gen_case(semantic('1X+20'(2)),status(ok),tokens([twenty,two]),sentence(twentytwo))
2026-03-18T01:49:05 | gen_session | gen_case(semantic('1X+20'(3)),status(ok),tokens([twenty,three]),sentence(twentythree))
2026-03-18T01:49:05 | gen_session | gen_case(semantic('1X+20'(4)),status(ok),tokens([twenty]),sentence(twenty))
2026-03-18T01:49:05 | gen_session | gen_case(semantic('1X+20'(5)),status(ok),tokens([twenty,five]),sentence(twentyfive))
2026-03-18T01:49:05 | gen_session | gen_case(semantic('1X+20'(6)),status(ok),tokens([twenty]),sentence(twenty))
2026-03-18T01:49:05 | gen_session | gen_case(semantic('1X+20'(7)),status(ok),tokens([twenty]),sentence(twenty))
2026-03-18T01:49:05 | gen_session | gen_case(semantic('1X+20'(8)),status(ok),tokens([twenty]),sentence(twenty))
2026-03-18T01:49:05 | gen_session | gen_case(semantic('1X+20'(9)),status(ok),tokens([twenty]),sentence(twenty))
2026-03-18T01:49:05 | gen_session | gen_case(semantic('1X+30'(1)),status(ok),tokens([thirty,one]),sentence(thirtyone))
2026-03-18T01:49:05 | gen_session | gen_case(semantic('1X+30'(2)),status(ok),tokens([thirty,two]),sentence(thirtytwo))
2026-03-18T01:49:05 | gen_session | gen_case(semantic('1X+30'(3)),status(ok),tokens([thirty,three]),sentence(thirtythree))
2026-03-18T01:49:05 | gen_session | gen_case(semantic('1X+30'(4)),status(ok),tokens([thirty]),sentence(thirty))
2026-03-18T01:49:05 | gen_session | gen_case(semantic('1X+30'(5)),status(ok),tokens([thirty,five]),sentence(thirtyfive))
2026-03-18T01:49:05 | gen_session | gen_case(semantic('1X+30'(6)),status(ok),tokens([thirty]),sentence(thirty))
2026-03-18T01:49:05 | gen_session | gen_case(semantic('1X+30'(7)),status(ok),tokens([thirty]),sentence(thirty))
2026-03-18T01:49:05 | gen_session | gen_case(semantic('1X+30'(8)),status(ok),tokens([thirty]),sentence(thirty))
2026-03-18T01:49:05 | gen_session | gen_case(semantic('1X+30'(9)),status(ok),tokens([thirty]),sentence(thirty))
2026-03-18T01:49:05 | gen_session | gen_case(semantic('1X+50'(1)),status(ok),tokens([fifty,one]),sentence(fiftyone))
2026-03-18T01:49:05 | gen_session | gen_case(semantic('1X+50'(2)),status(ok),tokens([fifty,two]),sentence(fiftytwo))
2026-03-18T01:49:05 | gen_session | gen_case(semantic('1X+50'(3)),status(ok),tokens([fifty,three]),sentence(fiftythree))
2026-03-18T01:49:05 | gen_session | gen_case(semantic('1X+50'(4)),status(ok),tokens([fifty]),sentence(fifty))
2026-03-18T01:49:05 | gen_session | gen_case(semantic('1X+50'(5)),status(ok),tokens([fifty,five]),sentence(fiftyfive))
2026-03-18T01:49:05 | gen_session | gen_case(semantic('1X+50'(6)),status(ok),tokens([fifty]),sentence(fifty))
2026-03-18T01:49:05 | gen_session | gen_case(semantic('1X+50'(7)),status(ok),tokens([fifty]),sentence(fifty))
2026-03-18T01:49:05 | gen_session | gen_case(semantic('1X+50'(8)),status(ok),tokens([fifty]),sentence(fifty))
2026-03-18T01:49:05 | gen_session | gen_case(semantic('1X+50'(9)),status(ok),tokens([fifty]),sentence(fifty))
2026-03-18T01:49:05 | gen_session | gen_case(semantic('1X+40'(4)),status(gen_empty_yield),tokens([]),sentence(''))
2026-03-18T01:49:05 | gen_session | gen_case(semantic('1X+60'(4)),status(gen_empty_yield),tokens([]),sentence(''))
2026-03-18T01:49:05 | gen_session | gen_case(semantic('1X+70'(4)),status(gen_empty_yield),tokens([]),sentence(''))
2026-03-18T01:49:05 | gen_session | gen_case(semantic('1X+80'(4)),status(gen_empty_yield),tokens([]),sentence(''))
2026-03-18T01:49:05 | gen_session | gen_case(semantic('1X+90'(4)),status(gen_empty_yield),tokens([]),sentence(''))
2026-03-18T01:49:05 | system | gen_run_end
2026-03-18T01:57:02 | system | parse_run_start
2026-03-18T01:57:02 | configuration | parse_run(gen_out_file('../generated/gen_out.pl'),parse_out_file('../generated/parse_out.pl'),forward_parse_tree_report_file('../generated/forward_parse_tree_report.txt'),repair_enabled(true),smoothing_enabled(true),smoothing_style(underscore))
2026-03-18T01:57:02 | parse_session | parse_case(semantic(1),gen_status(ok),gen_tokens([one]),repaired_tokens([one]),parser_tokens([one]),repair_status(not_repaired),parse_status(ok),parsed_sem(1))
2026-03-18T01:57:02 | parse_session | parse_case(semantic(2),gen_status(ok),gen_tokens([two]),repaired_tokens([two]),parser_tokens([two]),repair_status(not_repaired),parse_status(ok),parsed_sem(2))
2026-03-18T01:57:02 | parse_session | parse_case(semantic(3),gen_status(ok),gen_tokens([three]),repaired_tokens([three]),parser_tokens([three]),repair_status(not_repaired),parse_status(ok),parsed_sem(3))
2026-03-18T01:57:02 | parse_session | parse_case(semantic(4),gen_status(ok),gen_tokens([four]),repaired_tokens([four]),parser_tokens([four]),repair_status(not_repaired),parse_status(ok),parsed_sem(4))
2026-03-18T01:57:02 | parse_session | parse_case(semantic(5),gen_status(ok),gen_tokens([five]),repaired_tokens([five]),parser_tokens([five]),repair_status(not_repaired),parse_status(ok),parsed_sem(5))
2026-03-18T01:57:02 | parse_session | parse_case(semantic(6),gen_status(ok),gen_tokens([six]),repaired_tokens([six]),parser_tokens([six]),repair_status(not_repaired),parse_status(ok),parsed_sem(6))
2026-03-18T01:57:02 | parse_session | parse_case(semantic(7),gen_status(ok),gen_tokens([seven]),repaired_tokens([seven]),parser_tokens([seven]),repair_status(not_repaired),parse_status(ok),parsed_sem(7))
2026-03-18T01:57:02 | parse_session | parse_case(semantic(8),gen_status(ok),gen_tokens([eight]),repaired_tokens([eight]),parser_tokens([eight]),repair_status(not_repaired),parse_status(ok),parsed_sem(8))
2026-03-18T01:57:02 | parse_session | parse_case(semantic(9),gen_status(ok),gen_tokens([nine]),repaired_tokens([nine]),parser_tokens([nine]),repair_status(not_repaired),parse_status(ok),parsed_sem(9))
2026-03-18T01:57:02 | parse_session | parse_case(semantic(10),gen_status(ok),gen_tokens([ten]),repaired_tokens([ten]),parser_tokens([ten]),repair_status(not_repaired),parse_status(ok),parsed_sem(10))
2026-03-18T01:57:02 | parse_session | parse_case(semantic(11),gen_status(ok),gen_tokens([eleven]),repaired_tokens([eleven]),parser_tokens([eleven]),repair_status(not_repaired),parse_status(ok),parsed_sem(11))
2026-03-18T01:57:02 | parse_session | parse_case(semantic(12),gen_status(ok),gen_tokens([twelve]),repaired_tokens([twelve]),parser_tokens([twelve]),repair_status(not_repaired),parse_status(ok),parsed_sem(12))
2026-03-18T01:57:02 | parse_session | parse_case(semantic(13),gen_status(ok),gen_tokens([thirteen]),repaired_tokens([thirteen]),parser_tokens([thirteen]),repair_status(not_repaired),parse_status(ok),parsed_sem(13))
2026-03-18T01:57:02 | parse_session | parse_case(semantic(15),gen_status(ok),gen_tokens([fifteen]),repaired_tokens([fifteen]),parser_tokens([fifteen]),repair_status(not_repaired),parse_status(ok),parsed_sem(15))
2026-03-18T01:57:02 | parse_session | parse_case(semantic(18),gen_status(gen_empty_yield),gen_tokens([]),repaired_tokens([]),parser_tokens([]),repair_status(not_repaired),parse_status(parse_skipped_empty_tokens),parsed_sem(none))
2026-03-18T01:57:02 | parse_session | parse_case(semantic(20),gen_status(ok),gen_tokens([twenty]),repaired_tokens([twenty]),parser_tokens([twenty]),repair_status(not_repaired),parse_status(ok),parsed_sem(20))
2026-03-18T01:57:02 | parse_session | parse_case(semantic(30),gen_status(ok),gen_tokens([thirty]),repaired_tokens([thirty]),parser_tokens([thirty]),repair_status(not_repaired),parse_status(ok),parsed_sem(30))
2026-03-18T01:57:02 | parse_session | parse_case(semantic(50),gen_status(ok),gen_tokens([fifty]),repaired_tokens([fifty]),parser_tokens([fifty]),repair_status(not_repaired),parse_status(ok),parsed_sem(50))
2026-03-18T01:57:02 | parse_session | parse_case(semantic('1X+10'(4)),gen_status(ok),gen_tokens([four,teen]),repaired_tokens([four,teen]),parser_tokens([four,teen]),repair_status(not_repaired),parse_status(ok),parsed_sem('1X+10'(4)))
2026-03-18T01:57:02 | parse_session | parse_case(semantic('1X+10'(6)),gen_status(ok),gen_tokens([six,teen]),repaired_tokens([six,teen]),parser_tokens([six,teen]),repair_status(not_repaired),parse_status(parse_fail),parsed_sem(none))
2026-03-18T01:57:02 | parse_session | parse_case(semantic('1X+10'(7)),gen_status(ok),gen_tokens([seven,teen]),repaired_tokens([seven,teen]),parser_tokens([seven,teen]),repair_status(not_repaired),parse_status(parse_fail),parsed_sem(none))
2026-03-18T01:57:02 | parse_session | parse_case(semantic('0X+18'(8)),gen_status(ok),gen_tokens([eight,een]),repaired_tokens([eight,een]),parser_tokens([eight,een]),repair_status(not_repaired),parse_status(ok),parsed_sem('0X+18'(8)))
2026-03-18T01:57:02 | parse_session | parse_case(semantic('1X+10'(9)),gen_status(ok),gen_tokens([nine,teen]),repaired_tokens([nine,teen]),parser_tokens([nine,teen]),repair_status(not_repaired),parse_status(parse_fail),parsed_sem(none))
2026-03-18T01:57:02 | parse_session | parse_case(semantic('1X+20'(1)),gen_status(ok),gen_tokens([twenty,one]),repaired_tokens([twenty,one]),parser_tokens([twenty_,one]),repair_status(not_repaired),parse_status(ok),parsed_sem('1X+20'(1)))
2026-03-18T01:57:02 | parse_session | parse_case(semantic('1X+20'(2)),gen_status(ok),gen_tokens([twenty,two]),repaired_tokens([twenty,two]),parser_tokens([twenty_,two]),repair_status(not_repaired),parse_status(ok),parsed_sem('1X+20'(2)))
2026-03-18T01:57:02 | parse_session | parse_case(semantic('1X+20'(3)),gen_status(ok),gen_tokens([twenty,three]),repaired_tokens([twenty,three]),parser_tokens([twenty_,three]),repair_status(not_repaired),parse_status(ok),parsed_sem('1X+20'(3)))
2026-03-18T01:57:02 | parse_session | parse_case(semantic('1X+20'(4)),gen_status(ok),gen_tokens([twenty]),repaired_tokens([twenty,four]),parser_tokens([twenty_,four]),repair_status(repaired),parse_status(ok),parsed_sem('1X+20'(4)))
2026-03-18T01:57:02 | parse_session | parse_case(semantic('1X+20'(5)),gen_status(ok),gen_tokens([twenty,five]),repaired_tokens([twenty,five]),parser_tokens([twenty_,five]),repair_status(not_repaired),parse_status(ok),parsed_sem('1X+20'(5)))
2026-03-18T01:57:02 | parse_session | parse_case(semantic('1X+20'(6)),gen_status(ok),gen_tokens([twenty]),repaired_tokens([twenty,six]),parser_tokens([twenty_,six]),repair_status(repaired),parse_status(ok),parsed_sem('1X+20'(6)))
2026-03-18T01:57:02 | parse_session | parse_case(semantic('1X+20'(7)),gen_status(ok),gen_tokens([twenty]),repaired_tokens([twenty,seven]),parser_tokens([twenty_,seven]),repair_status(repaired),parse_status(ok),parsed_sem('1X+20'(7)))
2026-03-18T01:57:02 | parse_session | parse_case(semantic('1X+20'(8)),gen_status(ok),gen_tokens([twenty]),repaired_tokens([twenty,eight]),parser_tokens([twenty_,eight]),repair_status(repaired),parse_status(ok),parsed_sem('1X+20'(8)))
2026-03-18T01:57:02 | parse_session | parse_case(semantic('1X+20'(9)),gen_status(ok),gen_tokens([twenty]),repaired_tokens([twenty,nine]),parser_tokens([twenty_,nine]),repair_status(repaired),parse_status(ok),parsed_sem('1X+20'(9)))
2026-03-18T01:57:02 | parse_session | parse_case(semantic('1X+30'(1)),gen_status(ok),gen_tokens([thirty,one]),repaired_tokens([thirty,one]),parser_tokens([thirty_,one]),repair_status(not_repaired),parse_status(ok),parsed_sem('1X+30'(1)))
2026-03-18T01:57:02 | parse_session | parse_case(semantic('1X+30'(2)),gen_status(ok),gen_tokens([thirty,two]),repaired_tokens([thirty,two]),parser_tokens([thirty_,two]),repair_status(not_repaired),parse_status(ok),parsed_sem('1X+30'(2)))
2026-03-18T01:57:02 | parse_session | parse_case(semantic('1X+30'(3)),gen_status(ok),gen_tokens([thirty,three]),repaired_tokens([thirty,three]),parser_tokens([thirty_,three]),repair_status(not_repaired),parse_status(ok),parsed_sem('1X+30'(3)))
2026-03-18T01:57:02 | parse_session | parse_case(semantic('1X+30'(4)),gen_status(ok),gen_tokens([thirty]),repaired_tokens([thirty,four]),parser_tokens([thirty_,four]),repair_status(repaired),parse_status(ok),parsed_sem('1X+30'(4)))
2026-03-18T01:57:02 | parse_session | parse_case(semantic('1X+30'(5)),gen_status(ok),gen_tokens([thirty,five]),repaired_tokens([thirty,five]),parser_tokens([thirty_,five]),repair_status(not_repaired),parse_status(ok),parsed_sem('1X+30'(5)))
2026-03-18T01:57:02 | parse_session | parse_case(semantic('1X+30'(6)),gen_status(ok),gen_tokens([thirty]),repaired_tokens([thirty,six]),parser_tokens([thirty_,six]),repair_status(repaired),parse_status(ok),parsed_sem('1X+30'(6)))
2026-03-18T01:57:02 | parse_session | parse_case(semantic('1X+30'(7)),gen_status(ok),gen_tokens([thirty]),repaired_tokens([thirty,seven]),parser_tokens([thirty_,seven]),repair_status(repaired),parse_status(ok),parsed_sem('1X+30'(7)))
2026-03-18T01:57:02 | parse_session | parse_case(semantic('1X+30'(8)),gen_status(ok),gen_tokens([thirty]),repaired_tokens([thirty,eight]),parser_tokens([thirty_,eight]),repair_status(repaired),parse_status(ok),parsed_sem('1X+30'(8)))
2026-03-18T01:57:02 | parse_session | parse_case(semantic('1X+30'(9)),gen_status(ok),gen_tokens([thirty]),repaired_tokens([thirty,nine]),parser_tokens([thirty_,nine]),repair_status(repaired),parse_status(ok),parsed_sem('1X+30'(9)))
2026-03-18T01:57:02 | parse_session | parse_case(semantic('1X+50'(1)),gen_status(ok),gen_tokens([fifty,one]),repaired_tokens([fifty,one]),parser_tokens([fifty_,one]),repair_status(not_repaired),parse_status(ok),parsed_sem('1X+50'(1)))
2026-03-18T01:57:02 | parse_session | parse_case(semantic('1X+50'(2)),gen_status(ok),gen_tokens([fifty,two]),repaired_tokens([fifty,two]),parser_tokens([fifty_,two]),repair_status(not_repaired),parse_status(ok),parsed_sem('1X+50'(2)))
2026-03-18T01:57:02 | parse_session | parse_case(semantic('1X+50'(3)),gen_status(ok),gen_tokens([fifty,three]),repaired_tokens([fifty,three]),parser_tokens([fifty_,three]),repair_status(not_repaired),parse_status(ok),parsed_sem('1X+50'(3)))
2026-03-18T01:57:02 | parse_session | parse_case(semantic('1X+50'(4)),gen_status(ok),gen_tokens([fifty]),repaired_tokens([fifty,four]),parser_tokens([fifty_,four]),repair_status(repaired),parse_status(ok),parsed_sem('1X+50'(4)))
2026-03-18T01:57:02 | parse_session | parse_case(semantic('1X+50'(5)),gen_status(ok),gen_tokens([fifty,five]),repaired_tokens([fifty,five]),parser_tokens([fifty_,five]),repair_status(not_repaired),parse_status(ok),parsed_sem('1X+50'(5)))
2026-03-18T01:57:02 | parse_session | parse_case(semantic('1X+50'(6)),gen_status(ok),gen_tokens([fifty]),repaired_tokens([fifty,six]),parser_tokens([fifty_,six]),repair_status(repaired),parse_status(ok),parsed_sem('1X+50'(6)))
2026-03-18T01:57:02 | parse_session | parse_case(semantic('1X+50'(7)),gen_status(ok),gen_tokens([fifty]),repaired_tokens([fifty,seven]),parser_tokens([fifty_,seven]),repair_status(repaired),parse_status(ok),parsed_sem('1X+50'(7)))
2026-03-18T01:57:02 | parse_session | parse_case(semantic('1X+50'(8)),gen_status(ok),gen_tokens([fifty]),repaired_tokens([fifty,eight]),parser_tokens([fifty_,eight]),repair_status(repaired),parse_status(ok),parsed_sem('1X+50'(8)))
2026-03-18T01:57:02 | parse_session | parse_case(semantic('1X+50'(9)),gen_status(ok),gen_tokens([fifty]),repaired_tokens([fifty,nine]),parser_tokens([fifty_,nine]),repair_status(repaired),parse_status(ok),parsed_sem('1X+50'(9)))
2026-03-18T01:57:02 | parse_session | parse_case(semantic('1X+40'(4)),gen_status(gen_empty_yield),gen_tokens([]),repaired_tokens([]),parser_tokens([]),repair_status(not_repaired),parse_status(parse_skipped_empty_tokens),parsed_sem(none))
2026-03-18T01:57:02 | parse_session | parse_case(semantic('1X+60'(4)),gen_status(gen_empty_yield),gen_tokens([]),repaired_tokens([]),parser_tokens([]),repair_status(not_repaired),parse_status(parse_skipped_empty_tokens),parsed_sem(none))
2026-03-18T01:57:02 | parse_session | parse_case(semantic('1X+70'(4)),gen_status(gen_empty_yield),gen_tokens([]),repaired_tokens([]),parser_tokens([]),repair_status(not_repaired),parse_status(parse_skipped_empty_tokens),parsed_sem(none))
2026-03-18T01:57:02 | parse_session | parse_case(semantic('1X+80'(4)),gen_status(gen_empty_yield),gen_tokens([]),repaired_tokens([]),parser_tokens([]),repair_status(not_repaired),parse_status(parse_skipped_empty_tokens),parsed_sem(none))
2026-03-18T01:57:02 | parse_session | parse_case(semantic('1X+90'(4)),gen_status(gen_empty_yield),gen_tokens([]),repaired_tokens([]),parser_tokens([]),repair_status(not_repaired),parse_status(parse_skipped_empty_tokens),parsed_sem(none))
2026-03-18T01:57:02 | system | parse_run_end
2026-03-18T02:44:41 | system | reverse_parse_run_start
2026-03-18T02:44:41 | configuration | reverse_parse_run(token_cases_file('../cases/token_cases.pl'),reverse_parse_out_file('../generated/reverse_parse_out.pl'),repair_enabled(true),smoothing_enabled(true),smoothing_style(underscore))
2026-03-18T02:44:41 | reverse_parse_session | reverse_parse_case(tokens([one]),parse_status(ok),parsed_sem(1),parse_tree([li([one],[cfin])]))
2026-03-18T02:44:41 | reverse_parse_session | reverse_parse_case(tokens([two]),parse_status(ok),parsed_sem(2),parse_tree([li([two],[cfin])]))
2026-03-18T02:44:41 | reverse_parse_session | reverse_parse_case(tokens([three]),parse_status(ok),parsed_sem(3),parse_tree([li([three],[cfin])]))
2026-03-18T02:44:41 | reverse_parse_session | reverse_parse_case(tokens([four]),parse_status(ok),parsed_sem(4),parse_tree([li([four],[cfin])]))
2026-03-18T02:44:41 | reverse_parse_session | reverse_parse_case(tokens([five]),parse_status(ok),parsed_sem(5),parse_tree([li([five],[cfin])]))
2026-03-18T02:44:41 | reverse_parse_session | reverse_parse_case(tokens([six]),parse_status(ok),parsed_sem(6),parse_tree([li([six],[cfin])]))
2026-03-18T02:44:41 | reverse_parse_session | reverse_parse_case(tokens([seven]),parse_status(ok),parsed_sem(7),parse_tree([li([seven],[cfin])]))
2026-03-18T02:44:41 | reverse_parse_session | reverse_parse_case(tokens([eight]),parse_status(ok),parsed_sem(8),parse_tree([li([eight],[cfin])]))
2026-03-18T02:44:41 | reverse_parse_session | reverse_parse_case(tokens([nine]),parse_status(ok),parsed_sem(9),parse_tree([li([nine],[cfin])]))
2026-03-18T02:44:41 | reverse_parse_session | reverse_parse_case(tokens([ten]),parse_status(ok),parsed_sem(10),parse_tree([li([ten],[cfin])]))
2026-03-18T02:44:41 | reverse_parse_session | reverse_parse_case(tokens([eleven]),parse_status(ok),parsed_sem(11),parse_tree([li([eleven],[cfin])]))
2026-03-18T02:44:41 | reverse_parse_session | reverse_parse_case(tokens([twelve]),parse_status(ok),parsed_sem(12),parse_tree([li([twelve],[cfin])]))
2026-03-18T02:44:41 | reverse_parse_session | reverse_parse_case(tokens([thirteen]),parse_status(ok),parsed_sem(13),parse_tree([li([thirteen],[cfin])]))
2026-03-18T02:44:41 | reverse_parse_session | reverse_parse_case(tokens([fifteen]),parse_status(ok),parsed_sem(15),parse_tree([li([fifteen],[cfin])]))
2026-03-18T02:44:41 | reverse_parse_session | reverse_parse_case(tokens([four,teen]),parse_status(ok),parsed_sem('1X+10'(4)),parse_tree([tree(_106086,empty,tree(_105728,li([teen],[=c1,+a,cfin]),li([four],[c1,-a])))]))
2026-03-18T02:44:41 | reverse_parse_session | reverse_parse_case(tokens([eight,een]),parse_status(ok),parsed_sem('0X+18'(8)),parse_tree([tree(_106086,empty,tree(_105728,li([een],[=c1,+b,cfin]),li([eight],[c1,-b])))]))
2026-03-18T02:44:41 | reverse_parse_session | reverse_parse_case(tokens([twenty]),parse_status(ok),parsed_sem(20),parse_tree([li([twenty],[cfin])]))
2026-03-18T02:44:41 | reverse_parse_session | reverse_parse_case(tokens([thirty]),parse_status(ok),parsed_sem(30),parse_tree([li([thirty],[cfin])]))
2026-03-18T02:44:41 | reverse_parse_session | reverse_parse_case(tokens([fifty]),parse_status(ok),parsed_sem(50),parse_tree([li([fifty],[cfin])]))
2026-03-18T02:44:41 | reverse_parse_session | reverse_parse_case(tokens([twenty_,one]),parse_status(ok),parsed_sem('1X+20'(1)),parse_tree([tree(_105660,li([twenty_],[=c1,cfin]),li([one],[c1]))]))
2026-03-18T02:44:41 | reverse_parse_session | reverse_parse_case(tokens([twenty_,two]),parse_status(ok),parsed_sem('1X+20'(2)),parse_tree([tree(_105660,li([twenty_],[=c1,cfin]),li([two],[c1]))]))
2026-03-18T02:44:41 | reverse_parse_session | reverse_parse_case(tokens([twenty_,three]),parse_status(ok),parsed_sem('1X+20'(3)),parse_tree([tree(_105660,li([twenty_],[=c1,cfin]),li([three],[c1]))]))
2026-03-18T02:44:41 | reverse_parse_session | reverse_parse_case(tokens([twenty_,four]),parse_status(ok),parsed_sem('1X+20'(4)),parse_tree([tree(_105660,li([twenty_],[=c1,cfin]),li([four],[c1]))]))
2026-03-18T02:44:41 | reverse_parse_session | reverse_parse_case(tokens([twenty_,five]),parse_status(ok),parsed_sem('1X+20'(5)),parse_tree([tree(_105660,li([twenty_],[=c1,cfin]),li([five],[c1]))]))
2026-03-18T02:44:41 | reverse_parse_session | reverse_parse_case(tokens([twenty_,six]),parse_status(ok),parsed_sem('1X+20'(6)),parse_tree([tree(_105660,li([twenty_],[=c1,cfin]),li([six],[c1]))]))
2026-03-18T02:44:41 | reverse_parse_session | reverse_parse_case(tokens([twenty_,seven]),parse_status(ok),parsed_sem('1X+20'(7)),parse_tree([tree(_105660,li([twenty_],[=c1,cfin]),li([seven],[c1]))]))
2026-03-18T02:44:41 | reverse_parse_session | reverse_parse_case(tokens([twenty_,eight]),parse_status(ok),parsed_sem('1X+20'(8)),parse_tree([tree(_105660,li([twenty_],[=c1,cfin]),li([eight],[c1]))]))
2026-03-18T02:44:41 | reverse_parse_session | reverse_parse_case(tokens([twenty_,nine]),parse_status(ok),parsed_sem('1X+20'(9)),parse_tree([tree(_105660,li([twenty_],[=c1,cfin]),li([nine],[c1]))]))
2026-03-18T02:44:41 | reverse_parse_session | reverse_parse_case(tokens([thirty_,one]),parse_status(ok),parsed_sem('1X+30'(1)),parse_tree([tree(_105660,li([thirty_],[=c1,cfin]),li([one],[c1]))]))
2026-03-18T02:44:41 | reverse_parse_session | reverse_parse_case(tokens([thirty_,two]),parse_status(ok),parsed_sem('1X+30'(2)),parse_tree([tree(_105660,li([thirty_],[=c1,cfin]),li([two],[c1]))]))
2026-03-18T02:44:41 | reverse_parse_session | reverse_parse_case(tokens([thirty_,three]),parse_status(ok),parsed_sem('1X+30'(3)),parse_tree([tree(_105660,li([thirty_],[=c1,cfin]),li([three],[c1]))]))
2026-03-18T02:44:41 | reverse_parse_session | reverse_parse_case(tokens([thirty_,four]),parse_status(ok),parsed_sem('1X+30'(4)),parse_tree([tree(_105660,li([thirty_],[=c1,cfin]),li([four],[c1]))]))
2026-03-18T02:44:41 | reverse_parse_session | reverse_parse_case(tokens([thirty_,five]),parse_status(ok),parsed_sem('1X+30'(5)),parse_tree([tree(_105660,li([thirty_],[=c1,cfin]),li([five],[c1]))]))
2026-03-18T02:44:41 | reverse_parse_session | reverse_parse_case(tokens([thirty_,six]),parse_status(ok),parsed_sem('1X+30'(6)),parse_tree([tree(_105660,li([thirty_],[=c1,cfin]),li([six],[c1]))]))
2026-03-18T02:44:41 | reverse_parse_session | reverse_parse_case(tokens([thirty_,seven]),parse_status(ok),parsed_sem('1X+30'(7)),parse_tree([tree(_105660,li([thirty_],[=c1,cfin]),li([seven],[c1]))]))
2026-03-18T02:44:41 | reverse_parse_session | reverse_parse_case(tokens([thirty_,eight]),parse_status(ok),parsed_sem('1X+30'(8)),parse_tree([tree(_105660,li([thirty_],[=c1,cfin]),li([eight],[c1]))]))
2026-03-18T02:44:41 | reverse_parse_session | reverse_parse_case(tokens([thirty_,nine]),parse_status(ok),parsed_sem('1X+30'(9)),parse_tree([tree(_105660,li([thirty_],[=c1,cfin]),li([nine],[c1]))]))
2026-03-18T02:44:41 | reverse_parse_session | reverse_parse_case(tokens([fifty_,one]),parse_status(ok),parsed_sem('1X+50'(1)),parse_tree([tree(_105660,li([fifty_],[=c1,cfin]),li([one],[c1]))]))
2026-03-18T02:44:41 | reverse_parse_session | reverse_parse_case(tokens([fifty_,two]),parse_status(ok),parsed_sem('1X+50'(2)),parse_tree([tree(_105660,li([fifty_],[=c1,cfin]),li([two],[c1]))]))
2026-03-18T02:44:41 | reverse_parse_session | reverse_parse_case(tokens([fifty_,three]),parse_status(ok),parsed_sem('1X+50'(3)),parse_tree([tree(_105660,li([fifty_],[=c1,cfin]),li([three],[c1]))]))
2026-03-18T02:44:42 | reverse_parse_session | reverse_parse_case(tokens([fifty_,four]),parse_status(ok),parsed_sem('1X+50'(4)),parse_tree([tree(_105660,li([fifty_],[=c1,cfin]),li([four],[c1]))]))
2026-03-18T02:44:42 | reverse_parse_session | reverse_parse_case(tokens([fifty_,five]),parse_status(ok),parsed_sem('1X+50'(5)),parse_tree([tree(_105660,li([fifty_],[=c1,cfin]),li([five],[c1]))]))
2026-03-18T02:44:42 | reverse_parse_session | reverse_parse_case(tokens([fifty_,six]),parse_status(ok),parsed_sem('1X+50'(6)),parse_tree([tree(_105660,li([fifty_],[=c1,cfin]),li([six],[c1]))]))
2026-03-18T02:44:42 | reverse_parse_session | reverse_parse_case(tokens([fifty_,seven]),parse_status(ok),parsed_sem('1X+50'(7)),parse_tree([tree(_105660,li([fifty_],[=c1,cfin]),li([seven],[c1]))]))
2026-03-18T02:44:42 | reverse_parse_session | reverse_parse_case(tokens([fifty_,eight]),parse_status(ok),parsed_sem('1X+50'(8)),parse_tree([tree(_105660,li([fifty_],[=c1,cfin]),li([eight],[c1]))]))
2026-03-18T02:44:42 | reverse_parse_session | reverse_parse_case(tokens([fifty_,nine]),parse_status(ok),parsed_sem('1X+50'(9)),parse_tree([tree(_105660,li([fifty_],[=c1,cfin]),li([nine],[c1]))]))
2026-03-18T02:44:42 | system | reverse_parse_run_end
2026-03-18T02:49:11 | system | reverse_gen_run_start
2026-03-18T02:49:11 | configuration | reverse_gen_run(reverse_parse_out_file('../generated/reverse_parse_out.pl'),reverse_out_file('../generated/reverse_out.pl'),repair_enabled(true),smoothing_enabled(true),smoothing_style(underscore))
2026-03-18T02:49:11 | reverse_gen_session | reverse_case(input_tokens([one]),parse_status(ok),parsed_sem(1),gen_status(ok),raw_gen_tokens([one]),normalized_gen_tokens([one]),sentence(one))
2026-03-18T02:49:11 | reverse_gen_session | reverse_case(input_tokens([two]),parse_status(ok),parsed_sem(2),gen_status(ok),raw_gen_tokens([two]),normalized_gen_tokens([two]),sentence(two))
2026-03-18T02:49:11 | reverse_gen_session | reverse_case(input_tokens([three]),parse_status(ok),parsed_sem(3),gen_status(ok),raw_gen_tokens([three]),normalized_gen_tokens([three]),sentence(three))
2026-03-18T02:49:11 | reverse_gen_session | reverse_case(input_tokens([four]),parse_status(ok),parsed_sem(4),gen_status(ok),raw_gen_tokens([four]),normalized_gen_tokens([four]),sentence(four))
2026-03-18T02:49:11 | reverse_gen_session | reverse_case(input_tokens([five]),parse_status(ok),parsed_sem(5),gen_status(ok),raw_gen_tokens([five]),normalized_gen_tokens([five]),sentence(five))
2026-03-18T02:49:11 | reverse_gen_session | reverse_case(input_tokens([six]),parse_status(ok),parsed_sem(6),gen_status(ok),raw_gen_tokens([six]),normalized_gen_tokens([six]),sentence(six))
2026-03-18T02:49:11 | reverse_gen_session | reverse_case(input_tokens([seven]),parse_status(ok),parsed_sem(7),gen_status(ok),raw_gen_tokens([seven]),normalized_gen_tokens([seven]),sentence(seven))
2026-03-18T02:49:11 | reverse_gen_session | reverse_case(input_tokens([eight]),parse_status(ok),parsed_sem(8),gen_status(ok),raw_gen_tokens([eight]),normalized_gen_tokens([eight]),sentence(eight))
2026-03-18T02:49:11 | reverse_gen_session | reverse_case(input_tokens([nine]),parse_status(ok),parsed_sem(9),gen_status(ok),raw_gen_tokens([nine]),normalized_gen_tokens([nine]),sentence(nine))
2026-03-18T02:49:11 | reverse_gen_session | reverse_case(input_tokens([ten]),parse_status(ok),parsed_sem(10),gen_status(ok),raw_gen_tokens([ten]),normalized_gen_tokens([ten]),sentence(ten))
2026-03-18T02:49:11 | reverse_gen_session | reverse_case(input_tokens([eleven]),parse_status(ok),parsed_sem(11),gen_status(ok),raw_gen_tokens([eleven]),normalized_gen_tokens([eleven]),sentence(eleven))
2026-03-18T02:49:11 | reverse_gen_session | reverse_case(input_tokens([twelve]),parse_status(ok),parsed_sem(12),gen_status(ok),raw_gen_tokens([twelve]),normalized_gen_tokens([twelve]),sentence(twelve))
2026-03-18T02:49:11 | reverse_gen_session | reverse_case(input_tokens([thirteen]),parse_status(ok),parsed_sem(13),gen_status(ok),raw_gen_tokens([thirteen]),normalized_gen_tokens([thirteen]),sentence(thirteen))
2026-03-18T02:49:11 | reverse_gen_session | reverse_case(input_tokens([fifteen]),parse_status(ok),parsed_sem(15),gen_status(ok),raw_gen_tokens([fifteen]),normalized_gen_tokens([fifteen]),sentence(fifteen))
2026-03-18T02:49:11 | reverse_gen_session | reverse_case(input_tokens([four,teen]),parse_status(ok),parsed_sem('1X+10'(4)),gen_status(ok),raw_gen_tokens([four,teen]),normalized_gen_tokens([four,teen]),sentence(fourteen))
2026-03-18T02:49:11 | reverse_gen_session | reverse_case(input_tokens([eight,een]),parse_status(ok),parsed_sem('0X+18'(8)),gen_status(ok),raw_gen_tokens([eight,een]),normalized_gen_tokens([eight,een]),sentence(eighteen))
2026-03-18T02:49:11 | reverse_gen_session | reverse_case(input_tokens([twenty]),parse_status(ok),parsed_sem(20),gen_status(ok),raw_gen_tokens([twenty]),normalized_gen_tokens([twenty]),sentence(twenty))
2026-03-18T02:49:11 | reverse_gen_session | reverse_case(input_tokens([thirty]),parse_status(ok),parsed_sem(30),gen_status(ok),raw_gen_tokens([thirty]),normalized_gen_tokens([thirty]),sentence(thirty))
2026-03-18T02:49:11 | reverse_gen_session | reverse_case(input_tokens([fifty]),parse_status(ok),parsed_sem(50),gen_status(ok),raw_gen_tokens([fifty]),normalized_gen_tokens([fifty]),sentence(fifty))
2026-03-18T02:49:11 | reverse_gen_session | reverse_case(input_tokens([twenty_,one]),parse_status(ok),parsed_sem('1X+20'(1)),gen_status(ok),raw_gen_tokens([twenty,one]),normalized_gen_tokens([twenty_,one]),sentence(twentyone))
2026-03-18T02:49:11 | reverse_gen_session | reverse_case(input_tokens([twenty_,two]),parse_status(ok),parsed_sem('1X+20'(2)),gen_status(ok),raw_gen_tokens([twenty,two]),normalized_gen_tokens([twenty_,two]),sentence(twentytwo))
2026-03-18T02:49:11 | reverse_gen_session | reverse_case(input_tokens([twenty_,three]),parse_status(ok),parsed_sem('1X+20'(3)),gen_status(ok),raw_gen_tokens([twenty,three]),normalized_gen_tokens([twenty_,three]),sentence(twentythree))
2026-03-18T02:49:11 | reverse_gen_session | reverse_case(input_tokens([twenty_,four]),parse_status(ok),parsed_sem('1X+20'(4)),gen_status(ok),raw_gen_tokens([twenty]),normalized_gen_tokens([twenty]),sentence(twenty))
2026-03-18T02:49:11 | reverse_gen_session | reverse_case(input_tokens([twenty_,five]),parse_status(ok),parsed_sem('1X+20'(5)),gen_status(ok),raw_gen_tokens([twenty,five]),normalized_gen_tokens([twenty_,five]),sentence(twentyfive))
2026-03-18T02:49:11 | reverse_gen_session | reverse_case(input_tokens([twenty_,six]),parse_status(ok),parsed_sem('1X+20'(6)),gen_status(ok),raw_gen_tokens([twenty]),normalized_gen_tokens([twenty]),sentence(twenty))
2026-03-18T02:49:11 | reverse_gen_session | reverse_case(input_tokens([twenty_,seven]),parse_status(ok),parsed_sem('1X+20'(7)),gen_status(ok),raw_gen_tokens([twenty]),normalized_gen_tokens([twenty]),sentence(twenty))
2026-03-18T02:49:11 | reverse_gen_session | reverse_case(input_tokens([twenty_,eight]),parse_status(ok),parsed_sem('1X+20'(8)),gen_status(ok),raw_gen_tokens([twenty]),normalized_gen_tokens([twenty]),sentence(twenty))
2026-03-18T02:49:11 | reverse_gen_session | reverse_case(input_tokens([twenty_,nine]),parse_status(ok),parsed_sem('1X+20'(9)),gen_status(ok),raw_gen_tokens([twenty]),normalized_gen_tokens([twenty]),sentence(twenty))
2026-03-18T02:49:11 | reverse_gen_session | reverse_case(input_tokens([thirty_,one]),parse_status(ok),parsed_sem('1X+30'(1)),gen_status(ok),raw_gen_tokens([thirty,one]),normalized_gen_tokens([thirty_,one]),sentence(thirtyone))
2026-03-18T02:49:11 | reverse_gen_session | reverse_case(input_tokens([thirty_,two]),parse_status(ok),parsed_sem('1X+30'(2)),gen_status(ok),raw_gen_tokens([thirty,two]),normalized_gen_tokens([thirty_,two]),sentence(thirtytwo))
2026-03-18T02:49:11 | reverse_gen_session | reverse_case(input_tokens([thirty_,three]),parse_status(ok),parsed_sem('1X+30'(3)),gen_status(ok),raw_gen_tokens([thirty,three]),normalized_gen_tokens([thirty_,three]),sentence(thirtythree))
2026-03-18T02:49:11 | reverse_gen_session | reverse_case(input_tokens([thirty_,four]),parse_status(ok),parsed_sem('1X+30'(4)),gen_status(ok),raw_gen_tokens([thirty]),normalized_gen_tokens([thirty]),sentence(thirty))
2026-03-18T02:49:11 | reverse_gen_session | reverse_case(input_tokens([thirty_,five]),parse_status(ok),parsed_sem('1X+30'(5)),gen_status(ok),raw_gen_tokens([thirty,five]),normalized_gen_tokens([thirty_,five]),sentence(thirtyfive))
2026-03-18T02:49:11 | reverse_gen_session | reverse_case(input_tokens([thirty_,six]),parse_status(ok),parsed_sem('1X+30'(6)),gen_status(ok),raw_gen_tokens([thirty]),normalized_gen_tokens([thirty]),sentence(thirty))
2026-03-18T02:49:11 | reverse_gen_session | reverse_case(input_tokens([thirty_,seven]),parse_status(ok),parsed_sem('1X+30'(7)),gen_status(ok),raw_gen_tokens([thirty]),normalized_gen_tokens([thirty]),sentence(thirty))
2026-03-18T02:49:11 | reverse_gen_session | reverse_case(input_tokens([thirty_,eight]),parse_status(ok),parsed_sem('1X+30'(8)),gen_status(ok),raw_gen_tokens([thirty]),normalized_gen_tokens([thirty]),sentence(thirty))
2026-03-18T02:49:11 | reverse_gen_session | reverse_case(input_tokens([thirty_,nine]),parse_status(ok),parsed_sem('1X+30'(9)),gen_status(ok),raw_gen_tokens([thirty]),normalized_gen_tokens([thirty]),sentence(thirty))
2026-03-18T02:49:11 | reverse_gen_session | reverse_case(input_tokens([fifty_,one]),parse_status(ok),parsed_sem('1X+50'(1)),gen_status(ok),raw_gen_tokens([fifty,one]),normalized_gen_tokens([fifty_,one]),sentence(fiftyone))
2026-03-18T02:49:11 | reverse_gen_session | reverse_case(input_tokens([fifty_,two]),parse_status(ok),parsed_sem('1X+50'(2)),gen_status(ok),raw_gen_tokens([fifty,two]),normalized_gen_tokens([fifty_,two]),sentence(fiftytwo))
2026-03-18T02:49:11 | reverse_gen_session | reverse_case(input_tokens([fifty_,three]),parse_status(ok),parsed_sem('1X+50'(3)),gen_status(ok),raw_gen_tokens([fifty,three]),normalized_gen_tokens([fifty_,three]),sentence(fiftythree))
2026-03-18T02:49:11 | reverse_gen_session | reverse_case(input_tokens([fifty_,four]),parse_status(ok),parsed_sem('1X+50'(4)),gen_status(ok),raw_gen_tokens([fifty]),normalized_gen_tokens([fifty]),sentence(fifty))
2026-03-18T02:49:11 | reverse_gen_session | reverse_case(input_tokens([fifty_,five]),parse_status(ok),parsed_sem('1X+50'(5)),gen_status(ok),raw_gen_tokens([fifty,five]),normalized_gen_tokens([fifty_,five]),sentence(fiftyfive))
2026-03-18T02:49:11 | reverse_gen_session | reverse_case(input_tokens([fifty_,six]),parse_status(ok),parsed_sem('1X+50'(6)),gen_status(ok),raw_gen_tokens([fifty]),normalized_gen_tokens([fifty]),sentence(fifty))
2026-03-18T02:49:11 | reverse_gen_session | reverse_case(input_tokens([fifty_,seven]),parse_status(ok),parsed_sem('1X+50'(7)),gen_status(ok),raw_gen_tokens([fifty]),normalized_gen_tokens([fifty]),sentence(fifty))
2026-03-18T02:49:11 | reverse_gen_session | reverse_case(input_tokens([fifty_,eight]),parse_status(ok),parsed_sem('1X+50'(8)),gen_status(ok),raw_gen_tokens([fifty]),normalized_gen_tokens([fifty]),sentence(fifty))
2026-03-18T02:49:11 | reverse_gen_session | reverse_case(input_tokens([fifty_,nine]),parse_status(ok),parsed_sem('1X+50'(9)),gen_status(ok),raw_gen_tokens([fifty]),normalized_gen_tokens([fifty]),sentence(fifty))
2026-03-18T02:49:11 | system | reverse_gen_run_end
2026-03-18T02:49:26 | system | reverse_gen_run_start
2026-03-18T02:49:26 | configuration | reverse_gen_run(reverse_parse_out_file('../generated/reverse_parse_out.pl'),reverse_out_file('../generated/reverse_out.pl'),repair_enabled(true),smoothing_enabled(true),smoothing_style(underscore))
2026-03-18T02:49:26 | reverse_gen_session | reverse_case(input_tokens([one]),parse_status(ok),parsed_sem(1),gen_status(ok),raw_gen_tokens([one]),normalized_gen_tokens([one]),sentence(one))
2026-03-18T02:49:26 | reverse_gen_session | reverse_case(input_tokens([two]),parse_status(ok),parsed_sem(2),gen_status(ok),raw_gen_tokens([two]),normalized_gen_tokens([two]),sentence(two))
2026-03-18T02:49:26 | reverse_gen_session | reverse_case(input_tokens([three]),parse_status(ok),parsed_sem(3),gen_status(ok),raw_gen_tokens([three]),normalized_gen_tokens([three]),sentence(three))
2026-03-18T02:49:26 | reverse_gen_session | reverse_case(input_tokens([four]),parse_status(ok),parsed_sem(4),gen_status(ok),raw_gen_tokens([four]),normalized_gen_tokens([four]),sentence(four))
2026-03-18T02:49:26 | reverse_gen_session | reverse_case(input_tokens([five]),parse_status(ok),parsed_sem(5),gen_status(ok),raw_gen_tokens([five]),normalized_gen_tokens([five]),sentence(five))
2026-03-18T02:49:26 | reverse_gen_session | reverse_case(input_tokens([six]),parse_status(ok),parsed_sem(6),gen_status(ok),raw_gen_tokens([six]),normalized_gen_tokens([six]),sentence(six))
2026-03-18T02:49:26 | reverse_gen_session | reverse_case(input_tokens([seven]),parse_status(ok),parsed_sem(7),gen_status(ok),raw_gen_tokens([seven]),normalized_gen_tokens([seven]),sentence(seven))
2026-03-18T02:49:26 | reverse_gen_session | reverse_case(input_tokens([eight]),parse_status(ok),parsed_sem(8),gen_status(ok),raw_gen_tokens([eight]),normalized_gen_tokens([eight]),sentence(eight))
2026-03-18T02:49:26 | reverse_gen_session | reverse_case(input_tokens([nine]),parse_status(ok),parsed_sem(9),gen_status(ok),raw_gen_tokens([nine]),normalized_gen_tokens([nine]),sentence(nine))
2026-03-18T02:49:26 | reverse_gen_session | reverse_case(input_tokens([ten]),parse_status(ok),parsed_sem(10),gen_status(ok),raw_gen_tokens([ten]),normalized_gen_tokens([ten]),sentence(ten))
2026-03-18T02:49:26 | reverse_gen_session | reverse_case(input_tokens([eleven]),parse_status(ok),parsed_sem(11),gen_status(ok),raw_gen_tokens([eleven]),normalized_gen_tokens([eleven]),sentence(eleven))
2026-03-18T02:49:26 | reverse_gen_session | reverse_case(input_tokens([twelve]),parse_status(ok),parsed_sem(12),gen_status(ok),raw_gen_tokens([twelve]),normalized_gen_tokens([twelve]),sentence(twelve))
2026-03-18T02:49:26 | reverse_gen_session | reverse_case(input_tokens([thirteen]),parse_status(ok),parsed_sem(13),gen_status(ok),raw_gen_tokens([thirteen]),normalized_gen_tokens([thirteen]),sentence(thirteen))
2026-03-18T02:49:26 | reverse_gen_session | reverse_case(input_tokens([fifteen]),parse_status(ok),parsed_sem(15),gen_status(ok),raw_gen_tokens([fifteen]),normalized_gen_tokens([fifteen]),sentence(fifteen))
2026-03-18T02:49:26 | reverse_gen_session | reverse_case(input_tokens([four,teen]),parse_status(ok),parsed_sem('1X+10'(4)),gen_status(ok),raw_gen_tokens([four,teen]),normalized_gen_tokens([four,teen]),sentence(fourteen))
2026-03-18T02:49:26 | reverse_gen_session | reverse_case(input_tokens([eight,een]),parse_status(ok),parsed_sem('0X+18'(8)),gen_status(ok),raw_gen_tokens([eight,een]),normalized_gen_tokens([eight,een]),sentence(eighteen))
2026-03-18T02:49:26 | reverse_gen_session | reverse_case(input_tokens([twenty]),parse_status(ok),parsed_sem(20),gen_status(ok),raw_gen_tokens([twenty]),normalized_gen_tokens([twenty]),sentence(twenty))
2026-03-18T02:49:26 | reverse_gen_session | reverse_case(input_tokens([thirty]),parse_status(ok),parsed_sem(30),gen_status(ok),raw_gen_tokens([thirty]),normalized_gen_tokens([thirty]),sentence(thirty))
2026-03-18T02:49:26 | reverse_gen_session | reverse_case(input_tokens([fifty]),parse_status(ok),parsed_sem(50),gen_status(ok),raw_gen_tokens([fifty]),normalized_gen_tokens([fifty]),sentence(fifty))
2026-03-18T02:49:26 | reverse_gen_session | reverse_case(input_tokens([twenty_,one]),parse_status(ok),parsed_sem('1X+20'(1)),gen_status(ok),raw_gen_tokens([twenty,one]),normalized_gen_tokens([twenty_,one]),sentence(twentyone))
2026-03-18T02:49:26 | reverse_gen_session | reverse_case(input_tokens([twenty_,two]),parse_status(ok),parsed_sem('1X+20'(2)),gen_status(ok),raw_gen_tokens([twenty,two]),normalized_gen_tokens([twenty_,two]),sentence(twentytwo))
2026-03-18T02:49:26 | reverse_gen_session | reverse_case(input_tokens([twenty_,three]),parse_status(ok),parsed_sem('1X+20'(3)),gen_status(ok),raw_gen_tokens([twenty,three]),normalized_gen_tokens([twenty_,three]),sentence(twentythree))
2026-03-18T02:49:26 | reverse_gen_session | reverse_case(input_tokens([twenty_,four]),parse_status(ok),parsed_sem('1X+20'(4)),gen_status(ok),raw_gen_tokens([twenty]),normalized_gen_tokens([twenty]),sentence(twenty))
2026-03-18T02:49:26 | reverse_gen_session | reverse_case(input_tokens([twenty_,five]),parse_status(ok),parsed_sem('1X+20'(5)),gen_status(ok),raw_gen_tokens([twenty,five]),normalized_gen_tokens([twenty_,five]),sentence(twentyfive))
2026-03-18T02:49:26 | reverse_gen_session | reverse_case(input_tokens([twenty_,six]),parse_status(ok),parsed_sem('1X+20'(6)),gen_status(ok),raw_gen_tokens([twenty]),normalized_gen_tokens([twenty]),sentence(twenty))
2026-03-18T02:49:26 | reverse_gen_session | reverse_case(input_tokens([twenty_,seven]),parse_status(ok),parsed_sem('1X+20'(7)),gen_status(ok),raw_gen_tokens([twenty]),normalized_gen_tokens([twenty]),sentence(twenty))
2026-03-18T02:49:26 | reverse_gen_session | reverse_case(input_tokens([twenty_,eight]),parse_status(ok),parsed_sem('1X+20'(8)),gen_status(ok),raw_gen_tokens([twenty]),normalized_gen_tokens([twenty]),sentence(twenty))
2026-03-18T02:49:26 | reverse_gen_session | reverse_case(input_tokens([twenty_,nine]),parse_status(ok),parsed_sem('1X+20'(9)),gen_status(ok),raw_gen_tokens([twenty]),normalized_gen_tokens([twenty]),sentence(twenty))
2026-03-18T02:49:26 | reverse_gen_session | reverse_case(input_tokens([thirty_,one]),parse_status(ok),parsed_sem('1X+30'(1)),gen_status(ok),raw_gen_tokens([thirty,one]),normalized_gen_tokens([thirty_,one]),sentence(thirtyone))
2026-03-18T02:49:26 | reverse_gen_session | reverse_case(input_tokens([thirty_,two]),parse_status(ok),parsed_sem('1X+30'(2)),gen_status(ok),raw_gen_tokens([thirty,two]),normalized_gen_tokens([thirty_,two]),sentence(thirtytwo))
2026-03-18T02:49:26 | reverse_gen_session | reverse_case(input_tokens([thirty_,three]),parse_status(ok),parsed_sem('1X+30'(3)),gen_status(ok),raw_gen_tokens([thirty,three]),normalized_gen_tokens([thirty_,three]),sentence(thirtythree))
2026-03-18T02:49:26 | reverse_gen_session | reverse_case(input_tokens([thirty_,four]),parse_status(ok),parsed_sem('1X+30'(4)),gen_status(ok),raw_gen_tokens([thirty]),normalized_gen_tokens([thirty]),sentence(thirty))
2026-03-18T02:49:26 | reverse_gen_session | reverse_case(input_tokens([thirty_,five]),parse_status(ok),parsed_sem('1X+30'(5)),gen_status(ok),raw_gen_tokens([thirty,five]),normalized_gen_tokens([thirty_,five]),sentence(thirtyfive))
2026-03-18T02:49:26 | reverse_gen_session | reverse_case(input_tokens([thirty_,six]),parse_status(ok),parsed_sem('1X+30'(6)),gen_status(ok),raw_gen_tokens([thirty]),normalized_gen_tokens([thirty]),sentence(thirty))
2026-03-18T02:49:26 | reverse_gen_session | reverse_case(input_tokens([thirty_,seven]),parse_status(ok),parsed_sem('1X+30'(7)),gen_status(ok),raw_gen_tokens([thirty]),normalized_gen_tokens([thirty]),sentence(thirty))
2026-03-18T02:49:26 | reverse_gen_session | reverse_case(input_tokens([thirty_,eight]),parse_status(ok),parsed_sem('1X+30'(8)),gen_status(ok),raw_gen_tokens([thirty]),normalized_gen_tokens([thirty]),sentence(thirty))
2026-03-18T02:49:26 | reverse_gen_session | reverse_case(input_tokens([thirty_,nine]),parse_status(ok),parsed_sem('1X+30'(9)),gen_status(ok),raw_gen_tokens([thirty]),normalized_gen_tokens([thirty]),sentence(thirty))
2026-03-18T02:49:26 | reverse_gen_session | reverse_case(input_tokens([fifty_,one]),parse_status(ok),parsed_sem('1X+50'(1)),gen_status(ok),raw_gen_tokens([fifty,one]),normalized_gen_tokens([fifty_,one]),sentence(fiftyone))
2026-03-18T02:49:26 | reverse_gen_session | reverse_case(input_tokens([fifty_,two]),parse_status(ok),parsed_sem('1X+50'(2)),gen_status(ok),raw_gen_tokens([fifty,two]),normalized_gen_tokens([fifty_,two]),sentence(fiftytwo))
2026-03-18T02:49:26 | reverse_gen_session | reverse_case(input_tokens([fifty_,three]),parse_status(ok),parsed_sem('1X+50'(3)),gen_status(ok),raw_gen_tokens([fifty,three]),normalized_gen_tokens([fifty_,three]),sentence(fiftythree))
2026-03-18T02:49:26 | reverse_gen_session | reverse_case(input_tokens([fifty_,four]),parse_status(ok),parsed_sem('1X+50'(4)),gen_status(ok),raw_gen_tokens([fifty]),normalized_gen_tokens([fifty]),sentence(fifty))
2026-03-18T02:49:26 | reverse_gen_session | reverse_case(input_tokens([fifty_,five]),parse_status(ok),parsed_sem('1X+50'(5)),gen_status(ok),raw_gen_tokens([fifty,five]),normalized_gen_tokens([fifty_,five]),sentence(fiftyfive))
2026-03-18T02:49:26 | reverse_gen_session | reverse_case(input_tokens([fifty_,six]),parse_status(ok),parsed_sem('1X+50'(6)),gen_status(ok),raw_gen_tokens([fifty]),normalized_gen_tokens([fifty]),sentence(fifty))
2026-03-18T02:49:26 | reverse_gen_session | reverse_case(input_tokens([fifty_,seven]),parse_status(ok),parsed_sem('1X+50'(7)),gen_status(ok),raw_gen_tokens([fifty]),normalized_gen_tokens([fifty]),sentence(fifty))
2026-03-18T02:49:26 | reverse_gen_session | reverse_case(input_tokens([fifty_,eight]),parse_status(ok),parsed_sem('1X+50'(8)),gen_status(ok),raw_gen_tokens([fifty]),normalized_gen_tokens([fifty]),sentence(fifty))
2026-03-18T02:49:26 | reverse_gen_session | reverse_case(input_tokens([fifty_,nine]),parse_status(ok),parsed_sem('1X+50'(9)),gen_status(ok),raw_gen_tokens([fifty]),normalized_gen_tokens([fifty]),sentence(fifty))
2026-03-18T02:49:26 | system | reverse_gen_run_end
2026-03-19T12:45:54 | system | gen_run_start
2026-03-19T12:45:54 | configuration | gen_run(semantic_cases_file('../cases/test_cases.pl'),gen_out_file('../generated/gen_out.pl'),forward_gen_tree_report_file('../generated/forward_gen_tree_report.txt'),repair_enabled(true),smoothing_enabled(true),smoothing_style(underscore))
2026-03-19T12:45:55 | gen_session | gen_case(semantic(1),status(ok),tokens([one]),sentence(one))
2026-03-19T12:45:55 | gen_session | gen_case(semantic(2),status(ok),tokens([two]),sentence(two))
2026-03-19T12:45:55 | gen_session | gen_case(semantic(3),status(ok),tokens([three]),sentence(three))
2026-03-19T12:45:55 | gen_session | gen_case(semantic(4),status(ok),tokens([four]),sentence(four))
2026-03-19T12:45:55 | gen_session | gen_case(semantic(5),status(ok),tokens([five]),sentence(five))
2026-03-19T12:45:55 | gen_session | gen_case(semantic(6),status(ok),tokens([six]),sentence(six))
2026-03-19T12:45:55 | gen_session | gen_case(semantic(7),status(ok),tokens([seven]),sentence(seven))
2026-03-19T12:45:55 | gen_session | gen_case(semantic(8),status(ok),tokens([eight]),sentence(eight))
2026-03-19T12:45:55 | gen_session | gen_case(semantic(9),status(ok),tokens([nine]),sentence(nine))
2026-03-19T12:45:55 | gen_session | gen_case(semantic(10),status(ok),tokens([ten]),sentence(ten))
2026-03-19T12:45:55 | gen_session | gen_case(semantic(11),status(ok),tokens([eleven]),sentence(eleven))
2026-03-19T12:45:55 | gen_session | gen_case(semantic(12),status(ok),tokens([twelve]),sentence(twelve))
2026-03-19T12:45:55 | gen_session | gen_case(semantic(13),status(ok),tokens([thirteen]),sentence(thirteen))
2026-03-19T12:45:55 | gen_session | gen_case(semantic(15),status(ok),tokens([fifteen]),sentence(fifteen))
2026-03-19T12:45:55 | gen_session | gen_case(semantic(18),status(gen_empty_yield),tokens([]),sentence(''))
2026-03-19T12:45:55 | gen_session | gen_case(semantic(20),status(ok),tokens([twenty]),sentence(twenty))
2026-03-19T12:45:55 | gen_session | gen_case(semantic(30),status(ok),tokens([thirty]),sentence(thirty))
2026-03-19T12:45:55 | gen_session | gen_case(semantic(50),status(ok),tokens([fifty]),sentence(fifty))
2026-03-19T12:45:55 | gen_session | gen_case(semantic('1X+10'(4)),status(ok),tokens([four,teen]),sentence(fourteen))
2026-03-19T12:45:55 | gen_session | gen_case(semantic('1X+10'(6)),status(ok),tokens([six,teen]),sentence(sixteen))
2026-03-19T12:45:55 | gen_session | gen_case(semantic('1X+10'(7)),status(ok),tokens([seven,teen]),sentence(seventeen))
2026-03-19T12:45:55 | gen_session | gen_case(semantic('0X+18'(8)),status(ok),tokens([eight,een]),sentence(eighteen))
2026-03-19T12:45:55 | gen_session | gen_case(semantic('1X+10'(9)),status(ok),tokens([nine,teen]),sentence(nineteen))
2026-03-19T12:45:55 | gen_session | gen_case(semantic('1X+20'(1)),status(ok),tokens([twenty,one]),sentence(twentyone))
2026-03-19T12:45:55 | gen_session | gen_case(semantic('1X+20'(2)),status(ok),tokens([twenty,two]),sentence(twentytwo))
2026-03-19T12:45:55 | gen_session | gen_case(semantic('1X+20'(3)),status(ok),tokens([twenty,three]),sentence(twentythree))
2026-03-19T12:45:55 | gen_session | gen_case(semantic('1X+20'(4)),status(ok),tokens([twenty]),sentence(twenty))
2026-03-19T12:45:55 | gen_session | gen_case(semantic('1X+20'(5)),status(ok),tokens([twenty,five]),sentence(twentyfive))
2026-03-19T12:45:55 | gen_session | gen_case(semantic('1X+20'(6)),status(ok),tokens([twenty]),sentence(twenty))
2026-03-19T12:45:55 | gen_session | gen_case(semantic('1X+20'(7)),status(ok),tokens([twenty]),sentence(twenty))
2026-03-19T12:45:55 | gen_session | gen_case(semantic('1X+20'(8)),status(ok),tokens([twenty]),sentence(twenty))
2026-03-19T12:45:55 | gen_session | gen_case(semantic('1X+20'(9)),status(ok),tokens([twenty]),sentence(twenty))
2026-03-19T12:45:55 | gen_session | gen_case(semantic('1X+30'(1)),status(ok),tokens([thirty,one]),sentence(thirtyone))
2026-03-19T12:45:55 | gen_session | gen_case(semantic('1X+30'(2)),status(ok),tokens([thirty,two]),sentence(thirtytwo))
2026-03-19T12:45:55 | gen_session | gen_case(semantic('1X+30'(3)),status(ok),tokens([thirty,three]),sentence(thirtythree))
2026-03-19T12:45:55 | gen_session | gen_case(semantic('1X+30'(4)),status(ok),tokens([thirty]),sentence(thirty))
2026-03-19T12:45:55 | gen_session | gen_case(semantic('1X+30'(5)),status(ok),tokens([thirty,five]),sentence(thirtyfive))
2026-03-19T12:45:55 | gen_session | gen_case(semantic('1X+30'(6)),status(ok),tokens([thirty]),sentence(thirty))
2026-03-19T12:45:55 | gen_session | gen_case(semantic('1X+30'(7)),status(ok),tokens([thirty]),sentence(thirty))
2026-03-19T12:45:55 | gen_session | gen_case(semantic('1X+30'(8)),status(ok),tokens([thirty]),sentence(thirty))
2026-03-19T12:45:55 | gen_session | gen_case(semantic('1X+30'(9)),status(ok),tokens([thirty]),sentence(thirty))
2026-03-19T12:45:55 | gen_session | gen_case(semantic('1X+50'(1)),status(ok),tokens([fifty,one]),sentence(fiftyone))
2026-03-19T12:45:55 | gen_session | gen_case(semantic('1X+50'(2)),status(ok),tokens([fifty,two]),sentence(fiftytwo))
2026-03-19T12:45:55 | gen_session | gen_case(semantic('1X+50'(3)),status(ok),tokens([fifty,three]),sentence(fiftythree))
2026-03-19T12:45:55 | gen_session | gen_case(semantic('1X+50'(4)),status(ok),tokens([fifty]),sentence(fifty))
2026-03-19T12:45:55 | gen_session | gen_case(semantic('1X+50'(5)),status(ok),tokens([fifty,five]),sentence(fiftyfive))
2026-03-19T12:45:55 | gen_session | gen_case(semantic('1X+50'(6)),status(ok),tokens([fifty]),sentence(fifty))
2026-03-19T12:45:55 | gen_session | gen_case(semantic('1X+50'(7)),status(ok),tokens([fifty]),sentence(fifty))
2026-03-19T12:45:55 | gen_session | gen_case(semantic('1X+50'(8)),status(ok),tokens([fifty]),sentence(fifty))
2026-03-19T12:45:55 | gen_session | gen_case(semantic('1X+50'(9)),status(ok),tokens([fifty]),sentence(fifty))
2026-03-19T12:45:55 | gen_session | gen_case(semantic('1X+40'(4)),status(gen_empty_yield),tokens([]),sentence(''))
2026-03-19T12:45:55 | gen_session | gen_case(semantic('1X+60'(4)),status(gen_empty_yield),tokens([]),sentence(''))
2026-03-19T12:45:55 | gen_session | gen_case(semantic('1X+70'(4)),status(gen_empty_yield),tokens([]),sentence(''))
2026-03-19T12:45:55 | gen_session | gen_case(semantic('1X+80'(4)),status(gen_empty_yield),tokens([]),sentence(''))
2026-03-19T12:45:55 | gen_session | gen_case(semantic('1X+90'(4)),status(gen_empty_yield),tokens([]),sentence(''))
2026-03-19T12:45:55 | system | gen_run_end
2026-03-19T12:45:55 | system | parse_run_start
2026-03-19T12:45:55 | configuration | parse_run(gen_out_file('../generated/gen_out.pl'),parse_out_file('../generated/parse_out.pl'),forward_parse_tree_report_file('../generated/forward_parse_tree_report.txt'),repair_enabled(true),smoothing_enabled(true),smoothing_style(underscore))
2026-03-19T12:45:56 | parse_session | parse_case(semantic(1),gen_status(ok),gen_tokens([one]),repaired_tokens([one]),parser_tokens([one]),repair_status(not_repaired),parse_status(ok),parsed_sem(1))
2026-03-19T12:45:56 | parse_session | parse_case(semantic(2),gen_status(ok),gen_tokens([two]),repaired_tokens([two]),parser_tokens([two]),repair_status(not_repaired),parse_status(ok),parsed_sem(2))
2026-03-19T12:45:56 | parse_session | parse_case(semantic(3),gen_status(ok),gen_tokens([three]),repaired_tokens([three]),parser_tokens([three]),repair_status(not_repaired),parse_status(ok),parsed_sem(3))
2026-03-19T12:45:56 | parse_session | parse_case(semantic(4),gen_status(ok),gen_tokens([four]),repaired_tokens([four]),parser_tokens([four]),repair_status(not_repaired),parse_status(ok),parsed_sem(4))
2026-03-19T12:45:56 | parse_session | parse_case(semantic(5),gen_status(ok),gen_tokens([five]),repaired_tokens([five]),parser_tokens([five]),repair_status(not_repaired),parse_status(ok),parsed_sem(5))
2026-03-19T12:45:56 | parse_session | parse_case(semantic(6),gen_status(ok),gen_tokens([six]),repaired_tokens([six]),parser_tokens([six]),repair_status(not_repaired),parse_status(ok),parsed_sem(6))
2026-03-19T12:45:56 | parse_session | parse_case(semantic(7),gen_status(ok),gen_tokens([seven]),repaired_tokens([seven]),parser_tokens([seven]),repair_status(not_repaired),parse_status(ok),parsed_sem(7))
2026-03-19T12:45:56 | parse_session | parse_case(semantic(8),gen_status(ok),gen_tokens([eight]),repaired_tokens([eight]),parser_tokens([eight]),repair_status(not_repaired),parse_status(ok),parsed_sem(8))
2026-03-19T12:45:56 | parse_session | parse_case(semantic(9),gen_status(ok),gen_tokens([nine]),repaired_tokens([nine]),parser_tokens([nine]),repair_status(not_repaired),parse_status(ok),parsed_sem(9))
2026-03-19T12:45:56 | parse_session | parse_case(semantic(10),gen_status(ok),gen_tokens([ten]),repaired_tokens([ten]),parser_tokens([ten]),repair_status(not_repaired),parse_status(ok),parsed_sem(10))
2026-03-19T12:45:56 | parse_session | parse_case(semantic(11),gen_status(ok),gen_tokens([eleven]),repaired_tokens([eleven]),parser_tokens([eleven]),repair_status(not_repaired),parse_status(ok),parsed_sem(11))
2026-03-19T12:45:56 | parse_session | parse_case(semantic(12),gen_status(ok),gen_tokens([twelve]),repaired_tokens([twelve]),parser_tokens([twelve]),repair_status(not_repaired),parse_status(ok),parsed_sem(12))
2026-03-19T12:45:56 | parse_session | parse_case(semantic(13),gen_status(ok),gen_tokens([thirteen]),repaired_tokens([thirteen]),parser_tokens([thirteen]),repair_status(not_repaired),parse_status(ok),parsed_sem(13))
2026-03-19T12:45:56 | parse_session | parse_case(semantic(15),gen_status(ok),gen_tokens([fifteen]),repaired_tokens([fifteen]),parser_tokens([fifteen]),repair_status(not_repaired),parse_status(ok),parsed_sem(15))
2026-03-19T12:45:56 | parse_session | parse_case(semantic(18),gen_status(gen_empty_yield),gen_tokens([]),repaired_tokens([]),parser_tokens([]),repair_status(not_repaired),parse_status(parse_skipped_empty_tokens),parsed_sem(none))
2026-03-19T12:45:56 | parse_session | parse_case(semantic(20),gen_status(ok),gen_tokens([twenty]),repaired_tokens([twenty]),parser_tokens([twenty]),repair_status(not_repaired),parse_status(ok),parsed_sem(20))
2026-03-19T12:45:56 | parse_session | parse_case(semantic(30),gen_status(ok),gen_tokens([thirty]),repaired_tokens([thirty]),parser_tokens([thirty]),repair_status(not_repaired),parse_status(ok),parsed_sem(30))
2026-03-19T12:45:56 | parse_session | parse_case(semantic(50),gen_status(ok),gen_tokens([fifty]),repaired_tokens([fifty]),parser_tokens([fifty]),repair_status(not_repaired),parse_status(ok),parsed_sem(50))
2026-03-19T12:45:56 | parse_session | parse_case(semantic('1X+10'(4)),gen_status(ok),gen_tokens([four,teen]),repaired_tokens([four,teen]),parser_tokens([four,teen]),repair_status(not_repaired),parse_status(ok),parsed_sem('1X+10'(4)))
2026-03-19T12:45:56 | parse_session | parse_case(semantic('1X+10'(6)),gen_status(ok),gen_tokens([six,teen]),repaired_tokens([six,teen]),parser_tokens([six,teen]),repair_status(not_repaired),parse_status(parse_fail),parsed_sem(none))
2026-03-19T12:45:56 | parse_session | parse_case(semantic('1X+10'(7)),gen_status(ok),gen_tokens([seven,teen]),repaired_tokens([seven,teen]),parser_tokens([seven,teen]),repair_status(not_repaired),parse_status(parse_fail),parsed_sem(none))
2026-03-19T12:45:56 | parse_session | parse_case(semantic('0X+18'(8)),gen_status(ok),gen_tokens([eight,een]),repaired_tokens([eight,een]),parser_tokens([eight,een]),repair_status(not_repaired),parse_status(ok),parsed_sem('0X+18'(8)))
2026-03-19T12:45:56 | parse_session | parse_case(semantic('1X+10'(9)),gen_status(ok),gen_tokens([nine,teen]),repaired_tokens([nine,teen]),parser_tokens([nine,teen]),repair_status(not_repaired),parse_status(parse_fail),parsed_sem(none))
2026-03-19T12:45:56 | parse_session | parse_case(semantic('1X+20'(1)),gen_status(ok),gen_tokens([twenty,one]),repaired_tokens([twenty,one]),parser_tokens([twenty_,one]),repair_status(not_repaired),parse_status(ok),parsed_sem('1X+20'(1)))
2026-03-19T12:45:56 | parse_session | parse_case(semantic('1X+20'(2)),gen_status(ok),gen_tokens([twenty,two]),repaired_tokens([twenty,two]),parser_tokens([twenty_,two]),repair_status(not_repaired),parse_status(ok),parsed_sem('1X+20'(2)))
2026-03-19T12:45:56 | parse_session | parse_case(semantic('1X+20'(3)),gen_status(ok),gen_tokens([twenty,three]),repaired_tokens([twenty,three]),parser_tokens([twenty_,three]),repair_status(not_repaired),parse_status(ok),parsed_sem('1X+20'(3)))
2026-03-19T12:45:56 | parse_session | parse_case(semantic('1X+20'(4)),gen_status(ok),gen_tokens([twenty]),repaired_tokens([twenty,four]),parser_tokens([twenty_,four]),repair_status(repaired),parse_status(ok),parsed_sem('1X+20'(4)))
2026-03-19T12:45:56 | parse_session | parse_case(semantic('1X+20'(5)),gen_status(ok),gen_tokens([twenty,five]),repaired_tokens([twenty,five]),parser_tokens([twenty_,five]),repair_status(not_repaired),parse_status(ok),parsed_sem('1X+20'(5)))
2026-03-19T12:45:56 | parse_session | parse_case(semantic('1X+20'(6)),gen_status(ok),gen_tokens([twenty]),repaired_tokens([twenty,six]),parser_tokens([twenty_,six]),repair_status(repaired),parse_status(ok),parsed_sem('1X+20'(6)))
2026-03-19T12:45:56 | parse_session | parse_case(semantic('1X+20'(7)),gen_status(ok),gen_tokens([twenty]),repaired_tokens([twenty,seven]),parser_tokens([twenty_,seven]),repair_status(repaired),parse_status(ok),parsed_sem('1X+20'(7)))
2026-03-19T12:45:56 | parse_session | parse_case(semantic('1X+20'(8)),gen_status(ok),gen_tokens([twenty]),repaired_tokens([twenty,eight]),parser_tokens([twenty_,eight]),repair_status(repaired),parse_status(ok),parsed_sem('1X+20'(8)))
2026-03-19T12:45:56 | parse_session | parse_case(semantic('1X+20'(9)),gen_status(ok),gen_tokens([twenty]),repaired_tokens([twenty,nine]),parser_tokens([twenty_,nine]),repair_status(repaired),parse_status(ok),parsed_sem('1X+20'(9)))
2026-03-19T12:45:56 | parse_session | parse_case(semantic('1X+30'(1)),gen_status(ok),gen_tokens([thirty,one]),repaired_tokens([thirty,one]),parser_tokens([thirty_,one]),repair_status(not_repaired),parse_status(ok),parsed_sem('1X+30'(1)))
2026-03-19T12:45:56 | parse_session | parse_case(semantic('1X+30'(2)),gen_status(ok),gen_tokens([thirty,two]),repaired_tokens([thirty,two]),parser_tokens([thirty_,two]),repair_status(not_repaired),parse_status(ok),parsed_sem('1X+30'(2)))
2026-03-19T12:45:56 | parse_session | parse_case(semantic('1X+30'(3)),gen_status(ok),gen_tokens([thirty,three]),repaired_tokens([thirty,three]),parser_tokens([thirty_,three]),repair_status(not_repaired),parse_status(ok),parsed_sem('1X+30'(3)))
2026-03-19T12:45:56 | parse_session | parse_case(semantic('1X+30'(4)),gen_status(ok),gen_tokens([thirty]),repaired_tokens([thirty,four]),parser_tokens([thirty_,four]),repair_status(repaired),parse_status(ok),parsed_sem('1X+30'(4)))
2026-03-19T12:45:56 | parse_session | parse_case(semantic('1X+30'(5)),gen_status(ok),gen_tokens([thirty,five]),repaired_tokens([thirty,five]),parser_tokens([thirty_,five]),repair_status(not_repaired),parse_status(ok),parsed_sem('1X+30'(5)))
2026-03-19T12:45:56 | parse_session | parse_case(semantic('1X+30'(6)),gen_status(ok),gen_tokens([thirty]),repaired_tokens([thirty,six]),parser_tokens([thirty_,six]),repair_status(repaired),parse_status(ok),parsed_sem('1X+30'(6)))
2026-03-19T12:45:56 | parse_session | parse_case(semantic('1X+30'(7)),gen_status(ok),gen_tokens([thirty]),repaired_tokens([thirty,seven]),parser_tokens([thirty_,seven]),repair_status(repaired),parse_status(ok),parsed_sem('1X+30'(7)))
2026-03-19T12:45:56 | parse_session | parse_case(semantic('1X+30'(8)),gen_status(ok),gen_tokens([thirty]),repaired_tokens([thirty,eight]),parser_tokens([thirty_,eight]),repair_status(repaired),parse_status(ok),parsed_sem('1X+30'(8)))
2026-03-19T12:45:56 | parse_session | parse_case(semantic('1X+30'(9)),gen_status(ok),gen_tokens([thirty]),repaired_tokens([thirty,nine]),parser_tokens([thirty_,nine]),repair_status(repaired),parse_status(ok),parsed_sem('1X+30'(9)))
2026-03-19T12:45:56 | parse_session | parse_case(semantic('1X+50'(1)),gen_status(ok),gen_tokens([fifty,one]),repaired_tokens([fifty,one]),parser_tokens([fifty_,one]),repair_status(not_repaired),parse_status(ok),parsed_sem('1X+50'(1)))
2026-03-19T12:45:56 | parse_session | parse_case(semantic('1X+50'(2)),gen_status(ok),gen_tokens([fifty,two]),repaired_tokens([fifty,two]),parser_tokens([fifty_,two]),repair_status(not_repaired),parse_status(ok),parsed_sem('1X+50'(2)))
2026-03-19T12:45:56 | parse_session | parse_case(semantic('1X+50'(3)),gen_status(ok),gen_tokens([fifty,three]),repaired_tokens([fifty,three]),parser_tokens([fifty_,three]),repair_status(not_repaired),parse_status(ok),parsed_sem('1X+50'(3)))
2026-03-19T12:45:56 | parse_session | parse_case(semantic('1X+50'(4)),gen_status(ok),gen_tokens([fifty]),repaired_tokens([fifty,four]),parser_tokens([fifty_,four]),repair_status(repaired),parse_status(ok),parsed_sem('1X+50'(4)))
2026-03-19T12:45:56 | parse_session | parse_case(semantic('1X+50'(5)),gen_status(ok),gen_tokens([fifty,five]),repaired_tokens([fifty,five]),parser_tokens([fifty_,five]),repair_status(not_repaired),parse_status(ok),parsed_sem('1X+50'(5)))
2026-03-19T12:45:56 | parse_session | parse_case(semantic('1X+50'(6)),gen_status(ok),gen_tokens([fifty]),repaired_tokens([fifty,six]),parser_tokens([fifty_,six]),repair_status(repaired),parse_status(ok),parsed_sem('1X+50'(6)))
2026-03-19T12:45:56 | parse_session | parse_case(semantic('1X+50'(7)),gen_status(ok),gen_tokens([fifty]),repaired_tokens([fifty,seven]),parser_tokens([fifty_,seven]),repair_status(repaired),parse_status(ok),parsed_sem('1X+50'(7)))
2026-03-19T12:45:56 | parse_session | parse_case(semantic('1X+50'(8)),gen_status(ok),gen_tokens([fifty]),repaired_tokens([fifty,eight]),parser_tokens([fifty_,eight]),repair_status(repaired),parse_status(ok),parsed_sem('1X+50'(8)))
2026-03-19T12:45:56 | parse_session | parse_case(semantic('1X+50'(9)),gen_status(ok),gen_tokens([fifty]),repaired_tokens([fifty,nine]),parser_tokens([fifty_,nine]),repair_status(repaired),parse_status(ok),parsed_sem('1X+50'(9)))
2026-03-19T12:45:56 | parse_session | parse_case(semantic('1X+40'(4)),gen_status(gen_empty_yield),gen_tokens([]),repaired_tokens([]),parser_tokens([]),repair_status(not_repaired),parse_status(parse_skipped_empty_tokens),parsed_sem(none))
2026-03-19T12:45:56 | parse_session | parse_case(semantic('1X+60'(4)),gen_status(gen_empty_yield),gen_tokens([]),repaired_tokens([]),parser_tokens([]),repair_status(not_repaired),parse_status(parse_skipped_empty_tokens),parsed_sem(none))
2026-03-19T12:45:56 | parse_session | parse_case(semantic('1X+70'(4)),gen_status(gen_empty_yield),gen_tokens([]),repaired_tokens([]),parser_tokens([]),repair_status(not_repaired),parse_status(parse_skipped_empty_tokens),parsed_sem(none))
2026-03-19T12:45:56 | parse_session | parse_case(semantic('1X+80'(4)),gen_status(gen_empty_yield),gen_tokens([]),repaired_tokens([]),parser_tokens([]),repair_status(not_repaired),parse_status(parse_skipped_empty_tokens),parsed_sem(none))
2026-03-19T12:45:56 | parse_session | parse_case(semantic('1X+90'(4)),gen_status(gen_empty_yield),gen_tokens([]),repaired_tokens([]),parser_tokens([]),repair_status(not_repaired),parse_status(parse_skipped_empty_tokens),parsed_sem(none))
2026-03-19T12:45:56 | system | parse_run_end
2026-03-19T12:45:57 | system | reverse_parse_run_start
2026-03-19T12:45:57 | configuration | reverse_parse_run(token_cases_file('../cases/token_cases.pl'),reverse_parse_out_file('../generated/reverse_parse_out.pl'),repair_enabled(true),smoothing_enabled(true),smoothing_style(underscore))
2026-03-19T12:45:57 | reverse_parse_session | reverse_parse_case(tokens([one]),parse_status(ok),parsed_sem(1),parse_tree([li([one],[cfin])]))
2026-03-19T12:45:57 | reverse_parse_session | reverse_parse_case(tokens([two]),parse_status(ok),parsed_sem(2),parse_tree([li([two],[cfin])]))
2026-03-19T12:45:57 | reverse_parse_session | reverse_parse_case(tokens([three]),parse_status(ok),parsed_sem(3),parse_tree([li([three],[cfin])]))
2026-03-19T12:45:57 | reverse_parse_session | reverse_parse_case(tokens([four]),parse_status(ok),parsed_sem(4),parse_tree([li([four],[cfin])]))
2026-03-19T12:45:57 | reverse_parse_session | reverse_parse_case(tokens([five]),parse_status(ok),parsed_sem(5),parse_tree([li([five],[cfin])]))
2026-03-19T12:45:57 | reverse_parse_session | reverse_parse_case(tokens([six]),parse_status(ok),parsed_sem(6),parse_tree([li([six],[cfin])]))
2026-03-19T12:45:57 | reverse_parse_session | reverse_parse_case(tokens([seven]),parse_status(ok),parsed_sem(7),parse_tree([li([seven],[cfin])]))
2026-03-19T12:45:57 | reverse_parse_session | reverse_parse_case(tokens([eight]),parse_status(ok),parsed_sem(8),parse_tree([li([eight],[cfin])]))
2026-03-19T12:45:57 | reverse_parse_session | reverse_parse_case(tokens([nine]),parse_status(ok),parsed_sem(9),parse_tree([li([nine],[cfin])]))
2026-03-19T12:45:57 | reverse_parse_session | reverse_parse_case(tokens([ten]),parse_status(ok),parsed_sem(10),parse_tree([li([ten],[cfin])]))
2026-03-19T12:45:57 | reverse_parse_session | reverse_parse_case(tokens([eleven]),parse_status(ok),parsed_sem(11),parse_tree([li([eleven],[cfin])]))
2026-03-19T12:45:57 | reverse_parse_session | reverse_parse_case(tokens([twelve]),parse_status(ok),parsed_sem(12),parse_tree([li([twelve],[cfin])]))
2026-03-19T12:45:57 | reverse_parse_session | reverse_parse_case(tokens([thirteen]),parse_status(ok),parsed_sem(13),parse_tree([li([thirteen],[cfin])]))
2026-03-19T12:45:57 | reverse_parse_session | reverse_parse_case(tokens([fifteen]),parse_status(ok),parsed_sem(15),parse_tree([li([fifteen],[cfin])]))
2026-03-19T12:45:57 | reverse_parse_session | reverse_parse_case(tokens([four,teen]),parse_status(ok),parsed_sem('1X+10'(4)),parse_tree([tree(_106086,empty,tree(_105728,li([teen],[=c1,+a,cfin]),li([four],[c1,-a])))]))
2026-03-19T12:45:57 | reverse_parse_session | reverse_parse_case(tokens([eight,een]),parse_status(ok),parsed_sem('0X+18'(8)),parse_tree([tree(_106086,empty,tree(_105728,li([een],[=c1,+b,cfin]),li([eight],[c1,-b])))]))
2026-03-19T12:45:57 | reverse_parse_session | reverse_parse_case(tokens([twenty]),parse_status(ok),parsed_sem(20),parse_tree([li([twenty],[cfin])]))
2026-03-19T12:45:57 | reverse_parse_session | reverse_parse_case(tokens([thirty]),parse_status(ok),parsed_sem(30),parse_tree([li([thirty],[cfin])]))
2026-03-19T12:45:57 | reverse_parse_session | reverse_parse_case(tokens([fifty]),parse_status(ok),parsed_sem(50),parse_tree([li([fifty],[cfin])]))
2026-03-19T12:45:57 | reverse_parse_session | reverse_parse_case(tokens([twenty_,one]),parse_status(ok),parsed_sem('1X+20'(1)),parse_tree([tree(_105660,li([twenty_],[=c1,cfin]),li([one],[c1]))]))
2026-03-19T12:45:57 | reverse_parse_session | reverse_parse_case(tokens([twenty_,two]),parse_status(ok),parsed_sem('1X+20'(2)),parse_tree([tree(_105660,li([twenty_],[=c1,cfin]),li([two],[c1]))]))
2026-03-19T12:45:57 | reverse_parse_session | reverse_parse_case(tokens([twenty_,three]),parse_status(ok),parsed_sem('1X+20'(3)),parse_tree([tree(_105660,li([twenty_],[=c1,cfin]),li([three],[c1]))]))
2026-03-19T12:45:57 | reverse_parse_session | reverse_parse_case(tokens([twenty_,four]),parse_status(ok),parsed_sem('1X+20'(4)),parse_tree([tree(_105660,li([twenty_],[=c1,cfin]),li([four],[c1]))]))
2026-03-19T12:45:57 | reverse_parse_session | reverse_parse_case(tokens([twenty_,five]),parse_status(ok),parsed_sem('1X+20'(5)),parse_tree([tree(_105660,li([twenty_],[=c1,cfin]),li([five],[c1]))]))
2026-03-19T12:45:57 | reverse_parse_session | reverse_parse_case(tokens([twenty_,six]),parse_status(ok),parsed_sem('1X+20'(6)),parse_tree([tree(_105660,li([twenty_],[=c1,cfin]),li([six],[c1]))]))
2026-03-19T12:45:57 | reverse_parse_session | reverse_parse_case(tokens([twenty_,seven]),parse_status(ok),parsed_sem('1X+20'(7)),parse_tree([tree(_105660,li([twenty_],[=c1,cfin]),li([seven],[c1]))]))
2026-03-19T12:45:57 | reverse_parse_session | reverse_parse_case(tokens([twenty_,eight]),parse_status(ok),parsed_sem('1X+20'(8)),parse_tree([tree(_105660,li([twenty_],[=c1,cfin]),li([eight],[c1]))]))
2026-03-19T12:45:57 | reverse_parse_session | reverse_parse_case(tokens([twenty_,nine]),parse_status(ok),parsed_sem('1X+20'(9)),parse_tree([tree(_105660,li([twenty_],[=c1,cfin]),li([nine],[c1]))]))
2026-03-19T12:45:57 | reverse_parse_session | reverse_parse_case(tokens([thirty_,one]),parse_status(ok),parsed_sem('1X+30'(1)),parse_tree([tree(_105660,li([thirty_],[=c1,cfin]),li([one],[c1]))]))
2026-03-19T12:45:57 | reverse_parse_session | reverse_parse_case(tokens([thirty_,two]),parse_status(ok),parsed_sem('1X+30'(2)),parse_tree([tree(_105660,li([thirty_],[=c1,cfin]),li([two],[c1]))]))
2026-03-19T12:45:57 | reverse_parse_session | reverse_parse_case(tokens([thirty_,three]),parse_status(ok),parsed_sem('1X+30'(3)),parse_tree([tree(_105660,li([thirty_],[=c1,cfin]),li([three],[c1]))]))
2026-03-19T12:45:57 | reverse_parse_session | reverse_parse_case(tokens([thirty_,four]),parse_status(ok),parsed_sem('1X+30'(4)),parse_tree([tree(_105660,li([thirty_],[=c1,cfin]),li([four],[c1]))]))
2026-03-19T12:45:57 | reverse_parse_session | reverse_parse_case(tokens([thirty_,five]),parse_status(ok),parsed_sem('1X+30'(5)),parse_tree([tree(_105660,li([thirty_],[=c1,cfin]),li([five],[c1]))]))
2026-03-19T12:45:57 | reverse_parse_session | reverse_parse_case(tokens([thirty_,six]),parse_status(ok),parsed_sem('1X+30'(6)),parse_tree([tree(_105660,li([thirty_],[=c1,cfin]),li([six],[c1]))]))
2026-03-19T12:45:57 | reverse_parse_session | reverse_parse_case(tokens([thirty_,seven]),parse_status(ok),parsed_sem('1X+30'(7)),parse_tree([tree(_105660,li([thirty_],[=c1,cfin]),li([seven],[c1]))]))
2026-03-19T12:45:57 | reverse_parse_session | reverse_parse_case(tokens([thirty_,eight]),parse_status(ok),parsed_sem('1X+30'(8)),parse_tree([tree(_105660,li([thirty_],[=c1,cfin]),li([eight],[c1]))]))
2026-03-19T12:45:57 | reverse_parse_session | reverse_parse_case(tokens([thirty_,nine]),parse_status(ok),parsed_sem('1X+30'(9)),parse_tree([tree(_105660,li([thirty_],[=c1,cfin]),li([nine],[c1]))]))
2026-03-19T12:45:57 | reverse_parse_session | reverse_parse_case(tokens([fifty_,one]),parse_status(ok),parsed_sem('1X+50'(1)),parse_tree([tree(_105660,li([fifty_],[=c1,cfin]),li([one],[c1]))]))
2026-03-19T12:45:57 | reverse_parse_session | reverse_parse_case(tokens([fifty_,two]),parse_status(ok),parsed_sem('1X+50'(2)),parse_tree([tree(_105660,li([fifty_],[=c1,cfin]),li([two],[c1]))]))
2026-03-19T12:45:57 | reverse_parse_session | reverse_parse_case(tokens([fifty_,three]),parse_status(ok),parsed_sem('1X+50'(3)),parse_tree([tree(_105660,li([fifty_],[=c1,cfin]),li([three],[c1]))]))
2026-03-19T12:45:57 | reverse_parse_session | reverse_parse_case(tokens([fifty_,four]),parse_status(ok),parsed_sem('1X+50'(4)),parse_tree([tree(_105660,li([fifty_],[=c1,cfin]),li([four],[c1]))]))
2026-03-19T12:45:57 | reverse_parse_session | reverse_parse_case(tokens([fifty_,five]),parse_status(ok),parsed_sem('1X+50'(5)),parse_tree([tree(_105660,li([fifty_],[=c1,cfin]),li([five],[c1]))]))
2026-03-19T12:45:57 | reverse_parse_session | reverse_parse_case(tokens([fifty_,six]),parse_status(ok),parsed_sem('1X+50'(6)),parse_tree([tree(_105660,li([fifty_],[=c1,cfin]),li([six],[c1]))]))
2026-03-19T12:45:57 | reverse_parse_session | reverse_parse_case(tokens([fifty_,seven]),parse_status(ok),parsed_sem('1X+50'(7)),parse_tree([tree(_105660,li([fifty_],[=c1,cfin]),li([seven],[c1]))]))
2026-03-19T12:45:57 | reverse_parse_session | reverse_parse_case(tokens([fifty_,eight]),parse_status(ok),parsed_sem('1X+50'(8)),parse_tree([tree(_105660,li([fifty_],[=c1,cfin]),li([eight],[c1]))]))
2026-03-19T12:45:57 | reverse_parse_session | reverse_parse_case(tokens([fifty_,nine]),parse_status(ok),parsed_sem('1X+50'(9)),parse_tree([tree(_105660,li([fifty_],[=c1,cfin]),li([nine],[c1]))]))
2026-03-19T12:45:57 | system | reverse_parse_run_end
2026-03-19T12:45:57 | system | reverse_gen_run_start
2026-03-19T12:45:57 | configuration | reverse_gen_run(reverse_parse_out_file('../generated/reverse_parse_out.pl'),reverse_out_file('../generated/reverse_out.pl'),repair_enabled(true),smoothing_enabled(true),smoothing_style(underscore))
2026-03-19T12:45:58 | reverse_gen_session | reverse_case(input_tokens([one]),parse_status(ok),parsed_sem(1),gen_status(ok),raw_gen_tokens([one]),normalized_gen_tokens([one]),sentence(one))
2026-03-19T12:45:58 | reverse_gen_session | reverse_case(input_tokens([two]),parse_status(ok),parsed_sem(2),gen_status(ok),raw_gen_tokens([two]),normalized_gen_tokens([two]),sentence(two))
2026-03-19T12:45:58 | reverse_gen_session | reverse_case(input_tokens([three]),parse_status(ok),parsed_sem(3),gen_status(ok),raw_gen_tokens([three]),normalized_gen_tokens([three]),sentence(three))
2026-03-19T12:45:58 | reverse_gen_session | reverse_case(input_tokens([four]),parse_status(ok),parsed_sem(4),gen_status(ok),raw_gen_tokens([four]),normalized_gen_tokens([four]),sentence(four))
2026-03-19T12:45:58 | reverse_gen_session | reverse_case(input_tokens([five]),parse_status(ok),parsed_sem(5),gen_status(ok),raw_gen_tokens([five]),normalized_gen_tokens([five]),sentence(five))
2026-03-19T12:45:58 | reverse_gen_session | reverse_case(input_tokens([six]),parse_status(ok),parsed_sem(6),gen_status(ok),raw_gen_tokens([six]),normalized_gen_tokens([six]),sentence(six))
2026-03-19T12:45:58 | reverse_gen_session | reverse_case(input_tokens([seven]),parse_status(ok),parsed_sem(7),gen_status(ok),raw_gen_tokens([seven]),normalized_gen_tokens([seven]),sentence(seven))
2026-03-19T12:45:58 | reverse_gen_session | reverse_case(input_tokens([eight]),parse_status(ok),parsed_sem(8),gen_status(ok),raw_gen_tokens([eight]),normalized_gen_tokens([eight]),sentence(eight))
2026-03-19T12:45:58 | reverse_gen_session | reverse_case(input_tokens([nine]),parse_status(ok),parsed_sem(9),gen_status(ok),raw_gen_tokens([nine]),normalized_gen_tokens([nine]),sentence(nine))
2026-03-19T12:45:58 | reverse_gen_session | reverse_case(input_tokens([ten]),parse_status(ok),parsed_sem(10),gen_status(ok),raw_gen_tokens([ten]),normalized_gen_tokens([ten]),sentence(ten))
2026-03-19T12:45:58 | reverse_gen_session | reverse_case(input_tokens([eleven]),parse_status(ok),parsed_sem(11),gen_status(ok),raw_gen_tokens([eleven]),normalized_gen_tokens([eleven]),sentence(eleven))
2026-03-19T12:45:58 | reverse_gen_session | reverse_case(input_tokens([twelve]),parse_status(ok),parsed_sem(12),gen_status(ok),raw_gen_tokens([twelve]),normalized_gen_tokens([twelve]),sentence(twelve))
2026-03-19T12:45:58 | reverse_gen_session | reverse_case(input_tokens([thirteen]),parse_status(ok),parsed_sem(13),gen_status(ok),raw_gen_tokens([thirteen]),normalized_gen_tokens([thirteen]),sentence(thirteen))
2026-03-19T12:45:58 | reverse_gen_session | reverse_case(input_tokens([fifteen]),parse_status(ok),parsed_sem(15),gen_status(ok),raw_gen_tokens([fifteen]),normalized_gen_tokens([fifteen]),sentence(fifteen))
2026-03-19T12:45:58 | reverse_gen_session | reverse_case(input_tokens([four,teen]),parse_status(ok),parsed_sem('1X+10'(4)),gen_status(ok),raw_gen_tokens([four,teen]),normalized_gen_tokens([four,teen]),sentence(fourteen))
2026-03-19T12:45:58 | reverse_gen_session | reverse_case(input_tokens([eight,een]),parse_status(ok),parsed_sem('0X+18'(8)),gen_status(ok),raw_gen_tokens([eight,een]),normalized_gen_tokens([eight,een]),sentence(eighteen))
2026-03-19T12:45:58 | reverse_gen_session | reverse_case(input_tokens([twenty]),parse_status(ok),parsed_sem(20),gen_status(ok),raw_gen_tokens([twenty]),normalized_gen_tokens([twenty]),sentence(twenty))
2026-03-19T12:45:58 | reverse_gen_session | reverse_case(input_tokens([thirty]),parse_status(ok),parsed_sem(30),gen_status(ok),raw_gen_tokens([thirty]),normalized_gen_tokens([thirty]),sentence(thirty))
2026-03-19T12:45:58 | reverse_gen_session | reverse_case(input_tokens([fifty]),parse_status(ok),parsed_sem(50),gen_status(ok),raw_gen_tokens([fifty]),normalized_gen_tokens([fifty]),sentence(fifty))
2026-03-19T12:45:58 | reverse_gen_session | reverse_case(input_tokens([twenty_,one]),parse_status(ok),parsed_sem('1X+20'(1)),gen_status(ok),raw_gen_tokens([twenty,one]),normalized_gen_tokens([twenty_,one]),sentence(twentyone))
2026-03-19T12:45:58 | reverse_gen_session | reverse_case(input_tokens([twenty_,two]),parse_status(ok),parsed_sem('1X+20'(2)),gen_status(ok),raw_gen_tokens([twenty,two]),normalized_gen_tokens([twenty_,two]),sentence(twentytwo))
2026-03-19T12:45:58 | reverse_gen_session | reverse_case(input_tokens([twenty_,three]),parse_status(ok),parsed_sem('1X+20'(3)),gen_status(ok),raw_gen_tokens([twenty,three]),normalized_gen_tokens([twenty_,three]),sentence(twentythree))
2026-03-19T12:45:58 | reverse_gen_session | reverse_case(input_tokens([twenty_,four]),parse_status(ok),parsed_sem('1X+20'(4)),gen_status(ok),raw_gen_tokens([twenty]),normalized_gen_tokens([twenty]),sentence(twenty))
2026-03-19T12:45:58 | reverse_gen_session | reverse_case(input_tokens([twenty_,five]),parse_status(ok),parsed_sem('1X+20'(5)),gen_status(ok),raw_gen_tokens([twenty,five]),normalized_gen_tokens([twenty_,five]),sentence(twentyfive))
2026-03-19T12:45:58 | reverse_gen_session | reverse_case(input_tokens([twenty_,six]),parse_status(ok),parsed_sem('1X+20'(6)),gen_status(ok),raw_gen_tokens([twenty]),normalized_gen_tokens([twenty]),sentence(twenty))
2026-03-19T12:45:58 | reverse_gen_session | reverse_case(input_tokens([twenty_,seven]),parse_status(ok),parsed_sem('1X+20'(7)),gen_status(ok),raw_gen_tokens([twenty]),normalized_gen_tokens([twenty]),sentence(twenty))
2026-03-19T12:45:58 | reverse_gen_session | reverse_case(input_tokens([twenty_,eight]),parse_status(ok),parsed_sem('1X+20'(8)),gen_status(ok),raw_gen_tokens([twenty]),normalized_gen_tokens([twenty]),sentence(twenty))
2026-03-19T12:45:58 | reverse_gen_session | reverse_case(input_tokens([twenty_,nine]),parse_status(ok),parsed_sem('1X+20'(9)),gen_status(ok),raw_gen_tokens([twenty]),normalized_gen_tokens([twenty]),sentence(twenty))
2026-03-19T12:45:58 | reverse_gen_session | reverse_case(input_tokens([thirty_,one]),parse_status(ok),parsed_sem('1X+30'(1)),gen_status(ok),raw_gen_tokens([thirty,one]),normalized_gen_tokens([thirty_,one]),sentence(thirtyone))
2026-03-19T12:45:58 | reverse_gen_session | reverse_case(input_tokens([thirty_,two]),parse_status(ok),parsed_sem('1X+30'(2)),gen_status(ok),raw_gen_tokens([thirty,two]),normalized_gen_tokens([thirty_,two]),sentence(thirtytwo))
2026-03-19T12:45:58 | reverse_gen_session | reverse_case(input_tokens([thirty_,three]),parse_status(ok),parsed_sem('1X+30'(3)),gen_status(ok),raw_gen_tokens([thirty,three]),normalized_gen_tokens([thirty_,three]),sentence(thirtythree))
2026-03-19T12:45:58 | reverse_gen_session | reverse_case(input_tokens([thirty_,four]),parse_status(ok),parsed_sem('1X+30'(4)),gen_status(ok),raw_gen_tokens([thirty]),normalized_gen_tokens([thirty]),sentence(thirty))
2026-03-19T12:45:58 | reverse_gen_session | reverse_case(input_tokens([thirty_,five]),parse_status(ok),parsed_sem('1X+30'(5)),gen_status(ok),raw_gen_tokens([thirty,five]),normalized_gen_tokens([thirty_,five]),sentence(thirtyfive))
2026-03-19T12:45:58 | reverse_gen_session | reverse_case(input_tokens([thirty_,six]),parse_status(ok),parsed_sem('1X+30'(6)),gen_status(ok),raw_gen_tokens([thirty]),normalized_gen_tokens([thirty]),sentence(thirty))
2026-03-19T12:45:58 | reverse_gen_session | reverse_case(input_tokens([thirty_,seven]),parse_status(ok),parsed_sem('1X+30'(7)),gen_status(ok),raw_gen_tokens([thirty]),normalized_gen_tokens([thirty]),sentence(thirty))
2026-03-19T12:45:58 | reverse_gen_session | reverse_case(input_tokens([thirty_,eight]),parse_status(ok),parsed_sem('1X+30'(8)),gen_status(ok),raw_gen_tokens([thirty]),normalized_gen_tokens([thirty]),sentence(thirty))
2026-03-19T12:45:58 | reverse_gen_session | reverse_case(input_tokens([thirty_,nine]),parse_status(ok),parsed_sem('1X+30'(9)),gen_status(ok),raw_gen_tokens([thirty]),normalized_gen_tokens([thirty]),sentence(thirty))
2026-03-19T12:45:58 | reverse_gen_session | reverse_case(input_tokens([fifty_,one]),parse_status(ok),parsed_sem('1X+50'(1)),gen_status(ok),raw_gen_tokens([fifty,one]),normalized_gen_tokens([fifty_,one]),sentence(fiftyone))
2026-03-19T12:45:58 | reverse_gen_session | reverse_case(input_tokens([fifty_,two]),parse_status(ok),parsed_sem('1X+50'(2)),gen_status(ok),raw_gen_tokens([fifty,two]),normalized_gen_tokens([fifty_,two]),sentence(fiftytwo))
2026-03-19T12:45:58 | reverse_gen_session | reverse_case(input_tokens([fifty_,three]),parse_status(ok),parsed_sem('1X+50'(3)),gen_status(ok),raw_gen_tokens([fifty,three]),normalized_gen_tokens([fifty_,three]),sentence(fiftythree))
2026-03-19T12:45:58 | reverse_gen_session | reverse_case(input_tokens([fifty_,four]),parse_status(ok),parsed_sem('1X+50'(4)),gen_status(ok),raw_gen_tokens([fifty]),normalized_gen_tokens([fifty]),sentence(fifty))
2026-03-19T12:45:58 | reverse_gen_session | reverse_case(input_tokens([fifty_,five]),parse_status(ok),parsed_sem('1X+50'(5)),gen_status(ok),raw_gen_tokens([fifty,five]),normalized_gen_tokens([fifty_,five]),sentence(fiftyfive))
2026-03-19T12:45:58 | reverse_gen_session | reverse_case(input_tokens([fifty_,six]),parse_status(ok),parsed_sem('1X+50'(6)),gen_status(ok),raw_gen_tokens([fifty]),normalized_gen_tokens([fifty]),sentence(fifty))
2026-03-19T12:45:58 | reverse_gen_session | reverse_case(input_tokens([fifty_,seven]),parse_status(ok),parsed_sem('1X+50'(7)),gen_status(ok),raw_gen_tokens([fifty]),normalized_gen_tokens([fifty]),sentence(fifty))
2026-03-19T12:45:58 | reverse_gen_session | reverse_case(input_tokens([fifty_,eight]),parse_status(ok),parsed_sem('1X+50'(8)),gen_status(ok),raw_gen_tokens([fifty]),normalized_gen_tokens([fifty]),sentence(fifty))
2026-03-19T12:45:58 | reverse_gen_session | reverse_case(input_tokens([fifty_,nine]),parse_status(ok),parsed_sem('1X+50'(9)),gen_status(ok),raw_gen_tokens([fifty]),normalized_gen_tokens([fifty]),sentence(fifty))
2026-03-19T12:45:58 | system | reverse_gen_run_end
2026-03-19T13:13:32 | system | gen_run_start
2026-03-19T13:13:32 | configuration | gen_run(semantic_cases_file('../cases/test_cases.pl'),gen_out_file('../generated/gen_out.pl'),forward_gen_tree_report_file('../generated/forward_gen_tree_report.txt'),repair_enabled(true),smoothing_enabled(true),smoothing_style(underscore))
2026-03-19T13:13:33 | gen_session | gen_case(semantic(1),status(ok),tokens([one]),sentence(one))
2026-03-19T13:13:33 | gen_session | gen_case(semantic(2),status(ok),tokens([two]),sentence(two))
2026-03-19T13:13:33 | gen_session | gen_case(semantic(3),status(ok),tokens([three]),sentence(three))
2026-03-19T13:13:33 | gen_session | gen_case(semantic(4),status(ok),tokens([four]),sentence(four))
2026-03-19T13:13:33 | gen_session | gen_case(semantic(5),status(ok),tokens([five]),sentence(five))
2026-03-19T13:13:33 | gen_session | gen_case(semantic(6),status(ok),tokens([six]),sentence(six))
2026-03-19T13:13:33 | gen_session | gen_case(semantic(7),status(ok),tokens([seven]),sentence(seven))
2026-03-19T13:13:33 | gen_session | gen_case(semantic(8),status(ok),tokens([eight]),sentence(eight))
2026-03-19T13:13:33 | gen_session | gen_case(semantic(9),status(ok),tokens([nine]),sentence(nine))
2026-03-19T13:13:33 | gen_session | gen_case(semantic(10),status(ok),tokens([ten]),sentence(ten))
2026-03-19T13:13:33 | gen_session | gen_case(semantic(11),status(ok),tokens([eleven]),sentence(eleven))
2026-03-19T13:13:33 | gen_session | gen_case(semantic(12),status(ok),tokens([twelve]),sentence(twelve))
2026-03-19T13:13:33 | gen_session | gen_case(semantic(13),status(ok),tokens([thirteen]),sentence(thirteen))
2026-03-19T13:13:33 | gen_session | gen_case(semantic(15),status(ok),tokens([fifteen]),sentence(fifteen))
2026-03-19T13:13:33 | gen_session | gen_case(semantic(18),status(gen_empty_yield),tokens([]),sentence(''))
2026-03-19T13:13:33 | gen_session | gen_case(semantic(20),status(ok),tokens([twenty]),sentence(twenty))
2026-03-19T13:13:33 | gen_session | gen_case(semantic(30),status(ok),tokens([thirty]),sentence(thirty))
2026-03-19T13:13:33 | gen_session | gen_case(semantic(50),status(ok),tokens([fifty]),sentence(fifty))
2026-03-19T13:13:33 | gen_session | gen_case(semantic('1X+10'(4)),status(ok),tokens([four,teen]),sentence(fourteen))
2026-03-19T13:13:33 | gen_session | gen_case(semantic('1X+10'(6)),status(ok),tokens([six,teen]),sentence(sixteen))
2026-03-19T13:13:33 | gen_session | gen_case(semantic('1X+10'(7)),status(ok),tokens([seven,teen]),sentence(seventeen))
2026-03-19T13:13:33 | gen_session | gen_case(semantic('0X+18'(8)),status(ok),tokens([eight,een]),sentence(eighteen))
2026-03-19T13:13:33 | gen_session | gen_case(semantic('1X+10'(9)),status(ok),tokens([nine,teen]),sentence(nineteen))
2026-03-19T13:13:33 | gen_session | gen_case(semantic('1X+20'(1)),status(ok),tokens([twenty,one]),sentence(twentyone))
2026-03-19T13:13:33 | gen_session | gen_case(semantic('1X+20'(2)),status(ok),tokens([twenty,two]),sentence(twentytwo))
2026-03-19T13:13:33 | gen_session | gen_case(semantic('1X+20'(3)),status(ok),tokens([twenty,three]),sentence(twentythree))
2026-03-19T13:13:33 | gen_session | gen_case(semantic('1X+20'(4)),status(ok),tokens([twenty]),sentence(twenty))
2026-03-19T13:13:33 | gen_session | gen_case(semantic('1X+20'(5)),status(ok),tokens([twenty,five]),sentence(twentyfive))
2026-03-19T13:13:33 | gen_session | gen_case(semantic('1X+20'(6)),status(ok),tokens([twenty]),sentence(twenty))
2026-03-19T13:13:33 | gen_session | gen_case(semantic('1X+20'(7)),status(ok),tokens([twenty]),sentence(twenty))
2026-03-19T13:13:33 | gen_session | gen_case(semantic('1X+20'(8)),status(ok),tokens([twenty]),sentence(twenty))
2026-03-19T13:13:33 | gen_session | gen_case(semantic('1X+20'(9)),status(ok),tokens([twenty]),sentence(twenty))
2026-03-19T13:13:33 | gen_session | gen_case(semantic('1X+30'(1)),status(ok),tokens([thirty,one]),sentence(thirtyone))
2026-03-19T13:13:33 | gen_session | gen_case(semantic('1X+30'(2)),status(ok),tokens([thirty,two]),sentence(thirtytwo))
2026-03-19T13:13:33 | gen_session | gen_case(semantic('1X+30'(3)),status(ok),tokens([thirty,three]),sentence(thirtythree))
2026-03-19T13:13:33 | gen_session | gen_case(semantic('1X+30'(4)),status(ok),tokens([thirty]),sentence(thirty))
2026-03-19T13:13:33 | gen_session | gen_case(semantic('1X+30'(5)),status(ok),tokens([thirty,five]),sentence(thirtyfive))
2026-03-19T13:13:33 | gen_session | gen_case(semantic('1X+30'(6)),status(ok),tokens([thirty]),sentence(thirty))
2026-03-19T13:13:33 | gen_session | gen_case(semantic('1X+30'(7)),status(ok),tokens([thirty]),sentence(thirty))
2026-03-19T13:13:33 | gen_session | gen_case(semantic('1X+30'(8)),status(ok),tokens([thirty]),sentence(thirty))
2026-03-19T13:13:33 | gen_session | gen_case(semantic('1X+30'(9)),status(ok),tokens([thirty]),sentence(thirty))
2026-03-19T13:13:33 | gen_session | gen_case(semantic('1X+50'(1)),status(ok),tokens([fifty,one]),sentence(fiftyone))
2026-03-19T13:13:33 | gen_session | gen_case(semantic('1X+50'(2)),status(ok),tokens([fifty,two]),sentence(fiftytwo))
2026-03-19T13:13:33 | gen_session | gen_case(semantic('1X+50'(3)),status(ok),tokens([fifty,three]),sentence(fiftythree))
2026-03-19T13:13:33 | gen_session | gen_case(semantic('1X+50'(4)),status(ok),tokens([fifty]),sentence(fifty))
2026-03-19T13:13:33 | gen_session | gen_case(semantic('1X+50'(5)),status(ok),tokens([fifty,five]),sentence(fiftyfive))
2026-03-19T13:13:33 | gen_session | gen_case(semantic('1X+50'(6)),status(ok),tokens([fifty]),sentence(fifty))
2026-03-19T13:13:33 | gen_session | gen_case(semantic('1X+50'(7)),status(ok),tokens([fifty]),sentence(fifty))
2026-03-19T13:13:33 | gen_session | gen_case(semantic('1X+50'(8)),status(ok),tokens([fifty]),sentence(fifty))
2026-03-19T13:13:33 | gen_session | gen_case(semantic('1X+50'(9)),status(ok),tokens([fifty]),sentence(fifty))
2026-03-19T13:13:33 | gen_session | gen_case(semantic('1X+40'(4)),status(gen_empty_yield),tokens([]),sentence(''))
2026-03-19T13:13:33 | gen_session | gen_case(semantic('1X+60'(4)),status(gen_empty_yield),tokens([]),sentence(''))
2026-03-19T13:13:33 | gen_session | gen_case(semantic('1X+70'(4)),status(gen_empty_yield),tokens([]),sentence(''))
2026-03-19T13:13:33 | gen_session | gen_case(semantic('1X+80'(4)),status(gen_empty_yield),tokens([]),sentence(''))
2026-03-19T13:13:33 | gen_session | gen_case(semantic('1X+90'(4)),status(gen_empty_yield),tokens([]),sentence(''))
2026-03-19T13:13:33 | system | gen_run_end
2026-03-19T13:13:33 | system | parse_run_start
2026-03-19T13:13:33 | configuration | parse_run(gen_out_file('../generated/gen_out.pl'),parse_out_file('../generated/parse_out.pl'),forward_parse_tree_report_file('../generated/forward_parse_tree_report.txt'),repair_enabled(true),smoothing_enabled(true),smoothing_style(underscore))
2026-03-19T13:13:34 | parse_session | parse_case(semantic(1),gen_status(ok),gen_tokens([one]),repaired_tokens([one]),parser_tokens([one]),repair_status(not_repaired),parse_status(ok),parsed_sem(1))
2026-03-19T13:13:34 | parse_session | parse_case(semantic(2),gen_status(ok),gen_tokens([two]),repaired_tokens([two]),parser_tokens([two]),repair_status(not_repaired),parse_status(ok),parsed_sem(2))
2026-03-19T13:13:34 | parse_session | parse_case(semantic(3),gen_status(ok),gen_tokens([three]),repaired_tokens([three]),parser_tokens([three]),repair_status(not_repaired),parse_status(ok),parsed_sem(3))
2026-03-19T13:13:34 | parse_session | parse_case(semantic(4),gen_status(ok),gen_tokens([four]),repaired_tokens([four]),parser_tokens([four]),repair_status(not_repaired),parse_status(ok),parsed_sem(4))
2026-03-19T13:13:34 | parse_session | parse_case(semantic(5),gen_status(ok),gen_tokens([five]),repaired_tokens([five]),parser_tokens([five]),repair_status(not_repaired),parse_status(ok),parsed_sem(5))
2026-03-19T13:13:34 | parse_session | parse_case(semantic(6),gen_status(ok),gen_tokens([six]),repaired_tokens([six]),parser_tokens([six]),repair_status(not_repaired),parse_status(ok),parsed_sem(6))
2026-03-19T13:13:34 | parse_session | parse_case(semantic(7),gen_status(ok),gen_tokens([seven]),repaired_tokens([seven]),parser_tokens([seven]),repair_status(not_repaired),parse_status(ok),parsed_sem(7))
2026-03-19T13:13:34 | parse_session | parse_case(semantic(8),gen_status(ok),gen_tokens([eight]),repaired_tokens([eight]),parser_tokens([eight]),repair_status(not_repaired),parse_status(ok),parsed_sem(8))
2026-03-19T13:13:34 | parse_session | parse_case(semantic(9),gen_status(ok),gen_tokens([nine]),repaired_tokens([nine]),parser_tokens([nine]),repair_status(not_repaired),parse_status(ok),parsed_sem(9))
2026-03-19T13:13:34 | parse_session | parse_case(semantic(10),gen_status(ok),gen_tokens([ten]),repaired_tokens([ten]),parser_tokens([ten]),repair_status(not_repaired),parse_status(ok),parsed_sem(10))
2026-03-19T13:13:34 | parse_session | parse_case(semantic(11),gen_status(ok),gen_tokens([eleven]),repaired_tokens([eleven]),parser_tokens([eleven]),repair_status(not_repaired),parse_status(ok),parsed_sem(11))
2026-03-19T13:13:34 | parse_session | parse_case(semantic(12),gen_status(ok),gen_tokens([twelve]),repaired_tokens([twelve]),parser_tokens([twelve]),repair_status(not_repaired),parse_status(ok),parsed_sem(12))
2026-03-19T13:13:34 | parse_session | parse_case(semantic(13),gen_status(ok),gen_tokens([thirteen]),repaired_tokens([thirteen]),parser_tokens([thirteen]),repair_status(not_repaired),parse_status(ok),parsed_sem(13))
2026-03-19T13:13:34 | parse_session | parse_case(semantic(15),gen_status(ok),gen_tokens([fifteen]),repaired_tokens([fifteen]),parser_tokens([fifteen]),repair_status(not_repaired),parse_status(ok),parsed_sem(15))
2026-03-19T13:13:34 | parse_session | parse_case(semantic(18),gen_status(gen_empty_yield),gen_tokens([]),repaired_tokens([]),parser_tokens([]),repair_status(not_repaired),parse_status(parse_skipped_empty_tokens),parsed_sem(none))
2026-03-19T13:13:34 | parse_session | parse_case(semantic(20),gen_status(ok),gen_tokens([twenty]),repaired_tokens([twenty]),parser_tokens([twenty]),repair_status(not_repaired),parse_status(ok),parsed_sem(20))
2026-03-19T13:13:34 | parse_session | parse_case(semantic(30),gen_status(ok),gen_tokens([thirty]),repaired_tokens([thirty]),parser_tokens([thirty]),repair_status(not_repaired),parse_status(ok),parsed_sem(30))
2026-03-19T13:13:34 | parse_session | parse_case(semantic(50),gen_status(ok),gen_tokens([fifty]),repaired_tokens([fifty]),parser_tokens([fifty]),repair_status(not_repaired),parse_status(ok),parsed_sem(50))
2026-03-19T13:13:34 | parse_session | parse_case(semantic('1X+10'(4)),gen_status(ok),gen_tokens([four,teen]),repaired_tokens([four,teen]),parser_tokens([four,teen]),repair_status(not_repaired),parse_status(ok),parsed_sem('1X+10'(4)))
2026-03-19T13:13:34 | parse_session | parse_case(semantic('1X+10'(6)),gen_status(ok),gen_tokens([six,teen]),repaired_tokens([six,teen]),parser_tokens([six,teen]),repair_status(not_repaired),parse_status(parse_fail),parsed_sem(none))
2026-03-19T13:13:34 | parse_session | parse_case(semantic('1X+10'(7)),gen_status(ok),gen_tokens([seven,teen]),repaired_tokens([seven,teen]),parser_tokens([seven,teen]),repair_status(not_repaired),parse_status(parse_fail),parsed_sem(none))
2026-03-19T13:13:34 | parse_session | parse_case(semantic('0X+18'(8)),gen_status(ok),gen_tokens([eight,een]),repaired_tokens([eight,een]),parser_tokens([eight,een]),repair_status(not_repaired),parse_status(ok),parsed_sem('0X+18'(8)))
2026-03-19T13:13:34 | parse_session | parse_case(semantic('1X+10'(9)),gen_status(ok),gen_tokens([nine,teen]),repaired_tokens([nine,teen]),parser_tokens([nine,teen]),repair_status(not_repaired),parse_status(parse_fail),parsed_sem(none))
2026-03-19T13:13:34 | parse_session | parse_case(semantic('1X+20'(1)),gen_status(ok),gen_tokens([twenty,one]),repaired_tokens([twenty,one]),parser_tokens([twenty_,one]),repair_status(not_repaired),parse_status(ok),parsed_sem('1X+20'(1)))
2026-03-19T13:13:34 | parse_session | parse_case(semantic('1X+20'(2)),gen_status(ok),gen_tokens([twenty,two]),repaired_tokens([twenty,two]),parser_tokens([twenty_,two]),repair_status(not_repaired),parse_status(ok),parsed_sem('1X+20'(2)))
2026-03-19T13:13:34 | parse_session | parse_case(semantic('1X+20'(3)),gen_status(ok),gen_tokens([twenty,three]),repaired_tokens([twenty,three]),parser_tokens([twenty_,three]),repair_status(not_repaired),parse_status(ok),parsed_sem('1X+20'(3)))
2026-03-19T13:13:34 | parse_session | parse_case(semantic('1X+20'(4)),gen_status(ok),gen_tokens([twenty]),repaired_tokens([twenty,four]),parser_tokens([twenty_,four]),repair_status(repaired),parse_status(ok),parsed_sem('1X+20'(4)))
2026-03-19T13:13:34 | parse_session | parse_case(semantic('1X+20'(5)),gen_status(ok),gen_tokens([twenty,five]),repaired_tokens([twenty,five]),parser_tokens([twenty_,five]),repair_status(not_repaired),parse_status(ok),parsed_sem('1X+20'(5)))
2026-03-19T13:13:34 | parse_session | parse_case(semantic('1X+20'(6)),gen_status(ok),gen_tokens([twenty]),repaired_tokens([twenty,six]),parser_tokens([twenty_,six]),repair_status(repaired),parse_status(ok),parsed_sem('1X+20'(6)))
2026-03-19T13:13:34 | parse_session | parse_case(semantic('1X+20'(7)),gen_status(ok),gen_tokens([twenty]),repaired_tokens([twenty,seven]),parser_tokens([twenty_,seven]),repair_status(repaired),parse_status(ok),parsed_sem('1X+20'(7)))
2026-03-19T13:13:34 | parse_session | parse_case(semantic('1X+20'(8)),gen_status(ok),gen_tokens([twenty]),repaired_tokens([twenty,eight]),parser_tokens([twenty_,eight]),repair_status(repaired),parse_status(ok),parsed_sem('1X+20'(8)))
2026-03-19T13:13:34 | parse_session | parse_case(semantic('1X+20'(9)),gen_status(ok),gen_tokens([twenty]),repaired_tokens([twenty,nine]),parser_tokens([twenty_,nine]),repair_status(repaired),parse_status(ok),parsed_sem('1X+20'(9)))
2026-03-19T13:13:34 | parse_session | parse_case(semantic('1X+30'(1)),gen_status(ok),gen_tokens([thirty,one]),repaired_tokens([thirty,one]),parser_tokens([thirty_,one]),repair_status(not_repaired),parse_status(ok),parsed_sem('1X+30'(1)))
2026-03-19T13:13:34 | parse_session | parse_case(semantic('1X+30'(2)),gen_status(ok),gen_tokens([thirty,two]),repaired_tokens([thirty,two]),parser_tokens([thirty_,two]),repair_status(not_repaired),parse_status(ok),parsed_sem('1X+30'(2)))
2026-03-19T13:13:34 | parse_session | parse_case(semantic('1X+30'(3)),gen_status(ok),gen_tokens([thirty,three]),repaired_tokens([thirty,three]),parser_tokens([thirty_,three]),repair_status(not_repaired),parse_status(ok),parsed_sem('1X+30'(3)))
2026-03-19T13:13:34 | parse_session | parse_case(semantic('1X+30'(4)),gen_status(ok),gen_tokens([thirty]),repaired_tokens([thirty,four]),parser_tokens([thirty_,four]),repair_status(repaired),parse_status(ok),parsed_sem('1X+30'(4)))
2026-03-19T13:13:34 | parse_session | parse_case(semantic('1X+30'(5)),gen_status(ok),gen_tokens([thirty,five]),repaired_tokens([thirty,five]),parser_tokens([thirty_,five]),repair_status(not_repaired),parse_status(ok),parsed_sem('1X+30'(5)))
2026-03-19T13:13:34 | parse_session | parse_case(semantic('1X+30'(6)),gen_status(ok),gen_tokens([thirty]),repaired_tokens([thirty,six]),parser_tokens([thirty_,six]),repair_status(repaired),parse_status(ok),parsed_sem('1X+30'(6)))
2026-03-19T13:13:34 | parse_session | parse_case(semantic('1X+30'(7)),gen_status(ok),gen_tokens([thirty]),repaired_tokens([thirty,seven]),parser_tokens([thirty_,seven]),repair_status(repaired),parse_status(ok),parsed_sem('1X+30'(7)))
2026-03-19T13:13:34 | parse_session | parse_case(semantic('1X+30'(8)),gen_status(ok),gen_tokens([thirty]),repaired_tokens([thirty,eight]),parser_tokens([thirty_,eight]),repair_status(repaired),parse_status(ok),parsed_sem('1X+30'(8)))
2026-03-19T13:13:34 | parse_session | parse_case(semantic('1X+30'(9)),gen_status(ok),gen_tokens([thirty]),repaired_tokens([thirty,nine]),parser_tokens([thirty_,nine]),repair_status(repaired),parse_status(ok),parsed_sem('1X+30'(9)))
2026-03-19T13:13:34 | parse_session | parse_case(semantic('1X+50'(1)),gen_status(ok),gen_tokens([fifty,one]),repaired_tokens([fifty,one]),parser_tokens([fifty_,one]),repair_status(not_repaired),parse_status(ok),parsed_sem('1X+50'(1)))
2026-03-19T13:13:34 | parse_session | parse_case(semantic('1X+50'(2)),gen_status(ok),gen_tokens([fifty,two]),repaired_tokens([fifty,two]),parser_tokens([fifty_,two]),repair_status(not_repaired),parse_status(ok),parsed_sem('1X+50'(2)))
2026-03-19T13:13:34 | parse_session | parse_case(semantic('1X+50'(3)),gen_status(ok),gen_tokens([fifty,three]),repaired_tokens([fifty,three]),parser_tokens([fifty_,three]),repair_status(not_repaired),parse_status(ok),parsed_sem('1X+50'(3)))
2026-03-19T13:13:34 | parse_session | parse_case(semantic('1X+50'(4)),gen_status(ok),gen_tokens([fifty]),repaired_tokens([fifty,four]),parser_tokens([fifty_,four]),repair_status(repaired),parse_status(ok),parsed_sem('1X+50'(4)))
2026-03-19T13:13:34 | parse_session | parse_case(semantic('1X+50'(5)),gen_status(ok),gen_tokens([fifty,five]),repaired_tokens([fifty,five]),parser_tokens([fifty_,five]),repair_status(not_repaired),parse_status(ok),parsed_sem('1X+50'(5)))
2026-03-19T13:13:34 | parse_session | parse_case(semantic('1X+50'(6)),gen_status(ok),gen_tokens([fifty]),repaired_tokens([fifty,six]),parser_tokens([fifty_,six]),repair_status(repaired),parse_status(ok),parsed_sem('1X+50'(6)))
2026-03-19T13:13:34 | parse_session | parse_case(semantic('1X+50'(7)),gen_status(ok),gen_tokens([fifty]),repaired_tokens([fifty,seven]),parser_tokens([fifty_,seven]),repair_status(repaired),parse_status(ok),parsed_sem('1X+50'(7)))
2026-03-19T13:13:34 | parse_session | parse_case(semantic('1X+50'(8)),gen_status(ok),gen_tokens([fifty]),repaired_tokens([fifty,eight]),parser_tokens([fifty_,eight]),repair_status(repaired),parse_status(ok),parsed_sem('1X+50'(8)))
2026-03-19T13:13:34 | parse_session | parse_case(semantic('1X+50'(9)),gen_status(ok),gen_tokens([fifty]),repaired_tokens([fifty,nine]),parser_tokens([fifty_,nine]),repair_status(repaired),parse_status(ok),parsed_sem('1X+50'(9)))
2026-03-19T13:13:34 | parse_session | parse_case(semantic('1X+40'(4)),gen_status(gen_empty_yield),gen_tokens([]),repaired_tokens([]),parser_tokens([]),repair_status(not_repaired),parse_status(parse_skipped_empty_tokens),parsed_sem(none))
2026-03-19T13:13:34 | parse_session | parse_case(semantic('1X+60'(4)),gen_status(gen_empty_yield),gen_tokens([]),repaired_tokens([]),parser_tokens([]),repair_status(not_repaired),parse_status(parse_skipped_empty_tokens),parsed_sem(none))
2026-03-19T13:13:34 | parse_session | parse_case(semantic('1X+70'(4)),gen_status(gen_empty_yield),gen_tokens([]),repaired_tokens([]),parser_tokens([]),repair_status(not_repaired),parse_status(parse_skipped_empty_tokens),parsed_sem(none))
2026-03-19T13:13:34 | parse_session | parse_case(semantic('1X+80'(4)),gen_status(gen_empty_yield),gen_tokens([]),repaired_tokens([]),parser_tokens([]),repair_status(not_repaired),parse_status(parse_skipped_empty_tokens),parsed_sem(none))
2026-03-19T13:13:34 | parse_session | parse_case(semantic('1X+90'(4)),gen_status(gen_empty_yield),gen_tokens([]),repaired_tokens([]),parser_tokens([]),repair_status(not_repaired),parse_status(parse_skipped_empty_tokens),parsed_sem(none))
2026-03-19T13:13:34 | system | parse_run_end
2026-03-19T13:13:35 | system | reverse_parse_run_start
2026-03-19T13:13:35 | configuration | reverse_parse_run(token_cases_file('../cases/token_cases.pl'),reverse_parse_out_file('../generated/reverse_parse_out.pl'),repair_enabled(true),smoothing_enabled(true),smoothing_style(underscore))
2026-03-19T13:13:35 | reverse_parse_session | reverse_parse_case(tokens([one]),parse_status(ok),parsed_sem(1),parse_tree([li([one],[cfin])]))
2026-03-19T13:13:35 | reverse_parse_session | reverse_parse_case(tokens([two]),parse_status(ok),parsed_sem(2),parse_tree([li([two],[cfin])]))
2026-03-19T13:13:35 | reverse_parse_session | reverse_parse_case(tokens([three]),parse_status(ok),parsed_sem(3),parse_tree([li([three],[cfin])]))
2026-03-19T13:13:35 | reverse_parse_session | reverse_parse_case(tokens([four]),parse_status(ok),parsed_sem(4),parse_tree([li([four],[cfin])]))
2026-03-19T13:13:35 | reverse_parse_session | reverse_parse_case(tokens([five]),parse_status(ok),parsed_sem(5),parse_tree([li([five],[cfin])]))
2026-03-19T13:13:35 | reverse_parse_session | reverse_parse_case(tokens([six]),parse_status(ok),parsed_sem(6),parse_tree([li([six],[cfin])]))
2026-03-19T13:13:35 | reverse_parse_session | reverse_parse_case(tokens([seven]),parse_status(ok),parsed_sem(7),parse_tree([li([seven],[cfin])]))
2026-03-19T13:13:35 | reverse_parse_session | reverse_parse_case(tokens([eight]),parse_status(ok),parsed_sem(8),parse_tree([li([eight],[cfin])]))
2026-03-19T13:13:35 | reverse_parse_session | reverse_parse_case(tokens([nine]),parse_status(ok),parsed_sem(9),parse_tree([li([nine],[cfin])]))
2026-03-19T13:13:35 | reverse_parse_session | reverse_parse_case(tokens([ten]),parse_status(ok),parsed_sem(10),parse_tree([li([ten],[cfin])]))
2026-03-19T13:13:35 | reverse_parse_session | reverse_parse_case(tokens([eleven]),parse_status(ok),parsed_sem(11),parse_tree([li([eleven],[cfin])]))
2026-03-19T13:13:35 | reverse_parse_session | reverse_parse_case(tokens([twelve]),parse_status(ok),parsed_sem(12),parse_tree([li([twelve],[cfin])]))
2026-03-19T13:13:35 | reverse_parse_session | reverse_parse_case(tokens([thirteen]),parse_status(ok),parsed_sem(13),parse_tree([li([thirteen],[cfin])]))
2026-03-19T13:13:35 | reverse_parse_session | reverse_parse_case(tokens([fifteen]),parse_status(ok),parsed_sem(15),parse_tree([li([fifteen],[cfin])]))
2026-03-19T13:13:35 | reverse_parse_session | reverse_parse_case(tokens([four,teen]),parse_status(ok),parsed_sem('1X+10'(4)),parse_tree([tree(_106086,empty,tree(_105728,li([teen],[=c1,+a,cfin]),li([four],[c1,-a])))]))
2026-03-19T13:13:35 | reverse_parse_session | reverse_parse_case(tokens([eight,een]),parse_status(ok),parsed_sem('0X+18'(8)),parse_tree([tree(_106086,empty,tree(_105728,li([een],[=c1,+b,cfin]),li([eight],[c1,-b])))]))
2026-03-19T13:13:35 | reverse_parse_session | reverse_parse_case(tokens([twenty]),parse_status(ok),parsed_sem(20),parse_tree([li([twenty],[cfin])]))
2026-03-19T13:13:35 | reverse_parse_session | reverse_parse_case(tokens([thirty]),parse_status(ok),parsed_sem(30),parse_tree([li([thirty],[cfin])]))
2026-03-19T13:13:35 | reverse_parse_session | reverse_parse_case(tokens([fifty]),parse_status(ok),parsed_sem(50),parse_tree([li([fifty],[cfin])]))
2026-03-19T13:13:35 | reverse_parse_session | reverse_parse_case(tokens([twenty_,one]),parse_status(ok),parsed_sem('1X+20'(1)),parse_tree([tree(_105660,li([twenty_],[=c1,cfin]),li([one],[c1]))]))
2026-03-19T13:13:35 | reverse_parse_session | reverse_parse_case(tokens([twenty_,two]),parse_status(ok),parsed_sem('1X+20'(2)),parse_tree([tree(_105660,li([twenty_],[=c1,cfin]),li([two],[c1]))]))
2026-03-19T13:13:35 | reverse_parse_session | reverse_parse_case(tokens([twenty_,three]),parse_status(ok),parsed_sem('1X+20'(3)),parse_tree([tree(_105660,li([twenty_],[=c1,cfin]),li([three],[c1]))]))
2026-03-19T13:13:35 | reverse_parse_session | reverse_parse_case(tokens([twenty_,four]),parse_status(ok),parsed_sem('1X+20'(4)),parse_tree([tree(_105660,li([twenty_],[=c1,cfin]),li([four],[c1]))]))
2026-03-19T13:13:35 | reverse_parse_session | reverse_parse_case(tokens([twenty_,five]),parse_status(ok),parsed_sem('1X+20'(5)),parse_tree([tree(_105660,li([twenty_],[=c1,cfin]),li([five],[c1]))]))
2026-03-19T13:13:35 | reverse_parse_session | reverse_parse_case(tokens([twenty_,six]),parse_status(ok),parsed_sem('1X+20'(6)),parse_tree([tree(_105660,li([twenty_],[=c1,cfin]),li([six],[c1]))]))
2026-03-19T13:13:35 | reverse_parse_session | reverse_parse_case(tokens([twenty_,seven]),parse_status(ok),parsed_sem('1X+20'(7)),parse_tree([tree(_105660,li([twenty_],[=c1,cfin]),li([seven],[c1]))]))
2026-03-19T13:13:35 | reverse_parse_session | reverse_parse_case(tokens([twenty_,eight]),parse_status(ok),parsed_sem('1X+20'(8)),parse_tree([tree(_105660,li([twenty_],[=c1,cfin]),li([eight],[c1]))]))
2026-03-19T13:13:35 | reverse_parse_session | reverse_parse_case(tokens([twenty_,nine]),parse_status(ok),parsed_sem('1X+20'(9)),parse_tree([tree(_105660,li([twenty_],[=c1,cfin]),li([nine],[c1]))]))
2026-03-19T13:13:35 | reverse_parse_session | reverse_parse_case(tokens([thirty_,one]),parse_status(ok),parsed_sem('1X+30'(1)),parse_tree([tree(_105660,li([thirty_],[=c1,cfin]),li([one],[c1]))]))
2026-03-19T13:13:35 | reverse_parse_session | reverse_parse_case(tokens([thirty_,two]),parse_status(ok),parsed_sem('1X+30'(2)),parse_tree([tree(_105660,li([thirty_],[=c1,cfin]),li([two],[c1]))]))
2026-03-19T13:13:35 | reverse_parse_session | reverse_parse_case(tokens([thirty_,three]),parse_status(ok),parsed_sem('1X+30'(3)),parse_tree([tree(_105660,li([thirty_],[=c1,cfin]),li([three],[c1]))]))
2026-03-19T13:13:35 | reverse_parse_session | reverse_parse_case(tokens([thirty_,four]),parse_status(ok),parsed_sem('1X+30'(4)),parse_tree([tree(_105660,li([thirty_],[=c1,cfin]),li([four],[c1]))]))
2026-03-19T13:13:35 | reverse_parse_session | reverse_parse_case(tokens([thirty_,five]),parse_status(ok),parsed_sem('1X+30'(5)),parse_tree([tree(_105660,li([thirty_],[=c1,cfin]),li([five],[c1]))]))
2026-03-19T13:13:35 | reverse_parse_session | reverse_parse_case(tokens([thirty_,six]),parse_status(ok),parsed_sem('1X+30'(6)),parse_tree([tree(_105660,li([thirty_],[=c1,cfin]),li([six],[c1]))]))
2026-03-19T13:13:35 | reverse_parse_session | reverse_parse_case(tokens([thirty_,seven]),parse_status(ok),parsed_sem('1X+30'(7)),parse_tree([tree(_105660,li([thirty_],[=c1,cfin]),li([seven],[c1]))]))
2026-03-19T13:13:35 | reverse_parse_session | reverse_parse_case(tokens([thirty_,eight]),parse_status(ok),parsed_sem('1X+30'(8)),parse_tree([tree(_105660,li([thirty_],[=c1,cfin]),li([eight],[c1]))]))
2026-03-19T13:13:35 | reverse_parse_session | reverse_parse_case(tokens([thirty_,nine]),parse_status(ok),parsed_sem('1X+30'(9)),parse_tree([tree(_105660,li([thirty_],[=c1,cfin]),li([nine],[c1]))]))
2026-03-19T13:13:35 | reverse_parse_session | reverse_parse_case(tokens([fifty_,one]),parse_status(ok),parsed_sem('1X+50'(1)),parse_tree([tree(_105660,li([fifty_],[=c1,cfin]),li([one],[c1]))]))
2026-03-19T13:13:35 | reverse_parse_session | reverse_parse_case(tokens([fifty_,two]),parse_status(ok),parsed_sem('1X+50'(2)),parse_tree([tree(_105660,li([fifty_],[=c1,cfin]),li([two],[c1]))]))
2026-03-19T13:13:35 | reverse_parse_session | reverse_parse_case(tokens([fifty_,three]),parse_status(ok),parsed_sem('1X+50'(3)),parse_tree([tree(_105660,li([fifty_],[=c1,cfin]),li([three],[c1]))]))
2026-03-19T13:13:35 | reverse_parse_session | reverse_parse_case(tokens([fifty_,four]),parse_status(ok),parsed_sem('1X+50'(4)),parse_tree([tree(_105660,li([fifty_],[=c1,cfin]),li([four],[c1]))]))
2026-03-19T13:13:35 | reverse_parse_session | reverse_parse_case(tokens([fifty_,five]),parse_status(ok),parsed_sem('1X+50'(5)),parse_tree([tree(_105660,li([fifty_],[=c1,cfin]),li([five],[c1]))]))
2026-03-19T13:13:35 | reverse_parse_session | reverse_parse_case(tokens([fifty_,six]),parse_status(ok),parsed_sem('1X+50'(6)),parse_tree([tree(_105660,li([fifty_],[=c1,cfin]),li([six],[c1]))]))
2026-03-19T13:13:35 | reverse_parse_session | reverse_parse_case(tokens([fifty_,seven]),parse_status(ok),parsed_sem('1X+50'(7)),parse_tree([tree(_105660,li([fifty_],[=c1,cfin]),li([seven],[c1]))]))
2026-03-19T13:13:35 | reverse_parse_session | reverse_parse_case(tokens([fifty_,eight]),parse_status(ok),parsed_sem('1X+50'(8)),parse_tree([tree(_105660,li([fifty_],[=c1,cfin]),li([eight],[c1]))]))
2026-03-19T13:13:35 | reverse_parse_session | reverse_parse_case(tokens([fifty_,nine]),parse_status(ok),parsed_sem('1X+50'(9)),parse_tree([tree(_105660,li([fifty_],[=c1,cfin]),li([nine],[c1]))]))
2026-03-19T13:13:35 | system | reverse_parse_run_end
2026-03-19T13:13:36 | system | reverse_gen_run_start
2026-03-19T13:13:36 | configuration | reverse_gen_run(reverse_parse_out_file('../generated/reverse_parse_out.pl'),reverse_out_file('../generated/reverse_out.pl'),repair_enabled(true),smoothing_enabled(true),smoothing_style(underscore))
2026-03-19T13:13:36 | reverse_gen_session | reverse_case(input_tokens([one]),parse_status(ok),parsed_sem(1),gen_status(ok),raw_gen_tokens([one]),normalized_gen_tokens([one]),sentence(one))
2026-03-19T13:13:36 | reverse_gen_session | reverse_case(input_tokens([two]),parse_status(ok),parsed_sem(2),gen_status(ok),raw_gen_tokens([two]),normalized_gen_tokens([two]),sentence(two))
2026-03-19T13:13:36 | reverse_gen_session | reverse_case(input_tokens([three]),parse_status(ok),parsed_sem(3),gen_status(ok),raw_gen_tokens([three]),normalized_gen_tokens([three]),sentence(three))
2026-03-19T13:13:36 | reverse_gen_session | reverse_case(input_tokens([four]),parse_status(ok),parsed_sem(4),gen_status(ok),raw_gen_tokens([four]),normalized_gen_tokens([four]),sentence(four))
2026-03-19T13:13:36 | reverse_gen_session | reverse_case(input_tokens([five]),parse_status(ok),parsed_sem(5),gen_status(ok),raw_gen_tokens([five]),normalized_gen_tokens([five]),sentence(five))
2026-03-19T13:13:36 | reverse_gen_session | reverse_case(input_tokens([six]),parse_status(ok),parsed_sem(6),gen_status(ok),raw_gen_tokens([six]),normalized_gen_tokens([six]),sentence(six))
2026-03-19T13:13:36 | reverse_gen_session | reverse_case(input_tokens([seven]),parse_status(ok),parsed_sem(7),gen_status(ok),raw_gen_tokens([seven]),normalized_gen_tokens([seven]),sentence(seven))
2026-03-19T13:13:36 | reverse_gen_session | reverse_case(input_tokens([eight]),parse_status(ok),parsed_sem(8),gen_status(ok),raw_gen_tokens([eight]),normalized_gen_tokens([eight]),sentence(eight))
2026-03-19T13:13:36 | reverse_gen_session | reverse_case(input_tokens([nine]),parse_status(ok),parsed_sem(9),gen_status(ok),raw_gen_tokens([nine]),normalized_gen_tokens([nine]),sentence(nine))
2026-03-19T13:13:36 | reverse_gen_session | reverse_case(input_tokens([ten]),parse_status(ok),parsed_sem(10),gen_status(ok),raw_gen_tokens([ten]),normalized_gen_tokens([ten]),sentence(ten))
2026-03-19T13:13:36 | reverse_gen_session | reverse_case(input_tokens([eleven]),parse_status(ok),parsed_sem(11),gen_status(ok),raw_gen_tokens([eleven]),normalized_gen_tokens([eleven]),sentence(eleven))
2026-03-19T13:13:36 | reverse_gen_session | reverse_case(input_tokens([twelve]),parse_status(ok),parsed_sem(12),gen_status(ok),raw_gen_tokens([twelve]),normalized_gen_tokens([twelve]),sentence(twelve))
2026-03-19T13:13:36 | reverse_gen_session | reverse_case(input_tokens([thirteen]),parse_status(ok),parsed_sem(13),gen_status(ok),raw_gen_tokens([thirteen]),normalized_gen_tokens([thirteen]),sentence(thirteen))
2026-03-19T13:13:36 | reverse_gen_session | reverse_case(input_tokens([fifteen]),parse_status(ok),parsed_sem(15),gen_status(ok),raw_gen_tokens([fifteen]),normalized_gen_tokens([fifteen]),sentence(fifteen))
2026-03-19T13:13:36 | reverse_gen_session | reverse_case(input_tokens([four,teen]),parse_status(ok),parsed_sem('1X+10'(4)),gen_status(ok),raw_gen_tokens([four,teen]),normalized_gen_tokens([four,teen]),sentence(fourteen))
2026-03-19T13:13:36 | reverse_gen_session | reverse_case(input_tokens([eight,een]),parse_status(ok),parsed_sem('0X+18'(8)),gen_status(ok),raw_gen_tokens([eight,een]),normalized_gen_tokens([eight,een]),sentence(eighteen))
2026-03-19T13:13:36 | reverse_gen_session | reverse_case(input_tokens([twenty]),parse_status(ok),parsed_sem(20),gen_status(ok),raw_gen_tokens([twenty]),normalized_gen_tokens([twenty]),sentence(twenty))
2026-03-19T13:13:36 | reverse_gen_session | reverse_case(input_tokens([thirty]),parse_status(ok),parsed_sem(30),gen_status(ok),raw_gen_tokens([thirty]),normalized_gen_tokens([thirty]),sentence(thirty))
2026-03-19T13:13:36 | reverse_gen_session | reverse_case(input_tokens([fifty]),parse_status(ok),parsed_sem(50),gen_status(ok),raw_gen_tokens([fifty]),normalized_gen_tokens([fifty]),sentence(fifty))
2026-03-19T13:13:36 | reverse_gen_session | reverse_case(input_tokens([twenty_,one]),parse_status(ok),parsed_sem('1X+20'(1)),gen_status(ok),raw_gen_tokens([twenty,one]),normalized_gen_tokens([twenty_,one]),sentence(twentyone))
2026-03-19T13:13:36 | reverse_gen_session | reverse_case(input_tokens([twenty_,two]),parse_status(ok),parsed_sem('1X+20'(2)),gen_status(ok),raw_gen_tokens([twenty,two]),normalized_gen_tokens([twenty_,two]),sentence(twentytwo))
2026-03-19T13:13:36 | reverse_gen_session | reverse_case(input_tokens([twenty_,three]),parse_status(ok),parsed_sem('1X+20'(3)),gen_status(ok),raw_gen_tokens([twenty,three]),normalized_gen_tokens([twenty_,three]),sentence(twentythree))
2026-03-19T13:13:36 | reverse_gen_session | reverse_case(input_tokens([twenty_,four]),parse_status(ok),parsed_sem('1X+20'(4)),gen_status(ok),raw_gen_tokens([twenty]),normalized_gen_tokens([twenty]),sentence(twenty))
2026-03-19T13:13:36 | reverse_gen_session | reverse_case(input_tokens([twenty_,five]),parse_status(ok),parsed_sem('1X+20'(5)),gen_status(ok),raw_gen_tokens([twenty,five]),normalized_gen_tokens([twenty_,five]),sentence(twentyfive))
2026-03-19T13:13:36 | reverse_gen_session | reverse_case(input_tokens([twenty_,six]),parse_status(ok),parsed_sem('1X+20'(6)),gen_status(ok),raw_gen_tokens([twenty]),normalized_gen_tokens([twenty]),sentence(twenty))
2026-03-19T13:13:36 | reverse_gen_session | reverse_case(input_tokens([twenty_,seven]),parse_status(ok),parsed_sem('1X+20'(7)),gen_status(ok),raw_gen_tokens([twenty]),normalized_gen_tokens([twenty]),sentence(twenty))
2026-03-19T13:13:36 | reverse_gen_session | reverse_case(input_tokens([twenty_,eight]),parse_status(ok),parsed_sem('1X+20'(8)),gen_status(ok),raw_gen_tokens([twenty]),normalized_gen_tokens([twenty]),sentence(twenty))
2026-03-19T13:13:36 | reverse_gen_session | reverse_case(input_tokens([twenty_,nine]),parse_status(ok),parsed_sem('1X+20'(9)),gen_status(ok),raw_gen_tokens([twenty]),normalized_gen_tokens([twenty]),sentence(twenty))
2026-03-19T13:13:36 | reverse_gen_session | reverse_case(input_tokens([thirty_,one]),parse_status(ok),parsed_sem('1X+30'(1)),gen_status(ok),raw_gen_tokens([thirty,one]),normalized_gen_tokens([thirty_,one]),sentence(thirtyone))
2026-03-19T13:13:36 | reverse_gen_session | reverse_case(input_tokens([thirty_,two]),parse_status(ok),parsed_sem('1X+30'(2)),gen_status(ok),raw_gen_tokens([thirty,two]),normalized_gen_tokens([thirty_,two]),sentence(thirtytwo))
2026-03-19T13:13:36 | reverse_gen_session | reverse_case(input_tokens([thirty_,three]),parse_status(ok),parsed_sem('1X+30'(3)),gen_status(ok),raw_gen_tokens([thirty,three]),normalized_gen_tokens([thirty_,three]),sentence(thirtythree))
2026-03-19T13:13:36 | reverse_gen_session | reverse_case(input_tokens([thirty_,four]),parse_status(ok),parsed_sem('1X+30'(4)),gen_status(ok),raw_gen_tokens([thirty]),normalized_gen_tokens([thirty]),sentence(thirty))
2026-03-19T13:13:36 | reverse_gen_session | reverse_case(input_tokens([thirty_,five]),parse_status(ok),parsed_sem('1X+30'(5)),gen_status(ok),raw_gen_tokens([thirty,five]),normalized_gen_tokens([thirty_,five]),sentence(thirtyfive))
2026-03-19T13:13:36 | reverse_gen_session | reverse_case(input_tokens([thirty_,six]),parse_status(ok),parsed_sem('1X+30'(6)),gen_status(ok),raw_gen_tokens([thirty]),normalized_gen_tokens([thirty]),sentence(thirty))
2026-03-19T13:13:36 | reverse_gen_session | reverse_case(input_tokens([thirty_,seven]),parse_status(ok),parsed_sem('1X+30'(7)),gen_status(ok),raw_gen_tokens([thirty]),normalized_gen_tokens([thirty]),sentence(thirty))
2026-03-19T13:13:36 | reverse_gen_session | reverse_case(input_tokens([thirty_,eight]),parse_status(ok),parsed_sem('1X+30'(8)),gen_status(ok),raw_gen_tokens([thirty]),normalized_gen_tokens([thirty]),sentence(thirty))
2026-03-19T13:13:36 | reverse_gen_session | reverse_case(input_tokens([thirty_,nine]),parse_status(ok),parsed_sem('1X+30'(9)),gen_status(ok),raw_gen_tokens([thirty]),normalized_gen_tokens([thirty]),sentence(thirty))
2026-03-19T13:13:36 | reverse_gen_session | reverse_case(input_tokens([fifty_,one]),parse_status(ok),parsed_sem('1X+50'(1)),gen_status(ok),raw_gen_tokens([fifty,one]),normalized_gen_tokens([fifty_,one]),sentence(fiftyone))
2026-03-19T13:13:36 | reverse_gen_session | reverse_case(input_tokens([fifty_,two]),parse_status(ok),parsed_sem('1X+50'(2)),gen_status(ok),raw_gen_tokens([fifty,two]),normalized_gen_tokens([fifty_,two]),sentence(fiftytwo))
2026-03-19T13:13:36 | reverse_gen_session | reverse_case(input_tokens([fifty_,three]),parse_status(ok),parsed_sem('1X+50'(3)),gen_status(ok),raw_gen_tokens([fifty,three]),normalized_gen_tokens([fifty_,three]),sentence(fiftythree))
2026-03-19T13:13:36 | reverse_gen_session | reverse_case(input_tokens([fifty_,four]),parse_status(ok),parsed_sem('1X+50'(4)),gen_status(ok),raw_gen_tokens([fifty]),normalized_gen_tokens([fifty]),sentence(fifty))
2026-03-19T13:13:36 | reverse_gen_session | reverse_case(input_tokens([fifty_,five]),parse_status(ok),parsed_sem('1X+50'(5)),gen_status(ok),raw_gen_tokens([fifty,five]),normalized_gen_tokens([fifty_,five]),sentence(fiftyfive))
2026-03-19T13:13:36 | reverse_gen_session | reverse_case(input_tokens([fifty_,six]),parse_status(ok),parsed_sem('1X+50'(6)),gen_status(ok),raw_gen_tokens([fifty]),normalized_gen_tokens([fifty]),sentence(fifty))
2026-03-19T13:13:36 | reverse_gen_session | reverse_case(input_tokens([fifty_,seven]),parse_status(ok),parsed_sem('1X+50'(7)),gen_status(ok),raw_gen_tokens([fifty]),normalized_gen_tokens([fifty]),sentence(fifty))
2026-03-19T13:13:36 | reverse_gen_session | reverse_case(input_tokens([fifty_,eight]),parse_status(ok),parsed_sem('1X+50'(8)),gen_status(ok),raw_gen_tokens([fifty]),normalized_gen_tokens([fifty]),sentence(fifty))
2026-03-19T13:13:36 | reverse_gen_session | reverse_case(input_tokens([fifty_,nine]),parse_status(ok),parsed_sem('1X+50'(9)),gen_status(ok),raw_gen_tokens([fifty]),normalized_gen_tokens([fifty]),sentence(fifty))
2026-03-19T13:13:36 | system | reverse_gen_run_end
2026-03-19T13:14:09 | system | gen_run_start
2026-03-19T13:14:09 | configuration | gen_run(semantic_cases_file('../cases/test_cases.pl'),gen_out_file('../generated/gen_out.pl'),forward_gen_tree_report_file('../generated/forward_gen_tree_report.txt'),repair_enabled(true),smoothing_enabled(true),smoothing_style(underscore))
2026-03-19T13:14:11 | gen_session | gen_case(semantic(1),status(ok),tokens([one]),sentence(one))
2026-03-19T13:14:11 | gen_session | gen_case(semantic(2),status(ok),tokens([two]),sentence(two))
2026-03-19T13:14:11 | gen_session | gen_case(semantic(3),status(ok),tokens([three]),sentence(three))
2026-03-19T13:14:11 | gen_session | gen_case(semantic(4),status(ok),tokens([four]),sentence(four))
2026-03-19T13:14:11 | gen_session | gen_case(semantic(5),status(ok),tokens([five]),sentence(five))
2026-03-19T13:14:11 | gen_session | gen_case(semantic(6),status(ok),tokens([six]),sentence(six))
2026-03-19T13:14:11 | gen_session | gen_case(semantic(7),status(ok),tokens([seven]),sentence(seven))
2026-03-19T13:14:11 | gen_session | gen_case(semantic(8),status(ok),tokens([eight]),sentence(eight))
2026-03-19T13:14:11 | gen_session | gen_case(semantic(9),status(ok),tokens([nine]),sentence(nine))
2026-03-19T13:14:11 | gen_session | gen_case(semantic(10),status(ok),tokens([ten]),sentence(ten))
2026-03-19T13:14:11 | gen_session | gen_case(semantic(11),status(ok),tokens([eleven]),sentence(eleven))
2026-03-19T13:14:11 | gen_session | gen_case(semantic(12),status(ok),tokens([twelve]),sentence(twelve))
2026-03-19T13:14:11 | gen_session | gen_case(semantic(13),status(ok),tokens([thirteen]),sentence(thirteen))
2026-03-19T13:14:11 | gen_session | gen_case(semantic(15),status(ok),tokens([fifteen]),sentence(fifteen))
2026-03-19T13:14:11 | gen_session | gen_case(semantic(18),status(gen_empty_yield),tokens([]),sentence(''))
2026-03-19T13:14:11 | gen_session | gen_case(semantic(20),status(ok),tokens([twenty]),sentence(twenty))
2026-03-19T13:14:11 | gen_session | gen_case(semantic(30),status(ok),tokens([thirty]),sentence(thirty))
2026-03-19T13:14:11 | gen_session | gen_case(semantic(50),status(ok),tokens([fifty]),sentence(fifty))
2026-03-19T13:14:11 | gen_session | gen_case(semantic('1X+10'(4)),status(ok),tokens([four,teen]),sentence(fourteen))
2026-03-19T13:14:11 | gen_session | gen_case(semantic('1X+10'(6)),status(ok),tokens([six,teen]),sentence(sixteen))
2026-03-19T13:14:11 | gen_session | gen_case(semantic('1X+10'(7)),status(ok),tokens([seven,teen]),sentence(seventeen))
2026-03-19T13:14:11 | gen_session | gen_case(semantic('0X+18'(8)),status(ok),tokens([eight,een]),sentence(eighteen))
2026-03-19T13:14:11 | gen_session | gen_case(semantic('1X+10'(9)),status(ok),tokens([nine,teen]),sentence(nineteen))
2026-03-19T13:14:11 | gen_session | gen_case(semantic('1X+20'(1)),status(ok),tokens([twenty,one]),sentence(twentyone))
2026-03-19T13:14:11 | gen_session | gen_case(semantic('1X+20'(2)),status(ok),tokens([twenty,two]),sentence(twentytwo))
2026-03-19T13:14:11 | gen_session | gen_case(semantic('1X+20'(3)),status(ok),tokens([twenty,three]),sentence(twentythree))
2026-03-19T13:14:11 | gen_session | gen_case(semantic('1X+20'(4)),status(ok),tokens([twenty]),sentence(twenty))
2026-03-19T13:14:11 | gen_session | gen_case(semantic('1X+20'(5)),status(ok),tokens([twenty,five]),sentence(twentyfive))
2026-03-19T13:14:11 | gen_session | gen_case(semantic('1X+20'(6)),status(ok),tokens([twenty]),sentence(twenty))
2026-03-19T13:14:11 | gen_session | gen_case(semantic('1X+20'(7)),status(ok),tokens([twenty]),sentence(twenty))
2026-03-19T13:14:11 | gen_session | gen_case(semantic('1X+20'(8)),status(ok),tokens([twenty]),sentence(twenty))
2026-03-19T13:14:11 | gen_session | gen_case(semantic('1X+20'(9)),status(ok),tokens([twenty]),sentence(twenty))
2026-03-19T13:14:11 | gen_session | gen_case(semantic('1X+30'(1)),status(ok),tokens([thirty,one]),sentence(thirtyone))
2026-03-19T13:14:11 | gen_session | gen_case(semantic('1X+30'(2)),status(ok),tokens([thirty,two]),sentence(thirtytwo))
2026-03-19T13:14:11 | gen_session | gen_case(semantic('1X+30'(3)),status(ok),tokens([thirty,three]),sentence(thirtythree))
2026-03-19T13:14:11 | gen_session | gen_case(semantic('1X+30'(4)),status(ok),tokens([thirty]),sentence(thirty))
2026-03-19T13:14:11 | gen_session | gen_case(semantic('1X+30'(5)),status(ok),tokens([thirty,five]),sentence(thirtyfive))
2026-03-19T13:14:11 | gen_session | gen_case(semantic('1X+30'(6)),status(ok),tokens([thirty]),sentence(thirty))
2026-03-19T13:14:11 | gen_session | gen_case(semantic('1X+30'(7)),status(ok),tokens([thirty]),sentence(thirty))
2026-03-19T13:14:11 | gen_session | gen_case(semantic('1X+30'(8)),status(ok),tokens([thirty]),sentence(thirty))
2026-03-19T13:14:11 | gen_session | gen_case(semantic('1X+30'(9)),status(ok),tokens([thirty]),sentence(thirty))
2026-03-19T13:14:11 | gen_session | gen_case(semantic('1X+50'(1)),status(ok),tokens([fifty,one]),sentence(fiftyone))
2026-03-19T13:14:11 | gen_session | gen_case(semantic('1X+50'(2)),status(ok),tokens([fifty,two]),sentence(fiftytwo))
2026-03-19T13:14:11 | gen_session | gen_case(semantic('1X+50'(3)),status(ok),tokens([fifty,three]),sentence(fiftythree))
2026-03-19T13:14:11 | gen_session | gen_case(semantic('1X+50'(4)),status(ok),tokens([fifty]),sentence(fifty))
2026-03-19T13:14:11 | gen_session | gen_case(semantic('1X+50'(5)),status(ok),tokens([fifty,five]),sentence(fiftyfive))
2026-03-19T13:14:11 | gen_session | gen_case(semantic('1X+50'(6)),status(ok),tokens([fifty]),sentence(fifty))
2026-03-19T13:14:11 | gen_session | gen_case(semantic('1X+50'(7)),status(ok),tokens([fifty]),sentence(fifty))
2026-03-19T13:14:11 | gen_session | gen_case(semantic('1X+50'(8)),status(ok),tokens([fifty]),sentence(fifty))
2026-03-19T13:14:11 | gen_session | gen_case(semantic('1X+50'(9)),status(ok),tokens([fifty]),sentence(fifty))
2026-03-19T13:14:11 | gen_session | gen_case(semantic('1X+40'(4)),status(gen_empty_yield),tokens([]),sentence(''))
2026-03-19T13:14:11 | gen_session | gen_case(semantic('1X+60'(4)),status(gen_empty_yield),tokens([]),sentence(''))
2026-03-19T13:14:11 | gen_session | gen_case(semantic('1X+70'(4)),status(gen_empty_yield),tokens([]),sentence(''))
2026-03-19T13:14:11 | gen_session | gen_case(semantic('1X+80'(4)),status(gen_empty_yield),tokens([]),sentence(''))
2026-03-19T13:14:11 | gen_session | gen_case(semantic('1X+90'(4)),status(gen_empty_yield),tokens([]),sentence(''))
2026-03-19T13:14:11 | system | gen_run_end
2026-03-19T13:14:14 | system | parse_run_start
2026-03-19T13:14:14 | configuration | parse_run(gen_out_file('../generated/gen_out.pl'),parse_out_file('../generated/parse_out.pl'),forward_parse_tree_report_file('../generated/forward_parse_tree_report.txt'),repair_enabled(true),smoothing_enabled(true),smoothing_style(underscore))
2026-03-19T13:14:15 | parse_session | parse_case(semantic(1),gen_status(ok),gen_tokens([one]),repaired_tokens([one]),parser_tokens([one]),repair_status(not_repaired),parse_status(ok),parsed_sem(1))
2026-03-19T13:14:15 | parse_session | parse_case(semantic(2),gen_status(ok),gen_tokens([two]),repaired_tokens([two]),parser_tokens([two]),repair_status(not_repaired),parse_status(ok),parsed_sem(2))
2026-03-19T13:14:15 | parse_session | parse_case(semantic(3),gen_status(ok),gen_tokens([three]),repaired_tokens([three]),parser_tokens([three]),repair_status(not_repaired),parse_status(ok),parsed_sem(3))
2026-03-19T13:14:15 | parse_session | parse_case(semantic(4),gen_status(ok),gen_tokens([four]),repaired_tokens([four]),parser_tokens([four]),repair_status(not_repaired),parse_status(ok),parsed_sem(4))
2026-03-19T13:14:15 | parse_session | parse_case(semantic(5),gen_status(ok),gen_tokens([five]),repaired_tokens([five]),parser_tokens([five]),repair_status(not_repaired),parse_status(ok),parsed_sem(5))
2026-03-19T13:14:15 | parse_session | parse_case(semantic(6),gen_status(ok),gen_tokens([six]),repaired_tokens([six]),parser_tokens([six]),repair_status(not_repaired),parse_status(ok),parsed_sem(6))
2026-03-19T13:14:15 | parse_session | parse_case(semantic(7),gen_status(ok),gen_tokens([seven]),repaired_tokens([seven]),parser_tokens([seven]),repair_status(not_repaired),parse_status(ok),parsed_sem(7))
2026-03-19T13:14:15 | parse_session | parse_case(semantic(8),gen_status(ok),gen_tokens([eight]),repaired_tokens([eight]),parser_tokens([eight]),repair_status(not_repaired),parse_status(ok),parsed_sem(8))
2026-03-19T13:14:15 | parse_session | parse_case(semantic(9),gen_status(ok),gen_tokens([nine]),repaired_tokens([nine]),parser_tokens([nine]),repair_status(not_repaired),parse_status(ok),parsed_sem(9))
2026-03-19T13:14:15 | parse_session | parse_case(semantic(10),gen_status(ok),gen_tokens([ten]),repaired_tokens([ten]),parser_tokens([ten]),repair_status(not_repaired),parse_status(ok),parsed_sem(10))
2026-03-19T13:14:15 | parse_session | parse_case(semantic(11),gen_status(ok),gen_tokens([eleven]),repaired_tokens([eleven]),parser_tokens([eleven]),repair_status(not_repaired),parse_status(ok),parsed_sem(11))
2026-03-19T13:14:15 | parse_session | parse_case(semantic(12),gen_status(ok),gen_tokens([twelve]),repaired_tokens([twelve]),parser_tokens([twelve]),repair_status(not_repaired),parse_status(ok),parsed_sem(12))
2026-03-19T13:14:15 | parse_session | parse_case(semantic(13),gen_status(ok),gen_tokens([thirteen]),repaired_tokens([thirteen]),parser_tokens([thirteen]),repair_status(not_repaired),parse_status(ok),parsed_sem(13))
2026-03-19T13:14:15 | parse_session | parse_case(semantic(15),gen_status(ok),gen_tokens([fifteen]),repaired_tokens([fifteen]),parser_tokens([fifteen]),repair_status(not_repaired),parse_status(ok),parsed_sem(15))
2026-03-19T13:14:15 | parse_session | parse_case(semantic(18),gen_status(gen_empty_yield),gen_tokens([]),repaired_tokens([]),parser_tokens([]),repair_status(not_repaired),parse_status(parse_skipped_empty_tokens),parsed_sem(none))
2026-03-19T13:14:15 | parse_session | parse_case(semantic(20),gen_status(ok),gen_tokens([twenty]),repaired_tokens([twenty]),parser_tokens([twenty]),repair_status(not_repaired),parse_status(ok),parsed_sem(20))
2026-03-19T13:14:15 | parse_session | parse_case(semantic(30),gen_status(ok),gen_tokens([thirty]),repaired_tokens([thirty]),parser_tokens([thirty]),repair_status(not_repaired),parse_status(ok),parsed_sem(30))
2026-03-19T13:14:15 | parse_session | parse_case(semantic(50),gen_status(ok),gen_tokens([fifty]),repaired_tokens([fifty]),parser_tokens([fifty]),repair_status(not_repaired),parse_status(ok),parsed_sem(50))
2026-03-19T13:14:15 | parse_session | parse_case(semantic('1X+10'(4)),gen_status(ok),gen_tokens([four,teen]),repaired_tokens([four,teen]),parser_tokens([four,teen]),repair_status(not_repaired),parse_status(ok),parsed_sem('1X+10'(4)))
2026-03-19T13:14:15 | parse_session | parse_case(semantic('1X+10'(6)),gen_status(ok),gen_tokens([six,teen]),repaired_tokens([six,teen]),parser_tokens([six,teen]),repair_status(not_repaired),parse_status(parse_fail),parsed_sem(none))
2026-03-19T13:14:15 | parse_session | parse_case(semantic('1X+10'(7)),gen_status(ok),gen_tokens([seven,teen]),repaired_tokens([seven,teen]),parser_tokens([seven,teen]),repair_status(not_repaired),parse_status(parse_fail),parsed_sem(none))
2026-03-19T13:14:15 | parse_session | parse_case(semantic('0X+18'(8)),gen_status(ok),gen_tokens([eight,een]),repaired_tokens([eight,een]),parser_tokens([eight,een]),repair_status(not_repaired),parse_status(ok),parsed_sem('0X+18'(8)))
2026-03-19T13:14:15 | parse_session | parse_case(semantic('1X+10'(9)),gen_status(ok),gen_tokens([nine,teen]),repaired_tokens([nine,teen]),parser_tokens([nine,teen]),repair_status(not_repaired),parse_status(parse_fail),parsed_sem(none))
2026-03-19T13:14:15 | parse_session | parse_case(semantic('1X+20'(1)),gen_status(ok),gen_tokens([twenty,one]),repaired_tokens([twenty,one]),parser_tokens([twenty_,one]),repair_status(not_repaired),parse_status(ok),parsed_sem('1X+20'(1)))
2026-03-19T13:14:15 | parse_session | parse_case(semantic('1X+20'(2)),gen_status(ok),gen_tokens([twenty,two]),repaired_tokens([twenty,two]),parser_tokens([twenty_,two]),repair_status(not_repaired),parse_status(ok),parsed_sem('1X+20'(2)))
2026-03-19T13:14:15 | parse_session | parse_case(semantic('1X+20'(3)),gen_status(ok),gen_tokens([twenty,three]),repaired_tokens([twenty,three]),parser_tokens([twenty_,three]),repair_status(not_repaired),parse_status(ok),parsed_sem('1X+20'(3)))
2026-03-19T13:14:15 | parse_session | parse_case(semantic('1X+20'(4)),gen_status(ok),gen_tokens([twenty]),repaired_tokens([twenty,four]),parser_tokens([twenty_,four]),repair_status(repaired),parse_status(ok),parsed_sem('1X+20'(4)))
2026-03-19T13:14:15 | parse_session | parse_case(semantic('1X+20'(5)),gen_status(ok),gen_tokens([twenty,five]),repaired_tokens([twenty,five]),parser_tokens([twenty_,five]),repair_status(not_repaired),parse_status(ok),parsed_sem('1X+20'(5)))
2026-03-19T13:14:15 | parse_session | parse_case(semantic('1X+20'(6)),gen_status(ok),gen_tokens([twenty]),repaired_tokens([twenty,six]),parser_tokens([twenty_,six]),repair_status(repaired),parse_status(ok),parsed_sem('1X+20'(6)))
2026-03-19T13:14:15 | parse_session | parse_case(semantic('1X+20'(7)),gen_status(ok),gen_tokens([twenty]),repaired_tokens([twenty,seven]),parser_tokens([twenty_,seven]),repair_status(repaired),parse_status(ok),parsed_sem('1X+20'(7)))
2026-03-19T13:14:15 | parse_session | parse_case(semantic('1X+20'(8)),gen_status(ok),gen_tokens([twenty]),repaired_tokens([twenty,eight]),parser_tokens([twenty_,eight]),repair_status(repaired),parse_status(ok),parsed_sem('1X+20'(8)))
2026-03-19T13:14:15 | parse_session | parse_case(semantic('1X+20'(9)),gen_status(ok),gen_tokens([twenty]),repaired_tokens([twenty,nine]),parser_tokens([twenty_,nine]),repair_status(repaired),parse_status(ok),parsed_sem('1X+20'(9)))
2026-03-19T13:14:15 | parse_session | parse_case(semantic('1X+30'(1)),gen_status(ok),gen_tokens([thirty,one]),repaired_tokens([thirty,one]),parser_tokens([thirty_,one]),repair_status(not_repaired),parse_status(ok),parsed_sem('1X+30'(1)))
2026-03-19T13:14:15 | parse_session | parse_case(semantic('1X+30'(2)),gen_status(ok),gen_tokens([thirty,two]),repaired_tokens([thirty,two]),parser_tokens([thirty_,two]),repair_status(not_repaired),parse_status(ok),parsed_sem('1X+30'(2)))
2026-03-19T13:14:15 | parse_session | parse_case(semantic('1X+30'(3)),gen_status(ok),gen_tokens([thirty,three]),repaired_tokens([thirty,three]),parser_tokens([thirty_,three]),repair_status(not_repaired),parse_status(ok),parsed_sem('1X+30'(3)))
2026-03-19T13:14:15 | parse_session | parse_case(semantic('1X+30'(4)),gen_status(ok),gen_tokens([thirty]),repaired_tokens([thirty,four]),parser_tokens([thirty_,four]),repair_status(repaired),parse_status(ok),parsed_sem('1X+30'(4)))
2026-03-19T13:14:15 | parse_session | parse_case(semantic('1X+30'(5)),gen_status(ok),gen_tokens([thirty,five]),repaired_tokens([thirty,five]),parser_tokens([thirty_,five]),repair_status(not_repaired),parse_status(ok),parsed_sem('1X+30'(5)))
2026-03-19T13:14:15 | parse_session | parse_case(semantic('1X+30'(6)),gen_status(ok),gen_tokens([thirty]),repaired_tokens([thirty,six]),parser_tokens([thirty_,six]),repair_status(repaired),parse_status(ok),parsed_sem('1X+30'(6)))
2026-03-19T13:14:15 | parse_session | parse_case(semantic('1X+30'(7)),gen_status(ok),gen_tokens([thirty]),repaired_tokens([thirty,seven]),parser_tokens([thirty_,seven]),repair_status(repaired),parse_status(ok),parsed_sem('1X+30'(7)))
2026-03-19T13:14:15 | parse_session | parse_case(semantic('1X+30'(8)),gen_status(ok),gen_tokens([thirty]),repaired_tokens([thirty,eight]),parser_tokens([thirty_,eight]),repair_status(repaired),parse_status(ok),parsed_sem('1X+30'(8)))
2026-03-19T13:14:15 | parse_session | parse_case(semantic('1X+30'(9)),gen_status(ok),gen_tokens([thirty]),repaired_tokens([thirty,nine]),parser_tokens([thirty_,nine]),repair_status(repaired),parse_status(ok),parsed_sem('1X+30'(9)))
2026-03-19T13:14:15 | parse_session | parse_case(semantic('1X+50'(1)),gen_status(ok),gen_tokens([fifty,one]),repaired_tokens([fifty,one]),parser_tokens([fifty_,one]),repair_status(not_repaired),parse_status(ok),parsed_sem('1X+50'(1)))
2026-03-19T13:14:15 | parse_session | parse_case(semantic('1X+50'(2)),gen_status(ok),gen_tokens([fifty,two]),repaired_tokens([fifty,two]),parser_tokens([fifty_,two]),repair_status(not_repaired),parse_status(ok),parsed_sem('1X+50'(2)))
2026-03-19T13:14:15 | parse_session | parse_case(semantic('1X+50'(3)),gen_status(ok),gen_tokens([fifty,three]),repaired_tokens([fifty,three]),parser_tokens([fifty_,three]),repair_status(not_repaired),parse_status(ok),parsed_sem('1X+50'(3)))
2026-03-19T13:14:15 | parse_session | parse_case(semantic('1X+50'(4)),gen_status(ok),gen_tokens([fifty]),repaired_tokens([fifty,four]),parser_tokens([fifty_,four]),repair_status(repaired),parse_status(ok),parsed_sem('1X+50'(4)))
2026-03-19T13:14:15 | parse_session | parse_case(semantic('1X+50'(5)),gen_status(ok),gen_tokens([fifty,five]),repaired_tokens([fifty,five]),parser_tokens([fifty_,five]),repair_status(not_repaired),parse_status(ok),parsed_sem('1X+50'(5)))
2026-03-19T13:14:15 | parse_session | parse_case(semantic('1X+50'(6)),gen_status(ok),gen_tokens([fifty]),repaired_tokens([fifty,six]),parser_tokens([fifty_,six]),repair_status(repaired),parse_status(ok),parsed_sem('1X+50'(6)))
2026-03-19T13:14:15 | parse_session | parse_case(semantic('1X+50'(7)),gen_status(ok),gen_tokens([fifty]),repaired_tokens([fifty,seven]),parser_tokens([fifty_,seven]),repair_status(repaired),parse_status(ok),parsed_sem('1X+50'(7)))
2026-03-19T13:14:15 | parse_session | parse_case(semantic('1X+50'(8)),gen_status(ok),gen_tokens([fifty]),repaired_tokens([fifty,eight]),parser_tokens([fifty_,eight]),repair_status(repaired),parse_status(ok),parsed_sem('1X+50'(8)))
2026-03-19T13:14:15 | parse_session | parse_case(semantic('1X+50'(9)),gen_status(ok),gen_tokens([fifty]),repaired_tokens([fifty,nine]),parser_tokens([fifty_,nine]),repair_status(repaired),parse_status(ok),parsed_sem('1X+50'(9)))
2026-03-19T13:14:15 | parse_session | parse_case(semantic('1X+40'(4)),gen_status(gen_empty_yield),gen_tokens([]),repaired_tokens([]),parser_tokens([]),repair_status(not_repaired),parse_status(parse_skipped_empty_tokens),parsed_sem(none))
2026-03-19T13:14:15 | parse_session | parse_case(semantic('1X+60'(4)),gen_status(gen_empty_yield),gen_tokens([]),repaired_tokens([]),parser_tokens([]),repair_status(not_repaired),parse_status(parse_skipped_empty_tokens),parsed_sem(none))
2026-03-19T13:14:15 | parse_session | parse_case(semantic('1X+70'(4)),gen_status(gen_empty_yield),gen_tokens([]),repaired_tokens([]),parser_tokens([]),repair_status(not_repaired),parse_status(parse_skipped_empty_tokens),parsed_sem(none))
2026-03-19T13:14:15 | parse_session | parse_case(semantic('1X+80'(4)),gen_status(gen_empty_yield),gen_tokens([]),repaired_tokens([]),parser_tokens([]),repair_status(not_repaired),parse_status(parse_skipped_empty_tokens),parsed_sem(none))
2026-03-19T13:14:15 | parse_session | parse_case(semantic('1X+90'(4)),gen_status(gen_empty_yield),gen_tokens([]),repaired_tokens([]),parser_tokens([]),repair_status(not_repaired),parse_status(parse_skipped_empty_tokens),parsed_sem(none))
2026-03-19T13:14:15 | system | parse_run_end
2026-03-19T13:14:20 | system | reverse_parse_run_start
2026-03-19T13:14:20 | configuration | reverse_parse_run(token_cases_file('../cases/token_cases.pl'),reverse_parse_out_file('../generated/reverse_parse_out.pl'),repair_enabled(true),smoothing_enabled(true),smoothing_style(underscore))
2026-03-19T13:14:21 | reverse_parse_session | reverse_parse_case(tokens([one]),parse_status(ok),parsed_sem(1),parse_tree([li([one],[cfin])]))
2026-03-19T13:14:21 | reverse_parse_session | reverse_parse_case(tokens([two]),parse_status(ok),parsed_sem(2),parse_tree([li([two],[cfin])]))
2026-03-19T13:14:21 | reverse_parse_session | reverse_parse_case(tokens([three]),parse_status(ok),parsed_sem(3),parse_tree([li([three],[cfin])]))
2026-03-19T13:14:21 | reverse_parse_session | reverse_parse_case(tokens([four]),parse_status(ok),parsed_sem(4),parse_tree([li([four],[cfin])]))
2026-03-19T13:14:21 | reverse_parse_session | reverse_parse_case(tokens([five]),parse_status(ok),parsed_sem(5),parse_tree([li([five],[cfin])]))
2026-03-19T13:14:21 | reverse_parse_session | reverse_parse_case(tokens([six]),parse_status(ok),parsed_sem(6),parse_tree([li([six],[cfin])]))
2026-03-19T13:14:21 | reverse_parse_session | reverse_parse_case(tokens([seven]),parse_status(ok),parsed_sem(7),parse_tree([li([seven],[cfin])]))
2026-03-19T13:14:21 | reverse_parse_session | reverse_parse_case(tokens([eight]),parse_status(ok),parsed_sem(8),parse_tree([li([eight],[cfin])]))
2026-03-19T13:14:21 | reverse_parse_session | reverse_parse_case(tokens([nine]),parse_status(ok),parsed_sem(9),parse_tree([li([nine],[cfin])]))
2026-03-19T13:14:21 | reverse_parse_session | reverse_parse_case(tokens([ten]),parse_status(ok),parsed_sem(10),parse_tree([li([ten],[cfin])]))
2026-03-19T13:14:21 | reverse_parse_session | reverse_parse_case(tokens([eleven]),parse_status(ok),parsed_sem(11),parse_tree([li([eleven],[cfin])]))
2026-03-19T13:14:21 | reverse_parse_session | reverse_parse_case(tokens([twelve]),parse_status(ok),parsed_sem(12),parse_tree([li([twelve],[cfin])]))
2026-03-19T13:14:21 | reverse_parse_session | reverse_parse_case(tokens([thirteen]),parse_status(ok),parsed_sem(13),parse_tree([li([thirteen],[cfin])]))
2026-03-19T13:14:21 | reverse_parse_session | reverse_parse_case(tokens([fifteen]),parse_status(ok),parsed_sem(15),parse_tree([li([fifteen],[cfin])]))
2026-03-19T13:14:21 | reverse_parse_session | reverse_parse_case(tokens([four,teen]),parse_status(ok),parsed_sem('1X+10'(4)),parse_tree([tree(_106086,empty,tree(_105728,li([teen],[=c1,+a,cfin]),li([four],[c1,-a])))]))
2026-03-19T13:14:21 | reverse_parse_session | reverse_parse_case(tokens([eight,een]),parse_status(ok),parsed_sem('0X+18'(8)),parse_tree([tree(_106086,empty,tree(_105728,li([een],[=c1,+b,cfin]),li([eight],[c1,-b])))]))
2026-03-19T13:14:21 | reverse_parse_session | reverse_parse_case(tokens([twenty]),parse_status(ok),parsed_sem(20),parse_tree([li([twenty],[cfin])]))
2026-03-19T13:14:21 | reverse_parse_session | reverse_parse_case(tokens([thirty]),parse_status(ok),parsed_sem(30),parse_tree([li([thirty],[cfin])]))
2026-03-19T13:14:21 | reverse_parse_session | reverse_parse_case(tokens([fifty]),parse_status(ok),parsed_sem(50),parse_tree([li([fifty],[cfin])]))
2026-03-19T13:14:21 | reverse_parse_session | reverse_parse_case(tokens([twenty_,one]),parse_status(ok),parsed_sem('1X+20'(1)),parse_tree([tree(_105660,li([twenty_],[=c1,cfin]),li([one],[c1]))]))
2026-03-19T13:14:21 | reverse_parse_session | reverse_parse_case(tokens([twenty_,two]),parse_status(ok),parsed_sem('1X+20'(2)),parse_tree([tree(_105660,li([twenty_],[=c1,cfin]),li([two],[c1]))]))
2026-03-19T13:14:21 | reverse_parse_session | reverse_parse_case(tokens([twenty_,three]),parse_status(ok),parsed_sem('1X+20'(3)),parse_tree([tree(_105660,li([twenty_],[=c1,cfin]),li([three],[c1]))]))
2026-03-19T13:14:21 | reverse_parse_session | reverse_parse_case(tokens([twenty_,four]),parse_status(ok),parsed_sem('1X+20'(4)),parse_tree([tree(_105660,li([twenty_],[=c1,cfin]),li([four],[c1]))]))
2026-03-19T13:14:21 | reverse_parse_session | reverse_parse_case(tokens([twenty_,five]),parse_status(ok),parsed_sem('1X+20'(5)),parse_tree([tree(_105660,li([twenty_],[=c1,cfin]),li([five],[c1]))]))
2026-03-19T13:14:22 | reverse_parse_session | reverse_parse_case(tokens([twenty_,six]),parse_status(ok),parsed_sem('1X+20'(6)),parse_tree([tree(_105660,li([twenty_],[=c1,cfin]),li([six],[c1]))]))
2026-03-19T13:14:22 | reverse_parse_session | reverse_parse_case(tokens([twenty_,seven]),parse_status(ok),parsed_sem('1X+20'(7)),parse_tree([tree(_105660,li([twenty_],[=c1,cfin]),li([seven],[c1]))]))
2026-03-19T13:14:22 | reverse_parse_session | reverse_parse_case(tokens([twenty_,eight]),parse_status(ok),parsed_sem('1X+20'(8)),parse_tree([tree(_105660,li([twenty_],[=c1,cfin]),li([eight],[c1]))]))
2026-03-19T13:14:22 | reverse_parse_session | reverse_parse_case(tokens([twenty_,nine]),parse_status(ok),parsed_sem('1X+20'(9)),parse_tree([tree(_105660,li([twenty_],[=c1,cfin]),li([nine],[c1]))]))
2026-03-19T13:14:22 | reverse_parse_session | reverse_parse_case(tokens([thirty_,one]),parse_status(ok),parsed_sem('1X+30'(1)),parse_tree([tree(_105660,li([thirty_],[=c1,cfin]),li([one],[c1]))]))
2026-03-19T13:14:22 | reverse_parse_session | reverse_parse_case(tokens([thirty_,two]),parse_status(ok),parsed_sem('1X+30'(2)),parse_tree([tree(_105660,li([thirty_],[=c1,cfin]),li([two],[c1]))]))
2026-03-19T13:14:22 | reverse_parse_session | reverse_parse_case(tokens([thirty_,three]),parse_status(ok),parsed_sem('1X+30'(3)),parse_tree([tree(_105660,li([thirty_],[=c1,cfin]),li([three],[c1]))]))
2026-03-19T13:14:22 | reverse_parse_session | reverse_parse_case(tokens([thirty_,four]),parse_status(ok),parsed_sem('1X+30'(4)),parse_tree([tree(_105660,li([thirty_],[=c1,cfin]),li([four],[c1]))]))
2026-03-19T13:14:22 | reverse_parse_session | reverse_parse_case(tokens([thirty_,five]),parse_status(ok),parsed_sem('1X+30'(5)),parse_tree([tree(_105660,li([thirty_],[=c1,cfin]),li([five],[c1]))]))
2026-03-19T13:14:22 | reverse_parse_session | reverse_parse_case(tokens([thirty_,six]),parse_status(ok),parsed_sem('1X+30'(6)),parse_tree([tree(_105660,li([thirty_],[=c1,cfin]),li([six],[c1]))]))
2026-03-19T13:14:22 | reverse_parse_session | reverse_parse_case(tokens([thirty_,seven]),parse_status(ok),parsed_sem('1X+30'(7)),parse_tree([tree(_105660,li([thirty_],[=c1,cfin]),li([seven],[c1]))]))
2026-03-19T13:14:22 | reverse_parse_session | reverse_parse_case(tokens([thirty_,eight]),parse_status(ok),parsed_sem('1X+30'(8)),parse_tree([tree(_105660,li([thirty_],[=c1,cfin]),li([eight],[c1]))]))
2026-03-19T13:14:22 | reverse_parse_session | reverse_parse_case(tokens([thirty_,nine]),parse_status(ok),parsed_sem('1X+30'(9)),parse_tree([tree(_105660,li([thirty_],[=c1,cfin]),li([nine],[c1]))]))
2026-03-19T13:14:22 | reverse_parse_session | reverse_parse_case(tokens([fifty_,one]),parse_status(ok),parsed_sem('1X+50'(1)),parse_tree([tree(_105660,li([fifty_],[=c1,cfin]),li([one],[c1]))]))
2026-03-19T13:14:22 | reverse_parse_session | reverse_parse_case(tokens([fifty_,two]),parse_status(ok),parsed_sem('1X+50'(2)),parse_tree([tree(_105660,li([fifty_],[=c1,cfin]),li([two],[c1]))]))
2026-03-19T13:14:22 | reverse_parse_session | reverse_parse_case(tokens([fifty_,three]),parse_status(ok),parsed_sem('1X+50'(3)),parse_tree([tree(_105660,li([fifty_],[=c1,cfin]),li([three],[c1]))]))
2026-03-19T13:14:22 | reverse_parse_session | reverse_parse_case(tokens([fifty_,four]),parse_status(ok),parsed_sem('1X+50'(4)),parse_tree([tree(_105660,li([fifty_],[=c1,cfin]),li([four],[c1]))]))
2026-03-19T13:14:22 | reverse_parse_session | reverse_parse_case(tokens([fifty_,five]),parse_status(ok),parsed_sem('1X+50'(5)),parse_tree([tree(_105660,li([fifty_],[=c1,cfin]),li([five],[c1]))]))
2026-03-19T13:14:22 | reverse_parse_session | reverse_parse_case(tokens([fifty_,six]),parse_status(ok),parsed_sem('1X+50'(6)),parse_tree([tree(_105660,li([fifty_],[=c1,cfin]),li([six],[c1]))]))
2026-03-19T13:14:22 | reverse_parse_session | reverse_parse_case(tokens([fifty_,seven]),parse_status(ok),parsed_sem('1X+50'(7)),parse_tree([tree(_105660,li([fifty_],[=c1,cfin]),li([seven],[c1]))]))
2026-03-19T13:14:22 | reverse_parse_session | reverse_parse_case(tokens([fifty_,eight]),parse_status(ok),parsed_sem('1X+50'(8)),parse_tree([tree(_105660,li([fifty_],[=c1,cfin]),li([eight],[c1]))]))
2026-03-19T13:14:22 | reverse_parse_session | reverse_parse_case(tokens([fifty_,nine]),parse_status(ok),parsed_sem('1X+50'(9)),parse_tree([tree(_105660,li([fifty_],[=c1,cfin]),li([nine],[c1]))]))
2026-03-19T13:14:22 | system | reverse_parse_run_end
2026-03-19T13:14:23 | system | reverse_gen_run_start
2026-03-19T13:14:23 | configuration | reverse_gen_run(reverse_parse_out_file('../generated/reverse_parse_out.pl'),reverse_out_file('../generated/reverse_out.pl'),repair_enabled(true),smoothing_enabled(true),smoothing_style(underscore))
2026-03-19T13:14:25 | reverse_gen_session | reverse_case(input_tokens([one]),parse_status(ok),parsed_sem(1),gen_status(ok),raw_gen_tokens([one]),normalized_gen_tokens([one]),sentence(one))
2026-03-19T13:14:25 | reverse_gen_session | reverse_case(input_tokens([two]),parse_status(ok),parsed_sem(2),gen_status(ok),raw_gen_tokens([two]),normalized_gen_tokens([two]),sentence(two))
2026-03-19T13:14:25 | reverse_gen_session | reverse_case(input_tokens([three]),parse_status(ok),parsed_sem(3),gen_status(ok),raw_gen_tokens([three]),normalized_gen_tokens([three]),sentence(three))
2026-03-19T13:14:25 | reverse_gen_session | reverse_case(input_tokens([four]),parse_status(ok),parsed_sem(4),gen_status(ok),raw_gen_tokens([four]),normalized_gen_tokens([four]),sentence(four))
2026-03-19T13:14:25 | reverse_gen_session | reverse_case(input_tokens([five]),parse_status(ok),parsed_sem(5),gen_status(ok),raw_gen_tokens([five]),normalized_gen_tokens([five]),sentence(five))
2026-03-19T13:14:25 | reverse_gen_session | reverse_case(input_tokens([six]),parse_status(ok),parsed_sem(6),gen_status(ok),raw_gen_tokens([six]),normalized_gen_tokens([six]),sentence(six))
2026-03-19T13:14:25 | reverse_gen_session | reverse_case(input_tokens([seven]),parse_status(ok),parsed_sem(7),gen_status(ok),raw_gen_tokens([seven]),normalized_gen_tokens([seven]),sentence(seven))
2026-03-19T13:14:25 | reverse_gen_session | reverse_case(input_tokens([eight]),parse_status(ok),parsed_sem(8),gen_status(ok),raw_gen_tokens([eight]),normalized_gen_tokens([eight]),sentence(eight))
2026-03-19T13:14:25 | reverse_gen_session | reverse_case(input_tokens([nine]),parse_status(ok),parsed_sem(9),gen_status(ok),raw_gen_tokens([nine]),normalized_gen_tokens([nine]),sentence(nine))
2026-03-19T13:14:25 | reverse_gen_session | reverse_case(input_tokens([ten]),parse_status(ok),parsed_sem(10),gen_status(ok),raw_gen_tokens([ten]),normalized_gen_tokens([ten]),sentence(ten))
2026-03-19T13:14:25 | reverse_gen_session | reverse_case(input_tokens([eleven]),parse_status(ok),parsed_sem(11),gen_status(ok),raw_gen_tokens([eleven]),normalized_gen_tokens([eleven]),sentence(eleven))
2026-03-19T13:14:25 | reverse_gen_session | reverse_case(input_tokens([twelve]),parse_status(ok),parsed_sem(12),gen_status(ok),raw_gen_tokens([twelve]),normalized_gen_tokens([twelve]),sentence(twelve))
2026-03-19T13:14:25 | reverse_gen_session | reverse_case(input_tokens([thirteen]),parse_status(ok),parsed_sem(13),gen_status(ok),raw_gen_tokens([thirteen]),normalized_gen_tokens([thirteen]),sentence(thirteen))
2026-03-19T13:14:25 | reverse_gen_session | reverse_case(input_tokens([fifteen]),parse_status(ok),parsed_sem(15),gen_status(ok),raw_gen_tokens([fifteen]),normalized_gen_tokens([fifteen]),sentence(fifteen))
2026-03-19T13:14:25 | reverse_gen_session | reverse_case(input_tokens([four,teen]),parse_status(ok),parsed_sem('1X+10'(4)),gen_status(ok),raw_gen_tokens([four,teen]),normalized_gen_tokens([four,teen]),sentence(fourteen))
2026-03-19T13:14:25 | reverse_gen_session | reverse_case(input_tokens([eight,een]),parse_status(ok),parsed_sem('0X+18'(8)),gen_status(ok),raw_gen_tokens([eight,een]),normalized_gen_tokens([eight,een]),sentence(eighteen))
2026-03-19T13:14:26 | reverse_gen_session | reverse_case(input_tokens([twenty]),parse_status(ok),parsed_sem(20),gen_status(ok),raw_gen_tokens([twenty]),normalized_gen_tokens([twenty]),sentence(twenty))
2026-03-19T13:14:26 | reverse_gen_session | reverse_case(input_tokens([thirty]),parse_status(ok),parsed_sem(30),gen_status(ok),raw_gen_tokens([thirty]),normalized_gen_tokens([thirty]),sentence(thirty))
2026-03-19T13:14:26 | reverse_gen_session | reverse_case(input_tokens([fifty]),parse_status(ok),parsed_sem(50),gen_status(ok),raw_gen_tokens([fifty]),normalized_gen_tokens([fifty]),sentence(fifty))
2026-03-19T13:14:26 | reverse_gen_session | reverse_case(input_tokens([twenty_,one]),parse_status(ok),parsed_sem('1X+20'(1)),gen_status(ok),raw_gen_tokens([twenty,one]),normalized_gen_tokens([twenty_,one]),sentence(twentyone))
2026-03-19T13:14:26 | reverse_gen_session | reverse_case(input_tokens([twenty_,two]),parse_status(ok),parsed_sem('1X+20'(2)),gen_status(ok),raw_gen_tokens([twenty,two]),normalized_gen_tokens([twenty_,two]),sentence(twentytwo))
2026-03-19T13:14:26 | reverse_gen_session | reverse_case(input_tokens([twenty_,three]),parse_status(ok),parsed_sem('1X+20'(3)),gen_status(ok),raw_gen_tokens([twenty,three]),normalized_gen_tokens([twenty_,three]),sentence(twentythree))
2026-03-19T13:14:26 | reverse_gen_session | reverse_case(input_tokens([twenty_,four]),parse_status(ok),parsed_sem('1X+20'(4)),gen_status(ok),raw_gen_tokens([twenty]),normalized_gen_tokens([twenty]),sentence(twenty))
2026-03-19T13:14:26 | reverse_gen_session | reverse_case(input_tokens([twenty_,five]),parse_status(ok),parsed_sem('1X+20'(5)),gen_status(ok),raw_gen_tokens([twenty,five]),normalized_gen_tokens([twenty_,five]),sentence(twentyfive))
2026-03-19T13:14:26 | reverse_gen_session | reverse_case(input_tokens([twenty_,six]),parse_status(ok),parsed_sem('1X+20'(6)),gen_status(ok),raw_gen_tokens([twenty]),normalized_gen_tokens([twenty]),sentence(twenty))
2026-03-19T13:14:26 | reverse_gen_session | reverse_case(input_tokens([twenty_,seven]),parse_status(ok),parsed_sem('1X+20'(7)),gen_status(ok),raw_gen_tokens([twenty]),normalized_gen_tokens([twenty]),sentence(twenty))
2026-03-19T13:14:26 | reverse_gen_session | reverse_case(input_tokens([twenty_,eight]),parse_status(ok),parsed_sem('1X+20'(8)),gen_status(ok),raw_gen_tokens([twenty]),normalized_gen_tokens([twenty]),sentence(twenty))
2026-03-19T13:14:26 | reverse_gen_session | reverse_case(input_tokens([twenty_,nine]),parse_status(ok),parsed_sem('1X+20'(9)),gen_status(ok),raw_gen_tokens([twenty]),normalized_gen_tokens([twenty]),sentence(twenty))
2026-03-19T13:14:26 | reverse_gen_session | reverse_case(input_tokens([thirty_,one]),parse_status(ok),parsed_sem('1X+30'(1)),gen_status(ok),raw_gen_tokens([thirty,one]),normalized_gen_tokens([thirty_,one]),sentence(thirtyone))
2026-03-19T13:14:26 | reverse_gen_session | reverse_case(input_tokens([thirty_,two]),parse_status(ok),parsed_sem('1X+30'(2)),gen_status(ok),raw_gen_tokens([thirty,two]),normalized_gen_tokens([thirty_,two]),sentence(thirtytwo))
2026-03-19T13:14:26 | reverse_gen_session | reverse_case(input_tokens([thirty_,three]),parse_status(ok),parsed_sem('1X+30'(3)),gen_status(ok),raw_gen_tokens([thirty,three]),normalized_gen_tokens([thirty_,three]),sentence(thirtythree))
2026-03-19T13:14:26 | reverse_gen_session | reverse_case(input_tokens([thirty_,four]),parse_status(ok),parsed_sem('1X+30'(4)),gen_status(ok),raw_gen_tokens([thirty]),normalized_gen_tokens([thirty]),sentence(thirty))
2026-03-19T13:14:26 | reverse_gen_session | reverse_case(input_tokens([thirty_,five]),parse_status(ok),parsed_sem('1X+30'(5)),gen_status(ok),raw_gen_tokens([thirty,five]),normalized_gen_tokens([thirty_,five]),sentence(thirtyfive))
2026-03-19T13:14:26 | reverse_gen_session | reverse_case(input_tokens([thirty_,six]),parse_status(ok),parsed_sem('1X+30'(6)),gen_status(ok),raw_gen_tokens([thirty]),normalized_gen_tokens([thirty]),sentence(thirty))
2026-03-19T13:14:26 | reverse_gen_session | reverse_case(input_tokens([thirty_,seven]),parse_status(ok),parsed_sem('1X+30'(7)),gen_status(ok),raw_gen_tokens([thirty]),normalized_gen_tokens([thirty]),sentence(thirty))
2026-03-19T13:14:26 | reverse_gen_session | reverse_case(input_tokens([thirty_,eight]),parse_status(ok),parsed_sem('1X+30'(8)),gen_status(ok),raw_gen_tokens([thirty]),normalized_gen_tokens([thirty]),sentence(thirty))
2026-03-19T13:14:26 | reverse_gen_session | reverse_case(input_tokens([thirty_,nine]),parse_status(ok),parsed_sem('1X+30'(9)),gen_status(ok),raw_gen_tokens([thirty]),normalized_gen_tokens([thirty]),sentence(thirty))
2026-03-19T13:14:26 | reverse_gen_session | reverse_case(input_tokens([fifty_,one]),parse_status(ok),parsed_sem('1X+50'(1)),gen_status(ok),raw_gen_tokens([fifty,one]),normalized_gen_tokens([fifty_,one]),sentence(fiftyone))
2026-03-19T13:14:26 | reverse_gen_session | reverse_case(input_tokens([fifty_,two]),parse_status(ok),parsed_sem('1X+50'(2)),gen_status(ok),raw_gen_tokens([fifty,two]),normalized_gen_tokens([fifty_,two]),sentence(fiftytwo))
2026-03-19T13:14:26 | reverse_gen_session | reverse_case(input_tokens([fifty_,three]),parse_status(ok),parsed_sem('1X+50'(3)),gen_status(ok),raw_gen_tokens([fifty,three]),normalized_gen_tokens([fifty_,three]),sentence(fiftythree))
2026-03-19T13:14:26 | reverse_gen_session | reverse_case(input_tokens([fifty_,four]),parse_status(ok),parsed_sem('1X+50'(4)),gen_status(ok),raw_gen_tokens([fifty]),normalized_gen_tokens([fifty]),sentence(fifty))
2026-03-19T13:14:26 | reverse_gen_session | reverse_case(input_tokens([fifty_,five]),parse_status(ok),parsed_sem('1X+50'(5)),gen_status(ok),raw_gen_tokens([fifty,five]),normalized_gen_tokens([fifty_,five]),sentence(fiftyfive))
2026-03-19T13:14:26 | reverse_gen_session | reverse_case(input_tokens([fifty_,six]),parse_status(ok),parsed_sem('1X+50'(6)),gen_status(ok),raw_gen_tokens([fifty]),normalized_gen_tokens([fifty]),sentence(fifty))
2026-03-19T13:14:26 | reverse_gen_session | reverse_case(input_tokens([fifty_,seven]),parse_status(ok),parsed_sem('1X+50'(7)),gen_status(ok),raw_gen_tokens([fifty]),normalized_gen_tokens([fifty]),sentence(fifty))
2026-03-19T13:14:26 | reverse_gen_session | reverse_case(input_tokens([fifty_,eight]),parse_status(ok),parsed_sem('1X+50'(8)),gen_status(ok),raw_gen_tokens([fifty]),normalized_gen_tokens([fifty]),sentence(fifty))
2026-03-19T13:14:26 | reverse_gen_session | reverse_case(input_tokens([fifty_,nine]),parse_status(ok),parsed_sem('1X+50'(9)),gen_status(ok),raw_gen_tokens([fifty]),normalized_gen_tokens([fifty]),sentence(fifty))
2026-03-19T13:14:26 | system | reverse_gen_run_end
2026-03-25T02:53:09 | system | gen_run_start
2026-03-25T02:55:11 | system | gen_run_start
2026-03-25T02:55:11 | configuration | gen_run(profile_name(default_numbers_profile),generator_name('MG Generator'),generator_main_file('../../SemanticGenerator/MG-Generator/main.pl'),generator_lexicon_name(numbers_Gen),generator_lexicon_file('../../SemanticGenerator/MG-Generator/grammars/numbers_Gen.pl'),semantic_cases_file('../cases/test_cases.pl'),gen_out_file('../generated/gen_out.pl'),forward_gen_tree_report_file('../generated/forward_gen_tree_report.txt'),repair_enabled(true),smoothing_enabled(true),smoothing_style(underscore))
2026-03-25T02:55:11 | gen_session | gen_case(semantic(1),status(ok),tokens([one]),sentence(one))
2026-03-25T02:55:11 | gen_session | gen_case(semantic(2),status(ok),tokens([two]),sentence(two))
2026-03-25T02:55:11 | gen_session | gen_case(semantic(3),status(ok),tokens([three]),sentence(three))
2026-03-25T02:55:11 | gen_session | gen_case(semantic(4),status(ok),tokens([four]),sentence(four))
2026-03-25T02:55:11 | gen_session | gen_case(semantic(5),status(ok),tokens([five]),sentence(five))
2026-03-25T02:55:11 | gen_session | gen_case(semantic(6),status(ok),tokens([six]),sentence(six))
2026-03-25T02:55:11 | gen_session | gen_case(semantic(7),status(ok),tokens([seven]),sentence(seven))
2026-03-25T02:55:11 | gen_session | gen_case(semantic(8),status(ok),tokens([eight]),sentence(eight))
2026-03-25T02:55:11 | gen_session | gen_case(semantic(9),status(ok),tokens([nine]),sentence(nine))
2026-03-25T02:55:11 | gen_session | gen_case(semantic(10),status(ok),tokens([ten]),sentence(ten))
2026-03-25T02:55:11 | gen_session | gen_case(semantic(11),status(ok),tokens([eleven]),sentence(eleven))
2026-03-25T02:55:11 | gen_session | gen_case(semantic(12),status(ok),tokens([twelve]),sentence(twelve))
2026-03-25T02:55:11 | gen_session | gen_case(semantic(13),status(ok),tokens([thirteen]),sentence(thirteen))
2026-03-25T02:55:11 | gen_session | gen_case(semantic(15),status(ok),tokens([fifteen]),sentence(fifteen))
2026-03-25T02:55:11 | gen_session | gen_case(semantic(18),status(gen_empty_yield),tokens([]),sentence(''))
2026-03-25T02:55:11 | gen_session | gen_case(semantic(20),status(ok),tokens([twenty]),sentence(twenty))
2026-03-25T02:55:11 | gen_session | gen_case(semantic(30),status(ok),tokens([thirty]),sentence(thirty))
2026-03-25T02:55:11 | gen_session | gen_case(semantic(50),status(ok),tokens([fifty]),sentence(fifty))
2026-03-25T02:55:11 | gen_session | gen_case(semantic('1X+10'(4)),status(ok),tokens([four,teen]),sentence(fourteen))
2026-03-25T02:55:11 | gen_session | gen_case(semantic('1X+10'(6)),status(ok),tokens([six,teen]),sentence(sixteen))
2026-03-25T02:55:11 | gen_session | gen_case(semantic('1X+10'(7)),status(ok),tokens([seven,teen]),sentence(seventeen))
2026-03-25T02:55:11 | gen_session | gen_case(semantic('0X+18'(8)),status(ok),tokens([eight,een]),sentence(eighteen))
2026-03-25T02:55:11 | gen_session | gen_case(semantic('1X+10'(9)),status(ok),tokens([nine,teen]),sentence(nineteen))
2026-03-25T02:55:11 | gen_session | gen_case(semantic('1X+20'(1)),status(ok),tokens([twenty,one]),sentence(twentyone))
2026-03-25T02:55:11 | gen_session | gen_case(semantic('1X+20'(2)),status(ok),tokens([twenty,two]),sentence(twentytwo))
2026-03-25T02:55:11 | gen_session | gen_case(semantic('1X+20'(3)),status(ok),tokens([twenty,three]),sentence(twentythree))
2026-03-25T02:55:11 | gen_session | gen_case(semantic('1X+20'(4)),status(ok),tokens([twenty]),sentence(twenty))
2026-03-25T02:55:11 | gen_session | gen_case(semantic('1X+20'(5)),status(ok),tokens([twenty,five]),sentence(twentyfive))
2026-03-25T02:55:11 | gen_session | gen_case(semantic('1X+20'(6)),status(ok),tokens([twenty]),sentence(twenty))
2026-03-25T02:55:11 | gen_session | gen_case(semantic('1X+20'(7)),status(ok),tokens([twenty]),sentence(twenty))
2026-03-25T02:55:11 | gen_session | gen_case(semantic('1X+20'(8)),status(ok),tokens([twenty]),sentence(twenty))
2026-03-25T02:55:11 | gen_session | gen_case(semantic('1X+20'(9)),status(ok),tokens([twenty]),sentence(twenty))
2026-03-25T02:55:11 | gen_session | gen_case(semantic('1X+30'(1)),status(ok),tokens([thirty,one]),sentence(thirtyone))
2026-03-25T02:55:11 | gen_session | gen_case(semantic('1X+30'(2)),status(ok),tokens([thirty,two]),sentence(thirtytwo))
2026-03-25T02:55:11 | gen_session | gen_case(semantic('1X+30'(3)),status(ok),tokens([thirty,three]),sentence(thirtythree))
2026-03-25T02:55:11 | gen_session | gen_case(semantic('1X+30'(4)),status(ok),tokens([thirty]),sentence(thirty))
2026-03-25T02:55:11 | gen_session | gen_case(semantic('1X+30'(5)),status(ok),tokens([thirty,five]),sentence(thirtyfive))
2026-03-25T02:55:11 | gen_session | gen_case(semantic('1X+30'(6)),status(ok),tokens([thirty]),sentence(thirty))
2026-03-25T02:55:11 | gen_session | gen_case(semantic('1X+30'(7)),status(ok),tokens([thirty]),sentence(thirty))
2026-03-25T02:55:11 | gen_session | gen_case(semantic('1X+30'(8)),status(ok),tokens([thirty]),sentence(thirty))
2026-03-25T02:55:11 | gen_session | gen_case(semantic('1X+30'(9)),status(ok),tokens([thirty]),sentence(thirty))
2026-03-25T02:55:11 | gen_session | gen_case(semantic('1X+50'(1)),status(ok),tokens([fifty,one]),sentence(fiftyone))
2026-03-25T02:55:11 | gen_session | gen_case(semantic('1X+50'(2)),status(ok),tokens([fifty,two]),sentence(fiftytwo))
2026-03-25T02:55:11 | gen_session | gen_case(semantic('1X+50'(3)),status(ok),tokens([fifty,three]),sentence(fiftythree))
2026-03-25T02:55:11 | gen_session | gen_case(semantic('1X+50'(4)),status(ok),tokens([fifty]),sentence(fifty))
2026-03-25T02:55:11 | gen_session | gen_case(semantic('1X+50'(5)),status(ok),tokens([fifty,five]),sentence(fiftyfive))
2026-03-25T02:55:11 | gen_session | gen_case(semantic('1X+50'(6)),status(ok),tokens([fifty]),sentence(fifty))
2026-03-25T02:55:11 | gen_session | gen_case(semantic('1X+50'(7)),status(ok),tokens([fifty]),sentence(fifty))
2026-03-25T02:55:11 | gen_session | gen_case(semantic('1X+50'(8)),status(ok),tokens([fifty]),sentence(fifty))
2026-03-25T02:55:11 | gen_session | gen_case(semantic('1X+50'(9)),status(ok),tokens([fifty]),sentence(fifty))
2026-03-25T02:55:11 | gen_session | gen_case(semantic('1X+40'(4)),status(gen_empty_yield),tokens([]),sentence(''))
2026-03-25T02:55:11 | gen_session | gen_case(semantic('1X+60'(4)),status(gen_empty_yield),tokens([]),sentence(''))
2026-03-25T02:55:11 | gen_session | gen_case(semantic('1X+70'(4)),status(gen_empty_yield),tokens([]),sentence(''))
2026-03-25T02:55:11 | gen_session | gen_case(semantic('1X+80'(4)),status(gen_empty_yield),tokens([]),sentence(''))
2026-03-25T02:55:11 | gen_session | gen_case(semantic('1X+90'(4)),status(gen_empty_yield),tokens([]),sentence(''))
2026-03-25T02:55:11 | system | gen_run_end
2026-03-25T02:59:19 | system | gen_run_start
2026-03-25T02:59:19 | configuration | gen_run(profile_name(default_numbers_profile),generator_name('MG Generator'),generator_main_file('../../SemanticGenerator/MG-Generator/main.pl'),generator_lexicon_name(numbers_Gen),generator_lexicon_file('../../SemanticGenerator/MG-Generator/grammars/numbers_Gen.pl'),semantic_cases_file('../cases/test_cases.pl'),gen_out_file('../generated/gen_out.pl'),forward_gen_tree_report_file('../generated/forward_gen_tree_report.txt'),repair_enabled(true),smoothing_enabled(true),smoothing_style(underscore))
2026-03-25T02:59:19 | gen_session | gen_case(semantic(1),status(ok),tokens([one]),sentence(one))
2026-03-25T02:59:19 | gen_session | gen_case(semantic(2),status(ok),tokens([two]),sentence(two))
2026-03-25T02:59:19 | gen_session | gen_case(semantic(3),status(ok),tokens([three]),sentence(three))
2026-03-25T02:59:19 | gen_session | gen_case(semantic(4),status(ok),tokens([four]),sentence(four))
2026-03-25T02:59:19 | gen_session | gen_case(semantic(5),status(ok),tokens([five]),sentence(five))
2026-03-25T02:59:19 | gen_session | gen_case(semantic(6),status(ok),tokens([six]),sentence(six))
2026-03-25T02:59:19 | gen_session | gen_case(semantic(7),status(ok),tokens([seven]),sentence(seven))
2026-03-25T02:59:19 | gen_session | gen_case(semantic(8),status(ok),tokens([eight]),sentence(eight))
2026-03-25T02:59:19 | gen_session | gen_case(semantic(9),status(ok),tokens([nine]),sentence(nine))
2026-03-25T02:59:19 | gen_session | gen_case(semantic(10),status(ok),tokens([ten]),sentence(ten))
2026-03-25T02:59:19 | gen_session | gen_case(semantic(11),status(ok),tokens([eleven]),sentence(eleven))
2026-03-25T02:59:19 | gen_session | gen_case(semantic(12),status(ok),tokens([twelve]),sentence(twelve))
2026-03-25T02:59:19 | gen_session | gen_case(semantic(13),status(ok),tokens([thirteen]),sentence(thirteen))
2026-03-25T02:59:19 | gen_session | gen_case(semantic(15),status(ok),tokens([fifteen]),sentence(fifteen))
2026-03-25T02:59:19 | gen_session | gen_case(semantic(18),status(gen_empty_yield),tokens([]),sentence(''))
2026-03-25T02:59:19 | gen_session | gen_case(semantic(20),status(ok),tokens([twenty]),sentence(twenty))
2026-03-25T02:59:19 | gen_session | gen_case(semantic(30),status(ok),tokens([thirty]),sentence(thirty))
2026-03-25T02:59:19 | gen_session | gen_case(semantic(50),status(ok),tokens([fifty]),sentence(fifty))
2026-03-25T02:59:19 | gen_session | gen_case(semantic('1X+10'(4)),status(ok),tokens([four,teen]),sentence(fourteen))
2026-03-25T02:59:19 | gen_session | gen_case(semantic('1X+10'(6)),status(ok),tokens([six,teen]),sentence(sixteen))
2026-03-25T02:59:19 | gen_session | gen_case(semantic('1X+10'(7)),status(ok),tokens([seven,teen]),sentence(seventeen))
2026-03-25T02:59:19 | gen_session | gen_case(semantic('0X+18'(8)),status(ok),tokens([eight,een]),sentence(eighteen))
2026-03-25T02:59:19 | gen_session | gen_case(semantic('1X+10'(9)),status(ok),tokens([nine,teen]),sentence(nineteen))
2026-03-25T02:59:19 | gen_session | gen_case(semantic('1X+20'(1)),status(ok),tokens([twenty,one]),sentence(twentyone))
2026-03-25T02:59:19 | gen_session | gen_case(semantic('1X+20'(2)),status(ok),tokens([twenty,two]),sentence(twentytwo))
2026-03-25T02:59:19 | gen_session | gen_case(semantic('1X+20'(3)),status(ok),tokens([twenty,three]),sentence(twentythree))
2026-03-25T02:59:19 | gen_session | gen_case(semantic('1X+20'(4)),status(ok),tokens([twenty]),sentence(twenty))
2026-03-25T02:59:19 | gen_session | gen_case(semantic('1X+20'(5)),status(ok),tokens([twenty,five]),sentence(twentyfive))
2026-03-25T02:59:19 | gen_session | gen_case(semantic('1X+20'(6)),status(ok),tokens([twenty]),sentence(twenty))
2026-03-25T02:59:19 | gen_session | gen_case(semantic('1X+20'(7)),status(ok),tokens([twenty]),sentence(twenty))
2026-03-25T02:59:19 | gen_session | gen_case(semantic('1X+20'(8)),status(ok),tokens([twenty]),sentence(twenty))
2026-03-25T02:59:19 | gen_session | gen_case(semantic('1X+20'(9)),status(ok),tokens([twenty]),sentence(twenty))
2026-03-25T02:59:19 | gen_session | gen_case(semantic('1X+30'(1)),status(ok),tokens([thirty,one]),sentence(thirtyone))
2026-03-25T02:59:19 | gen_session | gen_case(semantic('1X+30'(2)),status(ok),tokens([thirty,two]),sentence(thirtytwo))
2026-03-25T02:59:19 | gen_session | gen_case(semantic('1X+30'(3)),status(ok),tokens([thirty,three]),sentence(thirtythree))
2026-03-25T02:59:19 | gen_session | gen_case(semantic('1X+30'(4)),status(ok),tokens([thirty]),sentence(thirty))
2026-03-25T02:59:19 | gen_session | gen_case(semantic('1X+30'(5)),status(ok),tokens([thirty,five]),sentence(thirtyfive))
2026-03-25T02:59:19 | gen_session | gen_case(semantic('1X+30'(6)),status(ok),tokens([thirty]),sentence(thirty))
2026-03-25T02:59:19 | gen_session | gen_case(semantic('1X+30'(7)),status(ok),tokens([thirty]),sentence(thirty))
2026-03-25T02:59:19 | gen_session | gen_case(semantic('1X+30'(8)),status(ok),tokens([thirty]),sentence(thirty))
2026-03-25T02:59:19 | gen_session | gen_case(semantic('1X+30'(9)),status(ok),tokens([thirty]),sentence(thirty))
2026-03-25T02:59:19 | gen_session | gen_case(semantic('1X+50'(1)),status(ok),tokens([fifty,one]),sentence(fiftyone))
2026-03-25T02:59:19 | gen_session | gen_case(semantic('1X+50'(2)),status(ok),tokens([fifty,two]),sentence(fiftytwo))
2026-03-25T02:59:19 | gen_session | gen_case(semantic('1X+50'(3)),status(ok),tokens([fifty,three]),sentence(fiftythree))
2026-03-25T02:59:19 | gen_session | gen_case(semantic('1X+50'(4)),status(ok),tokens([fifty]),sentence(fifty))
2026-03-25T02:59:19 | gen_session | gen_case(semantic('1X+50'(5)),status(ok),tokens([fifty,five]),sentence(fiftyfive))
2026-03-25T02:59:19 | gen_session | gen_case(semantic('1X+50'(6)),status(ok),tokens([fifty]),sentence(fifty))
2026-03-25T02:59:19 | gen_session | gen_case(semantic('1X+50'(7)),status(ok),tokens([fifty]),sentence(fifty))
2026-03-25T02:59:19 | gen_session | gen_case(semantic('1X+50'(8)),status(ok),tokens([fifty]),sentence(fifty))
2026-03-25T02:59:19 | gen_session | gen_case(semantic('1X+50'(9)),status(ok),tokens([fifty]),sentence(fifty))
2026-03-25T02:59:19 | gen_session | gen_case(semantic('1X+40'(4)),status(gen_empty_yield),tokens([]),sentence(''))
2026-03-25T02:59:19 | gen_session | gen_case(semantic('1X+60'(4)),status(gen_empty_yield),tokens([]),sentence(''))
2026-03-25T02:59:19 | gen_session | gen_case(semantic('1X+70'(4)),status(gen_empty_yield),tokens([]),sentence(''))
2026-03-25T02:59:19 | gen_session | gen_case(semantic('1X+80'(4)),status(gen_empty_yield),tokens([]),sentence(''))
2026-03-25T02:59:19 | gen_session | gen_case(semantic('1X+90'(4)),status(gen_empty_yield),tokens([]),sentence(''))
2026-03-25T02:59:19 | system | gen_run_end
2026-03-25T03:07:07 | system | parse_run_start
2026-03-25T03:07:07 | configuration | parse_run(profile_name(default_numbers_profile),parser_name('MG LC Parser'),parser_load_file('../../MG-LC-Parser-with-Semantic-main/load.pl'),parser_semantics_file('../../MG-LC-Parser-with-Semantic-main/sem_from_tree.pl'),parser_lexicon_name('English_trans_pruned'),parser_lexicon_file('../../MG-LC-Parser-with-Semantic-main/grammars/English_trans_pruned.pl'),gen_out_file('../generated/gen_out.pl'),parse_out_file('../generated/parse_out.pl'),forward_parse_tree_report_file('../generated/forward_parse_tree_report.txt'),repair_enabled(true),smoothing_enabled(true),smoothing_style(underscore))
2026-03-25T03:07:07 | parse_session | parse_case(semantic(1),gen_status(ok),gen_tokens([one]),repaired_tokens([one]),parser_tokens([one]),repair_status(not_repaired),parse_status(ok),parsed_sem(1))
2026-03-25T03:07:07 | parse_session | parse_case(semantic(2),gen_status(ok),gen_tokens([two]),repaired_tokens([two]),parser_tokens([two]),repair_status(not_repaired),parse_status(ok),parsed_sem(2))
2026-03-25T03:07:07 | parse_session | parse_case(semantic(3),gen_status(ok),gen_tokens([three]),repaired_tokens([three]),parser_tokens([three]),repair_status(not_repaired),parse_status(ok),parsed_sem(3))
2026-03-25T03:07:07 | parse_session | parse_case(semantic(4),gen_status(ok),gen_tokens([four]),repaired_tokens([four]),parser_tokens([four]),repair_status(not_repaired),parse_status(ok),parsed_sem(4))
2026-03-25T03:07:07 | parse_session | parse_case(semantic(5),gen_status(ok),gen_tokens([five]),repaired_tokens([five]),parser_tokens([five]),repair_status(not_repaired),parse_status(ok),parsed_sem(5))
2026-03-25T03:07:07 | parse_session | parse_case(semantic(6),gen_status(ok),gen_tokens([six]),repaired_tokens([six]),parser_tokens([six]),repair_status(not_repaired),parse_status(ok),parsed_sem(6))
2026-03-25T03:07:07 | parse_session | parse_case(semantic(7),gen_status(ok),gen_tokens([seven]),repaired_tokens([seven]),parser_tokens([seven]),repair_status(not_repaired),parse_status(ok),parsed_sem(7))
2026-03-25T03:07:07 | parse_session | parse_case(semantic(8),gen_status(ok),gen_tokens([eight]),repaired_tokens([eight]),parser_tokens([eight]),repair_status(not_repaired),parse_status(ok),parsed_sem(8))
2026-03-25T03:07:07 | parse_session | parse_case(semantic(9),gen_status(ok),gen_tokens([nine]),repaired_tokens([nine]),parser_tokens([nine]),repair_status(not_repaired),parse_status(ok),parsed_sem(9))
2026-03-25T03:07:07 | parse_session | parse_case(semantic(10),gen_status(ok),gen_tokens([ten]),repaired_tokens([ten]),parser_tokens([ten]),repair_status(not_repaired),parse_status(ok),parsed_sem(10))
2026-03-25T03:07:07 | parse_session | parse_case(semantic(11),gen_status(ok),gen_tokens([eleven]),repaired_tokens([eleven]),parser_tokens([eleven]),repair_status(not_repaired),parse_status(ok),parsed_sem(11))
2026-03-25T03:07:07 | parse_session | parse_case(semantic(12),gen_status(ok),gen_tokens([twelve]),repaired_tokens([twelve]),parser_tokens([twelve]),repair_status(not_repaired),parse_status(ok),parsed_sem(12))
2026-03-25T03:07:07 | parse_session | parse_case(semantic(13),gen_status(ok),gen_tokens([thirteen]),repaired_tokens([thirteen]),parser_tokens([thirteen]),repair_status(not_repaired),parse_status(ok),parsed_sem(13))
2026-03-25T03:07:07 | parse_session | parse_case(semantic(15),gen_status(ok),gen_tokens([fifteen]),repaired_tokens([fifteen]),parser_tokens([fifteen]),repair_status(not_repaired),parse_status(ok),parsed_sem(15))
2026-03-25T03:07:07 | parse_session | parse_case(semantic(18),gen_status(gen_empty_yield),gen_tokens([]),repaired_tokens([]),parser_tokens([]),repair_status(not_repaired),parse_status(parse_skipped_empty_tokens),parsed_sem(none))
2026-03-25T03:07:07 | parse_session | parse_case(semantic(20),gen_status(ok),gen_tokens([twenty]),repaired_tokens([twenty]),parser_tokens([twenty]),repair_status(not_repaired),parse_status(ok),parsed_sem(20))
2026-03-25T03:07:07 | parse_session | parse_case(semantic(30),gen_status(ok),gen_tokens([thirty]),repaired_tokens([thirty]),parser_tokens([thirty]),repair_status(not_repaired),parse_status(ok),parsed_sem(30))
2026-03-25T03:07:07 | parse_session | parse_case(semantic(50),gen_status(ok),gen_tokens([fifty]),repaired_tokens([fifty]),parser_tokens([fifty]),repair_status(not_repaired),parse_status(ok),parsed_sem(50))
2026-03-25T03:07:07 | parse_session | parse_case(semantic('1X+10'(4)),gen_status(ok),gen_tokens([four,teen]),repaired_tokens([four,teen]),parser_tokens([four,teen]),repair_status(not_repaired),parse_status(ok),parsed_sem('1X+10'(4)))
2026-03-25T03:07:07 | parse_session | parse_case(semantic('1X+10'(6)),gen_status(ok),gen_tokens([six,teen]),repaired_tokens([six,teen]),parser_tokens([six,teen]),repair_status(not_repaired),parse_status(parse_fail),parsed_sem(none))
2026-03-25T03:07:07 | parse_session | parse_case(semantic('1X+10'(7)),gen_status(ok),gen_tokens([seven,teen]),repaired_tokens([seven,teen]),parser_tokens([seven,teen]),repair_status(not_repaired),parse_status(parse_fail),parsed_sem(none))
2026-03-25T03:07:07 | parse_session | parse_case(semantic('0X+18'(8)),gen_status(ok),gen_tokens([eight,een]),repaired_tokens([eight,een]),parser_tokens([eight,een]),repair_status(not_repaired),parse_status(ok),parsed_sem('0X+18'(8)))
2026-03-25T03:07:07 | parse_session | parse_case(semantic('1X+10'(9)),gen_status(ok),gen_tokens([nine,teen]),repaired_tokens([nine,teen]),parser_tokens([nine,teen]),repair_status(not_repaired),parse_status(parse_fail),parsed_sem(none))
2026-03-25T03:07:07 | parse_session | parse_case(semantic('1X+20'(1)),gen_status(ok),gen_tokens([twenty,one]),repaired_tokens([twenty,one]),parser_tokens([twenty_,one]),repair_status(not_repaired),parse_status(ok),parsed_sem('1X+20'(1)))
2026-03-25T03:07:07 | parse_session | parse_case(semantic('1X+20'(2)),gen_status(ok),gen_tokens([twenty,two]),repaired_tokens([twenty,two]),parser_tokens([twenty_,two]),repair_status(not_repaired),parse_status(ok),parsed_sem('1X+20'(2)))
2026-03-25T03:07:07 | parse_session | parse_case(semantic('1X+20'(3)),gen_status(ok),gen_tokens([twenty,three]),repaired_tokens([twenty,three]),parser_tokens([twenty_,three]),repair_status(not_repaired),parse_status(ok),parsed_sem('1X+20'(3)))
2026-03-25T03:07:07 | parse_session | parse_case(semantic('1X+20'(4)),gen_status(ok),gen_tokens([twenty]),repaired_tokens([twenty,four]),parser_tokens([twenty_,four]),repair_status(repaired),parse_status(ok),parsed_sem('1X+20'(4)))
2026-03-25T03:07:07 | parse_session | parse_case(semantic('1X+20'(5)),gen_status(ok),gen_tokens([twenty,five]),repaired_tokens([twenty,five]),parser_tokens([twenty_,five]),repair_status(not_repaired),parse_status(ok),parsed_sem('1X+20'(5)))
2026-03-25T03:07:07 | parse_session | parse_case(semantic('1X+20'(6)),gen_status(ok),gen_tokens([twenty]),repaired_tokens([twenty,six]),parser_tokens([twenty_,six]),repair_status(repaired),parse_status(ok),parsed_sem('1X+20'(6)))
2026-03-25T03:07:07 | parse_session | parse_case(semantic('1X+20'(7)),gen_status(ok),gen_tokens([twenty]),repaired_tokens([twenty,seven]),parser_tokens([twenty_,seven]),repair_status(repaired),parse_status(ok),parsed_sem('1X+20'(7)))
2026-03-25T03:07:07 | parse_session | parse_case(semantic('1X+20'(8)),gen_status(ok),gen_tokens([twenty]),repaired_tokens([twenty,eight]),parser_tokens([twenty_,eight]),repair_status(repaired),parse_status(ok),parsed_sem('1X+20'(8)))
2026-03-25T03:07:07 | parse_session | parse_case(semantic('1X+20'(9)),gen_status(ok),gen_tokens([twenty]),repaired_tokens([twenty,nine]),parser_tokens([twenty_,nine]),repair_status(repaired),parse_status(ok),parsed_sem('1X+20'(9)))
2026-03-25T03:07:07 | parse_session | parse_case(semantic('1X+30'(1)),gen_status(ok),gen_tokens([thirty,one]),repaired_tokens([thirty,one]),parser_tokens([thirty_,one]),repair_status(not_repaired),parse_status(ok),parsed_sem('1X+30'(1)))
2026-03-25T03:07:07 | parse_session | parse_case(semantic('1X+30'(2)),gen_status(ok),gen_tokens([thirty,two]),repaired_tokens([thirty,two]),parser_tokens([thirty_,two]),repair_status(not_repaired),parse_status(ok),parsed_sem('1X+30'(2)))
2026-03-25T03:07:07 | parse_session | parse_case(semantic('1X+30'(3)),gen_status(ok),gen_tokens([thirty,three]),repaired_tokens([thirty,three]),parser_tokens([thirty_,three]),repair_status(not_repaired),parse_status(ok),parsed_sem('1X+30'(3)))
2026-03-25T03:07:07 | parse_session | parse_case(semantic('1X+30'(4)),gen_status(ok),gen_tokens([thirty]),repaired_tokens([thirty,four]),parser_tokens([thirty_,four]),repair_status(repaired),parse_status(ok),parsed_sem('1X+30'(4)))
2026-03-25T03:07:07 | parse_session | parse_case(semantic('1X+30'(5)),gen_status(ok),gen_tokens([thirty,five]),repaired_tokens([thirty,five]),parser_tokens([thirty_,five]),repair_status(not_repaired),parse_status(ok),parsed_sem('1X+30'(5)))
2026-03-25T03:07:07 | parse_session | parse_case(semantic('1X+30'(6)),gen_status(ok),gen_tokens([thirty]),repaired_tokens([thirty,six]),parser_tokens([thirty_,six]),repair_status(repaired),parse_status(ok),parsed_sem('1X+30'(6)))
2026-03-25T03:07:07 | parse_session | parse_case(semantic('1X+30'(7)),gen_status(ok),gen_tokens([thirty]),repaired_tokens([thirty,seven]),parser_tokens([thirty_,seven]),repair_status(repaired),parse_status(ok),parsed_sem('1X+30'(7)))
2026-03-25T03:07:07 | parse_session | parse_case(semantic('1X+30'(8)),gen_status(ok),gen_tokens([thirty]),repaired_tokens([thirty,eight]),parser_tokens([thirty_,eight]),repair_status(repaired),parse_status(ok),parsed_sem('1X+30'(8)))
2026-03-25T03:07:07 | parse_session | parse_case(semantic('1X+30'(9)),gen_status(ok),gen_tokens([thirty]),repaired_tokens([thirty,nine]),parser_tokens([thirty_,nine]),repair_status(repaired),parse_status(ok),parsed_sem('1X+30'(9)))
2026-03-25T03:07:07 | parse_session | parse_case(semantic('1X+50'(1)),gen_status(ok),gen_tokens([fifty,one]),repaired_tokens([fifty,one]),parser_tokens([fifty_,one]),repair_status(not_repaired),parse_status(ok),parsed_sem('1X+50'(1)))
2026-03-25T03:07:07 | parse_session | parse_case(semantic('1X+50'(2)),gen_status(ok),gen_tokens([fifty,two]),repaired_tokens([fifty,two]),parser_tokens([fifty_,two]),repair_status(not_repaired),parse_status(ok),parsed_sem('1X+50'(2)))
2026-03-25T03:07:07 | parse_session | parse_case(semantic('1X+50'(3)),gen_status(ok),gen_tokens([fifty,three]),repaired_tokens([fifty,three]),parser_tokens([fifty_,three]),repair_status(not_repaired),parse_status(ok),parsed_sem('1X+50'(3)))
2026-03-25T03:07:07 | parse_session | parse_case(semantic('1X+50'(4)),gen_status(ok),gen_tokens([fifty]),repaired_tokens([fifty,four]),parser_tokens([fifty_,four]),repair_status(repaired),parse_status(ok),parsed_sem('1X+50'(4)))
2026-03-25T03:07:07 | parse_session | parse_case(semantic('1X+50'(5)),gen_status(ok),gen_tokens([fifty,five]),repaired_tokens([fifty,five]),parser_tokens([fifty_,five]),repair_status(not_repaired),parse_status(ok),parsed_sem('1X+50'(5)))
2026-03-25T03:07:07 | parse_session | parse_case(semantic('1X+50'(6)),gen_status(ok),gen_tokens([fifty]),repaired_tokens([fifty,six]),parser_tokens([fifty_,six]),repair_status(repaired),parse_status(ok),parsed_sem('1X+50'(6)))
2026-03-25T03:07:07 | parse_session | parse_case(semantic('1X+50'(7)),gen_status(ok),gen_tokens([fifty]),repaired_tokens([fifty,seven]),parser_tokens([fifty_,seven]),repair_status(repaired),parse_status(ok),parsed_sem('1X+50'(7)))
2026-03-25T03:07:07 | parse_session | parse_case(semantic('1X+50'(8)),gen_status(ok),gen_tokens([fifty]),repaired_tokens([fifty,eight]),parser_tokens([fifty_,eight]),repair_status(repaired),parse_status(ok),parsed_sem('1X+50'(8)))
2026-03-25T03:07:07 | parse_session | parse_case(semantic('1X+50'(9)),gen_status(ok),gen_tokens([fifty]),repaired_tokens([fifty,nine]),parser_tokens([fifty_,nine]),repair_status(repaired),parse_status(ok),parsed_sem('1X+50'(9)))
2026-03-25T03:07:07 | parse_session | parse_case(semantic('1X+40'(4)),gen_status(gen_empty_yield),gen_tokens([]),repaired_tokens([]),parser_tokens([]),repair_status(not_repaired),parse_status(parse_skipped_empty_tokens),parsed_sem(none))
2026-03-25T03:07:07 | parse_session | parse_case(semantic('1X+60'(4)),gen_status(gen_empty_yield),gen_tokens([]),repaired_tokens([]),parser_tokens([]),repair_status(not_repaired),parse_status(parse_skipped_empty_tokens),parsed_sem(none))
2026-03-25T03:07:07 | parse_session | parse_case(semantic('1X+70'(4)),gen_status(gen_empty_yield),gen_tokens([]),repaired_tokens([]),parser_tokens([]),repair_status(not_repaired),parse_status(parse_skipped_empty_tokens),parsed_sem(none))
2026-03-25T03:07:07 | parse_session | parse_case(semantic('1X+80'(4)),gen_status(gen_empty_yield),gen_tokens([]),repaired_tokens([]),parser_tokens([]),repair_status(not_repaired),parse_status(parse_skipped_empty_tokens),parsed_sem(none))
2026-03-25T03:07:07 | parse_session | parse_case(semantic('1X+90'(4)),gen_status(gen_empty_yield),gen_tokens([]),repaired_tokens([]),parser_tokens([]),repair_status(not_repaired),parse_status(parse_skipped_empty_tokens),parsed_sem(none))
2026-03-25T03:07:07 | system | parse_run_end
2026-03-25T03:15:30 | system | reverse_parse_run_start
2026-03-25T03:15:30 | configuration | reverse_parse_run(profile_name(default_numbers_profile),parser_name('MG LC Parser'),parser_load_file('../../MG-LC-Parser-with-Semantic-main/load.pl'),parser_semantics_file('../../MG-LC-Parser-with-Semantic-main/sem_from_tree.pl'),parser_lexicon_name('English_trans_pruned'),parser_lexicon_file('../../MG-LC-Parser-with-Semantic-main/grammars/English_trans_pruned.pl'),token_cases_file('../cases/token_cases.pl'),reverse_parse_out_file('../generated/reverse_parse_out.pl'),repair_enabled(true),smoothing_enabled(true),smoothing_style(underscore))
2026-03-25T03:15:30 | reverse_parse_session | reverse_parse_case(tokens([one]),parse_status(ok),parsed_sem(1),parse_tree([li([one],[cfin])]))
2026-03-25T03:15:30 | reverse_parse_session | reverse_parse_case(tokens([two]),parse_status(ok),parsed_sem(2),parse_tree([li([two],[cfin])]))
2026-03-25T03:15:30 | reverse_parse_session | reverse_parse_case(tokens([three]),parse_status(ok),parsed_sem(3),parse_tree([li([three],[cfin])]))
2026-03-25T03:15:30 | reverse_parse_session | reverse_parse_case(tokens([four]),parse_status(ok),parsed_sem(4),parse_tree([li([four],[cfin])]))
2026-03-25T03:15:30 | reverse_parse_session | reverse_parse_case(tokens([five]),parse_status(ok),parsed_sem(5),parse_tree([li([five],[cfin])]))
2026-03-25T03:15:30 | reverse_parse_session | reverse_parse_case(tokens([six]),parse_status(ok),parsed_sem(6),parse_tree([li([six],[cfin])]))
2026-03-25T03:15:30 | reverse_parse_session | reverse_parse_case(tokens([seven]),parse_status(ok),parsed_sem(7),parse_tree([li([seven],[cfin])]))
2026-03-25T03:15:30 | reverse_parse_session | reverse_parse_case(tokens([eight]),parse_status(ok),parsed_sem(8),parse_tree([li([eight],[cfin])]))
2026-03-25T03:15:30 | reverse_parse_session | reverse_parse_case(tokens([nine]),parse_status(ok),parsed_sem(9),parse_tree([li([nine],[cfin])]))
2026-03-25T03:15:30 | reverse_parse_session | reverse_parse_case(tokens([ten]),parse_status(ok),parsed_sem(10),parse_tree([li([ten],[cfin])]))
2026-03-25T03:15:30 | reverse_parse_session | reverse_parse_case(tokens([eleven]),parse_status(ok),parsed_sem(11),parse_tree([li([eleven],[cfin])]))
2026-03-25T03:15:30 | reverse_parse_session | reverse_parse_case(tokens([twelve]),parse_status(ok),parsed_sem(12),parse_tree([li([twelve],[cfin])]))
2026-03-25T03:15:30 | reverse_parse_session | reverse_parse_case(tokens([thirteen]),parse_status(ok),parsed_sem(13),parse_tree([li([thirteen],[cfin])]))
2026-03-25T03:15:30 | reverse_parse_session | reverse_parse_case(tokens([fifteen]),parse_status(ok),parsed_sem(15),parse_tree([li([fifteen],[cfin])]))
2026-03-25T03:15:30 | reverse_parse_session | reverse_parse_case(tokens([four,teen]),parse_status(ok),parsed_sem('1X+10'(4)),parse_tree([tree(_106088,empty,tree(_105730,li([teen],[=c1,+a,cfin]),li([four],[c1,-a])))]))
2026-03-25T03:15:30 | reverse_parse_session | reverse_parse_case(tokens([eight,een]),parse_status(ok),parsed_sem('0X+18'(8)),parse_tree([tree(_106088,empty,tree(_105730,li([een],[=c1,+b,cfin]),li([eight],[c1,-b])))]))
2026-03-25T03:15:30 | reverse_parse_session | reverse_parse_case(tokens([twenty]),parse_status(ok),parsed_sem(20),parse_tree([li([twenty],[cfin])]))
2026-03-25T03:15:30 | reverse_parse_session | reverse_parse_case(tokens([thirty]),parse_status(ok),parsed_sem(30),parse_tree([li([thirty],[cfin])]))
2026-03-25T03:15:30 | reverse_parse_session | reverse_parse_case(tokens([fifty]),parse_status(ok),parsed_sem(50),parse_tree([li([fifty],[cfin])]))
2026-03-25T03:15:30 | reverse_parse_session | reverse_parse_case(tokens([twenty_,one]),parse_status(ok),parsed_sem('1X+20'(1)),parse_tree([tree(_105662,li([twenty_],[=c1,cfin]),li([one],[c1]))]))
2026-03-25T03:15:30 | reverse_parse_session | reverse_parse_case(tokens([twenty_,two]),parse_status(ok),parsed_sem('1X+20'(2)),parse_tree([tree(_105662,li([twenty_],[=c1,cfin]),li([two],[c1]))]))
2026-03-25T03:15:30 | reverse_parse_session | reverse_parse_case(tokens([twenty_,three]),parse_status(ok),parsed_sem('1X+20'(3)),parse_tree([tree(_105662,li([twenty_],[=c1,cfin]),li([three],[c1]))]))
2026-03-25T03:15:30 | reverse_parse_session | reverse_parse_case(tokens([twenty_,four]),parse_status(ok),parsed_sem('1X+20'(4)),parse_tree([tree(_105662,li([twenty_],[=c1,cfin]),li([four],[c1]))]))
2026-03-25T03:15:30 | reverse_parse_session | reverse_parse_case(tokens([twenty_,five]),parse_status(ok),parsed_sem('1X+20'(5)),parse_tree([tree(_105662,li([twenty_],[=c1,cfin]),li([five],[c1]))]))
2026-03-25T03:15:30 | reverse_parse_session | reverse_parse_case(tokens([twenty_,six]),parse_status(ok),parsed_sem('1X+20'(6)),parse_tree([tree(_105662,li([twenty_],[=c1,cfin]),li([six],[c1]))]))
2026-03-25T03:15:30 | reverse_parse_session | reverse_parse_case(tokens([twenty_,seven]),parse_status(ok),parsed_sem('1X+20'(7)),parse_tree([tree(_105662,li([twenty_],[=c1,cfin]),li([seven],[c1]))]))
2026-03-25T03:15:30 | reverse_parse_session | reverse_parse_case(tokens([twenty_,eight]),parse_status(ok),parsed_sem('1X+20'(8)),parse_tree([tree(_105662,li([twenty_],[=c1,cfin]),li([eight],[c1]))]))
2026-03-25T03:15:30 | reverse_parse_session | reverse_parse_case(tokens([twenty_,nine]),parse_status(ok),parsed_sem('1X+20'(9)),parse_tree([tree(_105662,li([twenty_],[=c1,cfin]),li([nine],[c1]))]))
2026-03-25T03:15:30 | reverse_parse_session | reverse_parse_case(tokens([thirty_,one]),parse_status(ok),parsed_sem('1X+30'(1)),parse_tree([tree(_105662,li([thirty_],[=c1,cfin]),li([one],[c1]))]))
2026-03-25T03:15:30 | reverse_parse_session | reverse_parse_case(tokens([thirty_,two]),parse_status(ok),parsed_sem('1X+30'(2)),parse_tree([tree(_105662,li([thirty_],[=c1,cfin]),li([two],[c1]))]))
2026-03-25T03:15:30 | reverse_parse_session | reverse_parse_case(tokens([thirty_,three]),parse_status(ok),parsed_sem('1X+30'(3)),parse_tree([tree(_105662,li([thirty_],[=c1,cfin]),li([three],[c1]))]))
2026-03-25T03:15:30 | reverse_parse_session | reverse_parse_case(tokens([thirty_,four]),parse_status(ok),parsed_sem('1X+30'(4)),parse_tree([tree(_105662,li([thirty_],[=c1,cfin]),li([four],[c1]))]))
2026-03-25T03:15:30 | reverse_parse_session | reverse_parse_case(tokens([thirty_,five]),parse_status(ok),parsed_sem('1X+30'(5)),parse_tree([tree(_105662,li([thirty_],[=c1,cfin]),li([five],[c1]))]))
2026-03-25T03:15:30 | reverse_parse_session | reverse_parse_case(tokens([thirty_,six]),parse_status(ok),parsed_sem('1X+30'(6)),parse_tree([tree(_105662,li([thirty_],[=c1,cfin]),li([six],[c1]))]))
2026-03-25T03:15:30 | reverse_parse_session | reverse_parse_case(tokens([thirty_,seven]),parse_status(ok),parsed_sem('1X+30'(7)),parse_tree([tree(_105662,li([thirty_],[=c1,cfin]),li([seven],[c1]))]))
2026-03-25T03:15:30 | reverse_parse_session | reverse_parse_case(tokens([thirty_,eight]),parse_status(ok),parsed_sem('1X+30'(8)),parse_tree([tree(_105662,li([thirty_],[=c1,cfin]),li([eight],[c1]))]))
2026-03-25T03:15:30 | reverse_parse_session | reverse_parse_case(tokens([thirty_,nine]),parse_status(ok),parsed_sem('1X+30'(9)),parse_tree([tree(_105662,li([thirty_],[=c1,cfin]),li([nine],[c1]))]))
2026-03-25T03:15:30 | reverse_parse_session | reverse_parse_case(tokens([fifty_,one]),parse_status(ok),parsed_sem('1X+50'(1)),parse_tree([tree(_105662,li([fifty_],[=c1,cfin]),li([one],[c1]))]))
2026-03-25T03:15:30 | reverse_parse_session | reverse_parse_case(tokens([fifty_,two]),parse_status(ok),parsed_sem('1X+50'(2)),parse_tree([tree(_105662,li([fifty_],[=c1,cfin]),li([two],[c1]))]))
2026-03-25T03:15:30 | reverse_parse_session | reverse_parse_case(tokens([fifty_,three]),parse_status(ok),parsed_sem('1X+50'(3)),parse_tree([tree(_105662,li([fifty_],[=c1,cfin]),li([three],[c1]))]))
2026-03-25T03:15:30 | reverse_parse_session | reverse_parse_case(tokens([fifty_,four]),parse_status(ok),parsed_sem('1X+50'(4)),parse_tree([tree(_105662,li([fifty_],[=c1,cfin]),li([four],[c1]))]))
2026-03-25T03:15:30 | reverse_parse_session | reverse_parse_case(tokens([fifty_,five]),parse_status(ok),parsed_sem('1X+50'(5)),parse_tree([tree(_105662,li([fifty_],[=c1,cfin]),li([five],[c1]))]))
2026-03-25T03:15:30 | reverse_parse_session | reverse_parse_case(tokens([fifty_,six]),parse_status(ok),parsed_sem('1X+50'(6)),parse_tree([tree(_105662,li([fifty_],[=c1,cfin]),li([six],[c1]))]))
2026-03-25T03:15:30 | reverse_parse_session | reverse_parse_case(tokens([fifty_,seven]),parse_status(ok),parsed_sem('1X+50'(7)),parse_tree([tree(_105662,li([fifty_],[=c1,cfin]),li([seven],[c1]))]))
2026-03-25T03:15:30 | reverse_parse_session | reverse_parse_case(tokens([fifty_,eight]),parse_status(ok),parsed_sem('1X+50'(8)),parse_tree([tree(_105662,li([fifty_],[=c1,cfin]),li([eight],[c1]))]))
2026-03-25T03:15:30 | reverse_parse_session | reverse_parse_case(tokens([fifty_,nine]),parse_status(ok),parsed_sem('1X+50'(9)),parse_tree([tree(_105662,li([fifty_],[=c1,cfin]),li([nine],[c1]))]))
2026-03-25T03:15:30 | system | reverse_parse_run_end
2026-03-25T03:18:58 | system | reverse_gen_run_start
2026-03-25T03:18:58 | configuration | reverse_gen_run(profile_name(default_numbers_profile),generator_name('MG Generator'),generator_main_file('../../SemanticGenerator/MG-Generator/main.pl'),generator_lexicon_name(numbers_Gen),generator_lexicon_file('../../SemanticGenerator/MG-Generator/grammars/numbers_Gen.pl'),reverse_parse_out_file('../generated/reverse_parse_out.pl'),reverse_out_file('../generated/reverse_out.pl'),repair_enabled(true),smoothing_enabled(true),smoothing_style(underscore))
2026-03-25T03:18:58 | reverse_gen_session | reverse_case(input_tokens([one]),parse_status(ok),parsed_sem(1),gen_status(ok),raw_gen_tokens([one]),normalized_gen_tokens([one]),sentence(one))
2026-03-25T03:18:58 | reverse_gen_session | reverse_case(input_tokens([two]),parse_status(ok),parsed_sem(2),gen_status(ok),raw_gen_tokens([two]),normalized_gen_tokens([two]),sentence(two))
2026-03-25T03:18:58 | reverse_gen_session | reverse_case(input_tokens([three]),parse_status(ok),parsed_sem(3),gen_status(ok),raw_gen_tokens([three]),normalized_gen_tokens([three]),sentence(three))
2026-03-25T03:18:58 | reverse_gen_session | reverse_case(input_tokens([four]),parse_status(ok),parsed_sem(4),gen_status(ok),raw_gen_tokens([four]),normalized_gen_tokens([four]),sentence(four))
2026-03-25T03:18:58 | reverse_gen_session | reverse_case(input_tokens([five]),parse_status(ok),parsed_sem(5),gen_status(ok),raw_gen_tokens([five]),normalized_gen_tokens([five]),sentence(five))
2026-03-25T03:18:58 | reverse_gen_session | reverse_case(input_tokens([six]),parse_status(ok),parsed_sem(6),gen_status(ok),raw_gen_tokens([six]),normalized_gen_tokens([six]),sentence(six))
2026-03-25T03:18:58 | reverse_gen_session | reverse_case(input_tokens([seven]),parse_status(ok),parsed_sem(7),gen_status(ok),raw_gen_tokens([seven]),normalized_gen_tokens([seven]),sentence(seven))
2026-03-25T03:18:58 | reverse_gen_session | reverse_case(input_tokens([eight]),parse_status(ok),parsed_sem(8),gen_status(ok),raw_gen_tokens([eight]),normalized_gen_tokens([eight]),sentence(eight))
2026-03-25T03:18:58 | reverse_gen_session | reverse_case(input_tokens([nine]),parse_status(ok),parsed_sem(9),gen_status(ok),raw_gen_tokens([nine]),normalized_gen_tokens([nine]),sentence(nine))
2026-03-25T03:18:58 | reverse_gen_session | reverse_case(input_tokens([ten]),parse_status(ok),parsed_sem(10),gen_status(ok),raw_gen_tokens([ten]),normalized_gen_tokens([ten]),sentence(ten))
2026-03-25T03:18:58 | reverse_gen_session | reverse_case(input_tokens([eleven]),parse_status(ok),parsed_sem(11),gen_status(ok),raw_gen_tokens([eleven]),normalized_gen_tokens([eleven]),sentence(eleven))
2026-03-25T03:18:58 | reverse_gen_session | reverse_case(input_tokens([twelve]),parse_status(ok),parsed_sem(12),gen_status(ok),raw_gen_tokens([twelve]),normalized_gen_tokens([twelve]),sentence(twelve))
2026-03-25T03:18:58 | reverse_gen_session | reverse_case(input_tokens([thirteen]),parse_status(ok),parsed_sem(13),gen_status(ok),raw_gen_tokens([thirteen]),normalized_gen_tokens([thirteen]),sentence(thirteen))
2026-03-25T03:18:58 | reverse_gen_session | reverse_case(input_tokens([fifteen]),parse_status(ok),parsed_sem(15),gen_status(ok),raw_gen_tokens([fifteen]),normalized_gen_tokens([fifteen]),sentence(fifteen))
2026-03-25T03:18:58 | reverse_gen_session | reverse_case(input_tokens([four,teen]),parse_status(ok),parsed_sem('1X+10'(4)),gen_status(ok),raw_gen_tokens([four,teen]),normalized_gen_tokens([four,teen]),sentence(fourteen))
2026-03-25T03:18:58 | reverse_gen_session | reverse_case(input_tokens([eight,een]),parse_status(ok),parsed_sem('0X+18'(8)),gen_status(ok),raw_gen_tokens([eight,een]),normalized_gen_tokens([eight,een]),sentence(eighteen))
2026-03-25T03:18:58 | reverse_gen_session | reverse_case(input_tokens([twenty]),parse_status(ok),parsed_sem(20),gen_status(ok),raw_gen_tokens([twenty]),normalized_gen_tokens([twenty]),sentence(twenty))
2026-03-25T03:18:58 | reverse_gen_session | reverse_case(input_tokens([thirty]),parse_status(ok),parsed_sem(30),gen_status(ok),raw_gen_tokens([thirty]),normalized_gen_tokens([thirty]),sentence(thirty))
2026-03-25T03:18:58 | reverse_gen_session | reverse_case(input_tokens([fifty]),parse_status(ok),parsed_sem(50),gen_status(ok),raw_gen_tokens([fifty]),normalized_gen_tokens([fifty]),sentence(fifty))
2026-03-25T03:18:58 | reverse_gen_session | reverse_case(input_tokens([twenty_,one]),parse_status(ok),parsed_sem('1X+20'(1)),gen_status(ok),raw_gen_tokens([twenty,one]),normalized_gen_tokens([twenty_,one]),sentence(twentyone))
2026-03-25T03:18:58 | reverse_gen_session | reverse_case(input_tokens([twenty_,two]),parse_status(ok),parsed_sem('1X+20'(2)),gen_status(ok),raw_gen_tokens([twenty,two]),normalized_gen_tokens([twenty_,two]),sentence(twentytwo))
2026-03-25T03:18:58 | reverse_gen_session | reverse_case(input_tokens([twenty_,three]),parse_status(ok),parsed_sem('1X+20'(3)),gen_status(ok),raw_gen_tokens([twenty,three]),normalized_gen_tokens([twenty_,three]),sentence(twentythree))
2026-03-25T03:18:58 | reverse_gen_session | reverse_case(input_tokens([twenty_,four]),parse_status(ok),parsed_sem('1X+20'(4)),gen_status(ok),raw_gen_tokens([twenty]),normalized_gen_tokens([twenty]),sentence(twenty))
2026-03-25T03:18:58 | reverse_gen_session | reverse_case(input_tokens([twenty_,five]),parse_status(ok),parsed_sem('1X+20'(5)),gen_status(ok),raw_gen_tokens([twenty,five]),normalized_gen_tokens([twenty_,five]),sentence(twentyfive))
2026-03-25T03:18:58 | reverse_gen_session | reverse_case(input_tokens([twenty_,six]),parse_status(ok),parsed_sem('1X+20'(6)),gen_status(ok),raw_gen_tokens([twenty]),normalized_gen_tokens([twenty]),sentence(twenty))
2026-03-25T03:18:58 | reverse_gen_session | reverse_case(input_tokens([twenty_,seven]),parse_status(ok),parsed_sem('1X+20'(7)),gen_status(ok),raw_gen_tokens([twenty]),normalized_gen_tokens([twenty]),sentence(twenty))
2026-03-25T03:18:58 | reverse_gen_session | reverse_case(input_tokens([twenty_,eight]),parse_status(ok),parsed_sem('1X+20'(8)),gen_status(ok),raw_gen_tokens([twenty]),normalized_gen_tokens([twenty]),sentence(twenty))
2026-03-25T03:18:58 | reverse_gen_session | reverse_case(input_tokens([twenty_,nine]),parse_status(ok),parsed_sem('1X+20'(9)),gen_status(ok),raw_gen_tokens([twenty]),normalized_gen_tokens([twenty]),sentence(twenty))
2026-03-25T03:18:58 | reverse_gen_session | reverse_case(input_tokens([thirty_,one]),parse_status(ok),parsed_sem('1X+30'(1)),gen_status(ok),raw_gen_tokens([thirty,one]),normalized_gen_tokens([thirty_,one]),sentence(thirtyone))
2026-03-25T03:18:58 | reverse_gen_session | reverse_case(input_tokens([thirty_,two]),parse_status(ok),parsed_sem('1X+30'(2)),gen_status(ok),raw_gen_tokens([thirty,two]),normalized_gen_tokens([thirty_,two]),sentence(thirtytwo))
2026-03-25T03:18:58 | reverse_gen_session | reverse_case(input_tokens([thirty_,three]),parse_status(ok),parsed_sem('1X+30'(3)),gen_status(ok),raw_gen_tokens([thirty,three]),normalized_gen_tokens([thirty_,three]),sentence(thirtythree))
2026-03-25T03:18:58 | reverse_gen_session | reverse_case(input_tokens([thirty_,four]),parse_status(ok),parsed_sem('1X+30'(4)),gen_status(ok),raw_gen_tokens([thirty]),normalized_gen_tokens([thirty]),sentence(thirty))
2026-03-25T03:18:58 | reverse_gen_session | reverse_case(input_tokens([thirty_,five]),parse_status(ok),parsed_sem('1X+30'(5)),gen_status(ok),raw_gen_tokens([thirty,five]),normalized_gen_tokens([thirty_,five]),sentence(thirtyfive))
2026-03-25T03:18:58 | reverse_gen_session | reverse_case(input_tokens([thirty_,six]),parse_status(ok),parsed_sem('1X+30'(6)),gen_status(ok),raw_gen_tokens([thirty]),normalized_gen_tokens([thirty]),sentence(thirty))
2026-03-25T03:18:58 | reverse_gen_session | reverse_case(input_tokens([thirty_,seven]),parse_status(ok),parsed_sem('1X+30'(7)),gen_status(ok),raw_gen_tokens([thirty]),normalized_gen_tokens([thirty]),sentence(thirty))
2026-03-25T03:18:58 | reverse_gen_session | reverse_case(input_tokens([thirty_,eight]),parse_status(ok),parsed_sem('1X+30'(8)),gen_status(ok),raw_gen_tokens([thirty]),normalized_gen_tokens([thirty]),sentence(thirty))
2026-03-25T03:18:58 | reverse_gen_session | reverse_case(input_tokens([thirty_,nine]),parse_status(ok),parsed_sem('1X+30'(9)),gen_status(ok),raw_gen_tokens([thirty]),normalized_gen_tokens([thirty]),sentence(thirty))
2026-03-25T03:18:58 | reverse_gen_session | reverse_case(input_tokens([fifty_,one]),parse_status(ok),parsed_sem('1X+50'(1)),gen_status(ok),raw_gen_tokens([fifty,one]),normalized_gen_tokens([fifty_,one]),sentence(fiftyone))
2026-03-25T03:18:58 | reverse_gen_session | reverse_case(input_tokens([fifty_,two]),parse_status(ok),parsed_sem('1X+50'(2)),gen_status(ok),raw_gen_tokens([fifty,two]),normalized_gen_tokens([fifty_,two]),sentence(fiftytwo))
2026-03-25T03:18:58 | reverse_gen_session | reverse_case(input_tokens([fifty_,three]),parse_status(ok),parsed_sem('1X+50'(3)),gen_status(ok),raw_gen_tokens([fifty,three]),normalized_gen_tokens([fifty_,three]),sentence(fiftythree))
2026-03-25T03:18:58 | reverse_gen_session | reverse_case(input_tokens([fifty_,four]),parse_status(ok),parsed_sem('1X+50'(4)),gen_status(ok),raw_gen_tokens([fifty]),normalized_gen_tokens([fifty]),sentence(fifty))
2026-03-25T03:18:58 | reverse_gen_session | reverse_case(input_tokens([fifty_,five]),parse_status(ok),parsed_sem('1X+50'(5)),gen_status(ok),raw_gen_tokens([fifty,five]),normalized_gen_tokens([fifty_,five]),sentence(fiftyfive))
2026-03-25T03:18:58 | reverse_gen_session | reverse_case(input_tokens([fifty_,six]),parse_status(ok),parsed_sem('1X+50'(6)),gen_status(ok),raw_gen_tokens([fifty]),normalized_gen_tokens([fifty]),sentence(fifty))
2026-03-25T03:18:58 | reverse_gen_session | reverse_case(input_tokens([fifty_,seven]),parse_status(ok),parsed_sem('1X+50'(7)),gen_status(ok),raw_gen_tokens([fifty]),normalized_gen_tokens([fifty]),sentence(fifty))
2026-03-25T03:18:58 | reverse_gen_session | reverse_case(input_tokens([fifty_,eight]),parse_status(ok),parsed_sem('1X+50'(8)),gen_status(ok),raw_gen_tokens([fifty]),normalized_gen_tokens([fifty]),sentence(fifty))
2026-03-25T03:18:58 | reverse_gen_session | reverse_case(input_tokens([fifty_,nine]),parse_status(ok),parsed_sem('1X+50'(9)),gen_status(ok),raw_gen_tokens([fifty]),normalized_gen_tokens([fifty]),sentence(fifty))
2026-03-25T03:18:58 | system | reverse_gen_run_end
2026-03-25T04:06:27 | system | gen_run_start
2026-03-25T04:06:27 | configuration | gen_run(profile_name(german_numbers_profile),generator_name('MG Generator'),generator_main_file('../../SemanticGenerator/MG-Generator/main.pl'),generator_lexicon_name('German_Generation'),generator_lexicon_file('../../SemanticGenerator/MG-Generator/grammars/German_Generation.pl'),semantic_cases_file('../cases/test_cases_german.pl'),gen_out_file('../generated/gen_out.pl'),forward_gen_tree_report_file('../generated/forward_gen_tree_report.txt'),repair_enabled(false),smoothing_enabled(false),smoothing_style(none))
2026-03-25T04:06:27 | gen_session | gen_case(semantic(1),status(ok),tokens([eins]),sentence(eins))
2026-03-25T04:06:27 | gen_session | gen_case(semantic(3),status(ok),tokens([drei]),sentence(drei))
2026-03-25T04:06:27 | gen_session | gen_case(semantic(10),status(ok),tokens([zehn]),sentence(zehn))
2026-03-25T04:06:27 | gen_session | gen_case(semantic(11),status(ok),tokens([elf]),sentence(elf))
2026-03-25T04:06:27 | gen_session | gen_case(semantic(12),status(ok),tokens([zwölf]),sentence(zwölf))
2026-03-25T04:06:27 | gen_session | gen_case(semantic(16),status(ok),tokens([sechzehn]),sentence(sechzehn))
2026-03-25T04:06:27 | gen_session | gen_case(semantic(17),status(ok),tokens([siebzehn]),sentence(siebzehn))
2026-03-25T04:06:27 | gen_session | gen_case(semantic(20),status(ok),tokens([zwanzig]),sentence(zwanzig))
2026-03-25T04:06:27 | gen_session | gen_case(semantic(21),status(ok),tokens([einundzwanzig]),sentence(einundzwanzig))
2026-03-25T04:06:27 | gen_session | gen_case(semantic(60),status(ok),tokens([sechzig]),sentence(sechzig))
2026-03-25T04:06:27 | gen_session | gen_case(semantic(61),status(ok),tokens([einundsechzig]),sentence(einundsechzig))
2026-03-25T04:06:27 | gen_session | gen_case(semantic(70),status(ok),tokens([siebzig]),sentence(siebzig))
2026-03-25T04:06:27 | gen_session | gen_case(semantic(71),status(ok),tokens([einundsiebzig]),sentence(einundsiebzig))
2026-03-25T04:06:27 | gen_session | gen_case(semantic(100),status(ok),tokens([hundert]),sentence(hundert))
2026-03-25T04:06:27 | system | gen_run_end
2026-03-25T04:06:27 | system | parse_run_start
2026-03-25T04:06:27 | configuration | parse_run(profile_name(german_numbers_profile),parser_name('MG LC Parser'),parser_load_file('../../MG-LC-Parser-with-Semantic-main/load.pl'),parser_semantics_file('../../MG-LC-Parser-with-Semantic-main/sem_from_tree.pl'),parser_lexicon_name('German_Parse'),parser_lexicon_file('../../MG-LC-Parser-with-Semantic-main/grammars/German_Parse.pl'),gen_out_file('../generated/gen_out.pl'),parse_out_file('../generated/parse_out.pl'),forward_parse_tree_report_file('../generated/forward_parse_tree_report.txt'),repair_enabled(false),smoothing_enabled(false),smoothing_style(none))
2026-03-25T04:06:28 | parse_session | parse_case(semantic(1),gen_status(ok),gen_tokens([eins]),repaired_tokens([eins]),parser_tokens([eins]),repair_status(repair_disabled),parse_status(ok),parsed_sem(1))
2026-03-25T04:06:28 | parse_session | parse_case(semantic(3),gen_status(ok),gen_tokens([drei]),repaired_tokens([drei]),parser_tokens([drei]),repair_status(repair_disabled),parse_status(ok),parsed_sem(3))
2026-03-25T04:06:28 | parse_session | parse_case(semantic(10),gen_status(ok),gen_tokens([zehn]),repaired_tokens([zehn]),parser_tokens([zehn]),repair_status(repair_disabled),parse_status(ok),parsed_sem(10))
2026-03-25T04:06:28 | parse_session | parse_case(semantic(11),gen_status(ok),gen_tokens([elf]),repaired_tokens([elf]),parser_tokens([elf]),repair_status(repair_disabled),parse_status(ok),parsed_sem(11))
2026-03-25T04:06:28 | parse_session | parse_case(semantic(12),gen_status(ok),gen_tokens([zwölf]),repaired_tokens([zwölf]),parser_tokens([zwölf]),repair_status(repair_disabled),parse_status(ok),parsed_sem(12))
2026-03-25T04:06:28 | parse_session | parse_case(semantic(16),gen_status(ok),gen_tokens([sechzehn]),repaired_tokens([sechzehn]),parser_tokens([sechzehn]),repair_status(repair_disabled),parse_status(ok),parsed_sem(16))
2026-03-25T04:06:28 | parse_session | parse_case(semantic(17),gen_status(ok),gen_tokens([siebzehn]),repaired_tokens([siebzehn]),parser_tokens([siebzehn]),repair_status(repair_disabled),parse_status(ok),parsed_sem(17))
2026-03-25T04:06:28 | parse_session | parse_case(semantic(20),gen_status(ok),gen_tokens([zwanzig]),repaired_tokens([zwanzig]),parser_tokens([zwanzig]),repair_status(repair_disabled),parse_status(ok),parsed_sem(20))
2026-03-25T04:06:28 | parse_session | parse_case(semantic(21),gen_status(ok),gen_tokens([einundzwanzig]),repaired_tokens([einundzwanzig]),parser_tokens([einundzwanzig]),repair_status(repair_disabled),parse_status(ok),parsed_sem(21))
2026-03-25T04:06:28 | parse_session | parse_case(semantic(60),gen_status(ok),gen_tokens([sechzig]),repaired_tokens([sechzig]),parser_tokens([sechzig]),repair_status(repair_disabled),parse_status(ok),parsed_sem(60))
2026-03-25T04:06:28 | parse_session | parse_case(semantic(61),gen_status(ok),gen_tokens([einundsechzig]),repaired_tokens([einundsechzig]),parser_tokens([einundsechzig]),repair_status(repair_disabled),parse_status(ok),parsed_sem(61))
2026-03-25T04:06:28 | parse_session | parse_case(semantic(70),gen_status(ok),gen_tokens([siebzig]),repaired_tokens([siebzig]),parser_tokens([siebzig]),repair_status(repair_disabled),parse_status(ok),parsed_sem(70))
2026-03-25T04:06:28 | parse_session | parse_case(semantic(71),gen_status(ok),gen_tokens([einundsiebzig]),repaired_tokens([einundsiebzig]),parser_tokens([einundsiebzig]),repair_status(repair_disabled),parse_status(ok),parsed_sem(71))
2026-03-25T04:06:28 | parse_session | parse_case(semantic(100),gen_status(ok),gen_tokens([hundert]),repaired_tokens([hundert]),parser_tokens([hundert]),repair_status(repair_disabled),parse_status(ok),parsed_sem(100))
2026-03-25T04:06:28 | system | parse_run_end
2026-03-25T04:06:28 | system | reverse_parse_run_start
2026-03-25T04:06:28 | configuration | reverse_parse_run(profile_name(german_numbers_profile),parser_name('MG LC Parser'),parser_load_file('../../MG-LC-Parser-with-Semantic-main/load.pl'),parser_semantics_file('../../MG-LC-Parser-with-Semantic-main/sem_from_tree.pl'),parser_lexicon_name('German_Parse'),parser_lexicon_file('../../MG-LC-Parser-with-Semantic-main/grammars/German_Parse.pl'),token_cases_file('../cases/token_cases_german.pl'),reverse_parse_out_file('../generated/reverse_parse_out.pl'),repair_enabled(false),smoothing_enabled(false),smoothing_style(none))
2026-03-25T04:06:28 | reverse_parse_session | reverse_parse_case(tokens([eins]),parse_status(ok),parsed_sem(1),parse_tree([li([eins],[cfin])]))
2026-03-25T04:06:28 | reverse_parse_session | reverse_parse_case(tokens([drei]),parse_status(ok),parsed_sem(3),parse_tree([li([drei],[cfin])]))
2026-03-25T04:06:28 | reverse_parse_session | reverse_parse_case(tokens([zehn]),parse_status(ok),parsed_sem(10),parse_tree([li([zehn],[cfin])]))
2026-03-25T04:06:28 | reverse_parse_session | reverse_parse_case(tokens([elf]),parse_status(ok),parsed_sem(11),parse_tree([li([elf],[cfin])]))
2026-03-25T04:06:28 | reverse_parse_session | reverse_parse_case(tokens([zwölf]),parse_status(ok),parsed_sem(12),parse_tree([li([zwölf],[cfin])]))
2026-03-25T04:06:28 | reverse_parse_session | reverse_parse_case(tokens([sechzehn]),parse_status(ok),parsed_sem(16),parse_tree([li([sechzehn],[cfin])]))
2026-03-25T04:06:28 | reverse_parse_session | reverse_parse_case(tokens([siebzehn]),parse_status(ok),parsed_sem(17),parse_tree([li([siebzehn],[cfin])]))
2026-03-25T04:06:28 | reverse_parse_session | reverse_parse_case(tokens([zwanzig]),parse_status(ok),parsed_sem(20),parse_tree([li([zwanzig],[cfin])]))
2026-03-25T04:06:28 | reverse_parse_session | reverse_parse_case(tokens([einundzwanzig]),parse_status(ok),parsed_sem(21),parse_tree([li([einundzwanzig],[cfin])]))
2026-03-25T04:06:28 | reverse_parse_session | reverse_parse_case(tokens([sechzig]),parse_status(ok),parsed_sem(60),parse_tree([li([sechzig],[cfin])]))
2026-03-25T04:06:28 | reverse_parse_session | reverse_parse_case(tokens([einundsechzig]),parse_status(ok),parsed_sem(61),parse_tree([li([einundsechzig],[cfin])]))
2026-03-25T04:06:28 | reverse_parse_session | reverse_parse_case(tokens([siebzig]),parse_status(ok),parsed_sem(70),parse_tree([li([siebzig],[cfin])]))
2026-03-25T04:06:28 | reverse_parse_session | reverse_parse_case(tokens([einundsiebzig]),parse_status(ok),parsed_sem(71),parse_tree([li([einundsiebzig],[cfin])]))
2026-03-25T04:06:28 | reverse_parse_session | reverse_parse_case(tokens([hundert]),parse_status(ok),parsed_sem(100),parse_tree([li([hundert],[cfin])]))
2026-03-25T04:06:28 | system | reverse_parse_run_end
2026-03-25T04:06:28 | system | reverse_gen_run_start
2026-03-25T04:06:28 | configuration | reverse_gen_run(profile_name(german_numbers_profile),generator_name('MG Generator'),generator_main_file('../../SemanticGenerator/MG-Generator/main.pl'),generator_lexicon_name('German_Generation'),generator_lexicon_file('../../SemanticGenerator/MG-Generator/grammars/German_Generation.pl'),reverse_parse_out_file('../generated/reverse_parse_out.pl'),reverse_out_file('../generated/reverse_out.pl'),repair_enabled(false),smoothing_enabled(false),smoothing_style(none))
2026-03-25T04:06:28 | reverse_gen_session | reverse_case(input_tokens([eins]),parse_status(ok),parsed_sem(1),gen_status(ok),raw_gen_tokens([eins]),normalized_gen_tokens([eins]),sentence(eins))
2026-03-25T04:06:28 | reverse_gen_session | reverse_case(input_tokens([drei]),parse_status(ok),parsed_sem(3),gen_status(ok),raw_gen_tokens([drei]),normalized_gen_tokens([drei]),sentence(drei))
2026-03-25T04:06:28 | reverse_gen_session | reverse_case(input_tokens([zehn]),parse_status(ok),parsed_sem(10),gen_status(ok),raw_gen_tokens([zehn]),normalized_gen_tokens([zehn]),sentence(zehn))
2026-03-25T04:06:28 | reverse_gen_session | reverse_case(input_tokens([elf]),parse_status(ok),parsed_sem(11),gen_status(ok),raw_gen_tokens([elf]),normalized_gen_tokens([elf]),sentence(elf))
2026-03-25T04:06:28 | reverse_gen_session | reverse_case(input_tokens([zwölf]),parse_status(ok),parsed_sem(12),gen_status(ok),raw_gen_tokens([zwölf]),normalized_gen_tokens([zwölf]),sentence(zwölf))
2026-03-25T04:06:28 | reverse_gen_session | reverse_case(input_tokens([sechzehn]),parse_status(ok),parsed_sem(16),gen_status(ok),raw_gen_tokens([sechzehn]),normalized_gen_tokens([sechzehn]),sentence(sechzehn))
2026-03-25T04:06:28 | reverse_gen_session | reverse_case(input_tokens([siebzehn]),parse_status(ok),parsed_sem(17),gen_status(ok),raw_gen_tokens([siebzehn]),normalized_gen_tokens([siebzehn]),sentence(siebzehn))
2026-03-25T04:06:28 | reverse_gen_session | reverse_case(input_tokens([zwanzig]),parse_status(ok),parsed_sem(20),gen_status(ok),raw_gen_tokens([zwanzig]),normalized_gen_tokens([zwanzig]),sentence(zwanzig))
2026-03-25T04:06:28 | reverse_gen_session | reverse_case(input_tokens([einundzwanzig]),parse_status(ok),parsed_sem(21),gen_status(ok),raw_gen_tokens([einundzwanzig]),normalized_gen_tokens([einundzwanzig]),sentence(einundzwanzig))
2026-03-25T04:06:28 | reverse_gen_session | reverse_case(input_tokens([sechzig]),parse_status(ok),parsed_sem(60),gen_status(ok),raw_gen_tokens([sechzig]),normalized_gen_tokens([sechzig]),sentence(sechzig))
2026-03-25T04:06:28 | reverse_gen_session | reverse_case(input_tokens([einundsechzig]),parse_status(ok),parsed_sem(61),gen_status(ok),raw_gen_tokens([einundsechzig]),normalized_gen_tokens([einundsechzig]),sentence(einundsechzig))
2026-03-25T04:06:28 | reverse_gen_session | reverse_case(input_tokens([siebzig]),parse_status(ok),parsed_sem(70),gen_status(ok),raw_gen_tokens([siebzig]),normalized_gen_tokens([siebzig]),sentence(siebzig))
2026-03-25T04:06:28 | reverse_gen_session | reverse_case(input_tokens([einundsiebzig]),parse_status(ok),parsed_sem(71),gen_status(ok),raw_gen_tokens([einundsiebzig]),normalized_gen_tokens([einundsiebzig]),sentence(einundsiebzig))
2026-03-25T04:06:28 | reverse_gen_session | reverse_case(input_tokens([hundert]),parse_status(ok),parsed_sem(100),gen_status(ok),raw_gen_tokens([hundert]),normalized_gen_tokens([hundert]),sentence(hundert))
2026-03-25T04:06:28 | system | reverse_gen_run_end
2026-03-25T04:34:39 | system | gen_run_start
2026-03-25T04:34:39 | configuration | gen_run(profile_name(german_numbers_profile),generator_name('MG Generator'),generator_main_file('../../SemanticGenerator/MG-Generator/main.pl'),generator_lexicon_name('German_Generation'),generator_lexicon_file('../../SemanticGenerator/MG-Generator/grammars/German_Generation.pl'),semantic_cases_file('../cases/test_cases_german.pl'),gen_out_file('../generated/gen_out.pl'),forward_gen_tree_report_file('../generated/forward_gen_tree_report.txt'),repair_enabled(false),smoothing_enabled(false),smoothing_style(none))
2026-03-25T04:34:39 | gen_session | gen_case(semantic(1),status(ok),tokens([eins]),sentence(eins))
2026-03-25T04:34:39 | gen_session | gen_case(semantic(3),status(ok),tokens([drei]),sentence(drei))
2026-03-25T04:34:39 | gen_session | gen_case(semantic(10),status(ok),tokens([zehn]),sentence(zehn))
2026-03-25T04:34:39 | gen_session | gen_case(semantic(11),status(ok),tokens([elf]),sentence(elf))
2026-03-25T04:34:39 | gen_session | gen_case(semantic(12),status(ok),tokens([zwölf]),sentence(zwölf))
2026-03-25T04:34:39 | gen_session | gen_case(semantic(16),status(ok),tokens([sechzehn]),sentence(sechzehn))
2026-03-25T04:34:39 | gen_session | gen_case(semantic(17),status(ok),tokens([siebzehn]),sentence(siebzehn))
2026-03-25T04:34:39 | gen_session | gen_case(semantic(20),status(ok),tokens([zwanzig]),sentence(zwanzig))
2026-03-25T04:34:39 | gen_session | gen_case(semantic(21),status(ok),tokens([einundzwanzig]),sentence(einundzwanzig))
2026-03-25T04:34:39 | gen_session | gen_case(semantic(60),status(ok),tokens([sechzig]),sentence(sechzig))
2026-03-25T04:34:39 | gen_session | gen_case(semantic(61),status(ok),tokens([einundsechzig]),sentence(einundsechzig))
2026-03-25T04:34:39 | gen_session | gen_case(semantic(70),status(ok),tokens([siebzig]),sentence(siebzig))
2026-03-25T04:34:39 | gen_session | gen_case(semantic(71),status(ok),tokens([einundsiebzig]),sentence(einundsiebzig))
2026-03-25T04:34:39 | gen_session | gen_case(semantic(100),status(ok),tokens([hundert]),sentence(hundert))
2026-03-25T04:34:39 | gen_session | gen_case(semantic('1X+10'(3)),status(ok),tokens([zehn]),sentence(zehn))
2026-03-25T04:34:39 | gen_session | gen_case(semantic('1X+20'(2)),status(ok),tokens([zwei,undzwanzig]),sentence(zweiundzwanzig))
2026-03-25T04:34:39 | gen_session | gen_case(semantic('0X+30'(3)),status(ok),tokens([ßig]),sentence(ßig))
2026-03-25T04:34:39 | gen_session | gen_case(semantic('10X'(4)),status(ok),tokens([zig]),sentence(zig))
2026-03-25T04:43:18 | system | gen_run_start
2026-03-25T04:43:18 | configuration | gen_run(profile_name(german_numbers_profile),generator_name('MG Generator'),generator_main_file('../../SemanticGenerator/MG-Generator/main.pl'),generator_lexicon_name('German_Generation'),generator_lexicon_file('../../SemanticGenerator/MG-Generator/grammars/German_Generation.pl'),semantic_cases_file('../cases/test_cases_german.pl'),gen_out_file('../generated/gen_out.pl'),forward_gen_tree_report_file('../generated/forward_gen_tree_report.txt'),repair_enabled(false),smoothing_enabled(false),smoothing_style(none))
2026-03-25T04:43:18 | gen_session | gen_case(semantic(1),status(ok),tokens([eins]),sentence(eins))
2026-03-25T04:43:18 | gen_session | gen_case(semantic(3),status(ok),tokens([drei]),sentence(drei))
2026-03-25T04:43:18 | gen_session | gen_case(semantic(10),status(ok),tokens([zehn]),sentence(zehn))
2026-03-25T04:43:18 | gen_session | gen_case(semantic(11),status(ok),tokens([elf]),sentence(elf))
2026-03-25T04:43:18 | gen_session | gen_case(semantic(12),status(ok),tokens([zwölf]),sentence(zwölf))
2026-03-25T04:43:18 | gen_session | gen_case(semantic(16),status(ok),tokens([sechzehn]),sentence(sechzehn))
2026-03-25T04:43:18 | gen_session | gen_case(semantic(17),status(ok),tokens([siebzehn]),sentence(siebzehn))
2026-03-25T04:43:18 | gen_session | gen_case(semantic(20),status(ok),tokens([zwanzig]),sentence(zwanzig))
2026-03-25T04:43:18 | gen_session | gen_case(semantic(21),status(ok),tokens([einundzwanzig]),sentence(einundzwanzig))
2026-03-25T04:43:18 | gen_session | gen_case(semantic(60),status(ok),tokens([sechzig]),sentence(sechzig))
2026-03-25T04:43:18 | gen_session | gen_case(semantic(61),status(ok),tokens([einundsechzig]),sentence(einundsechzig))
2026-03-25T04:43:18 | gen_session | gen_case(semantic(70),status(ok),tokens([siebzig]),sentence(siebzig))
2026-03-25T04:43:18 | gen_session | gen_case(semantic(71),status(ok),tokens([einundsiebzig]),sentence(einundsiebzig))
2026-03-25T04:43:18 | gen_session | gen_case(semantic(100),status(ok),tokens([hundert]),sentence(hundert))
2026-03-25T04:43:18 | system | gen_run_end
2026-03-25T04:43:18 | system | parse_run_start
2026-03-25T04:43:18 | configuration | parse_run(profile_name(german_numbers_profile),parser_name('MG LC Parser'),parser_load_file('../../MG-LC-Parser-with-Semantic-main/load.pl'),parser_semantics_file('../../MG-LC-Parser-with-Semantic-main/sem_from_tree.pl'),parser_lexicon_name('German_Parse'),parser_lexicon_file('../../MG-LC-Parser-with-Semantic-main/grammars/German_Parse.pl'),gen_out_file('../generated/gen_out.pl'),parse_out_file('../generated/parse_out.pl'),forward_parse_tree_report_file('../generated/forward_parse_tree_report.txt'),repair_enabled(false),smoothing_enabled(false),smoothing_style(none))
2026-03-25T04:43:18 | parse_session | parse_case(semantic(1),gen_status(ok),gen_tokens([eins]),repaired_tokens([eins]),parser_tokens([eins]),repair_status(repair_disabled),parse_status(ok),parsed_sem(1))
2026-03-25T04:43:18 | parse_session | parse_case(semantic(3),gen_status(ok),gen_tokens([drei]),repaired_tokens([drei]),parser_tokens([drei]),repair_status(repair_disabled),parse_status(ok),parsed_sem(3))
2026-03-25T04:43:18 | parse_session | parse_case(semantic(10),gen_status(ok),gen_tokens([zehn]),repaired_tokens([zehn]),parser_tokens([zehn]),repair_status(repair_disabled),parse_status(ok),parsed_sem(10))
2026-03-25T04:43:18 | parse_session | parse_case(semantic(11),gen_status(ok),gen_tokens([elf]),repaired_tokens([elf]),parser_tokens([elf]),repair_status(repair_disabled),parse_status(ok),parsed_sem(11))
2026-03-25T04:43:18 | parse_session | parse_case(semantic(12),gen_status(ok),gen_tokens([zwölf]),repaired_tokens([zwölf]),parser_tokens([zwölf]),repair_status(repair_disabled),parse_status(ok),parsed_sem(12))
2026-03-25T04:43:18 | parse_session | parse_case(semantic(16),gen_status(ok),gen_tokens([sechzehn]),repaired_tokens([sechzehn]),parser_tokens([sechzehn]),repair_status(repair_disabled),parse_status(ok),parsed_sem(16))
2026-03-25T04:43:18 | parse_session | parse_case(semantic(17),gen_status(ok),gen_tokens([siebzehn]),repaired_tokens([siebzehn]),parser_tokens([siebzehn]),repair_status(repair_disabled),parse_status(ok),parsed_sem(17))
2026-03-25T04:43:18 | parse_session | parse_case(semantic(20),gen_status(ok),gen_tokens([zwanzig]),repaired_tokens([zwanzig]),parser_tokens([zwanzig]),repair_status(repair_disabled),parse_status(ok),parsed_sem(20))
2026-03-25T04:43:18 | parse_session | parse_case(semantic(21),gen_status(ok),gen_tokens([einundzwanzig]),repaired_tokens([einundzwanzig]),parser_tokens([einundzwanzig]),repair_status(repair_disabled),parse_status(ok),parsed_sem(21))
2026-03-25T04:43:18 | parse_session | parse_case(semantic(60),gen_status(ok),gen_tokens([sechzig]),repaired_tokens([sechzig]),parser_tokens([sechzig]),repair_status(repair_disabled),parse_status(ok),parsed_sem(60))
2026-03-25T04:43:18 | parse_session | parse_case(semantic(61),gen_status(ok),gen_tokens([einundsechzig]),repaired_tokens([einundsechzig]),parser_tokens([einundsechzig]),repair_status(repair_disabled),parse_status(ok),parsed_sem(61))
2026-03-25T04:43:18 | parse_session | parse_case(semantic(70),gen_status(ok),gen_tokens([siebzig]),repaired_tokens([siebzig]),parser_tokens([siebzig]),repair_status(repair_disabled),parse_status(ok),parsed_sem(70))
2026-03-25T04:43:18 | parse_session | parse_case(semantic(71),gen_status(ok),gen_tokens([einundsiebzig]),repaired_tokens([einundsiebzig]),parser_tokens([einundsiebzig]),repair_status(repair_disabled),parse_status(ok),parsed_sem(71))
2026-03-25T04:43:18 | parse_session | parse_case(semantic(100),gen_status(ok),gen_tokens([hundert]),repaired_tokens([hundert]),parser_tokens([hundert]),repair_status(repair_disabled),parse_status(ok),parsed_sem(100))
2026-03-25T04:43:18 | system | parse_run_end
2026-03-25T04:44:34 | system | gen_run_start
2026-03-25T04:44:34 | configuration | gen_run(profile_name(german_numbers_profile),generator_name('MG Generator'),generator_main_file('../../SemanticGenerator/MG-Generator/main.pl'),generator_lexicon_name('German_Generation'),generator_lexicon_file('../../SemanticGenerator/MG-Generator/grammars/German_Generation.pl'),semantic_cases_file('../cases/test_cases_german.pl'),gen_out_file('../generated/gen_out.pl'),forward_gen_tree_report_file('../generated/forward_gen_tree_report.txt'),repair_enabled(false),smoothing_enabled(false),smoothing_style(none))
2026-03-25T04:44:34 | gen_session | gen_case(semantic(1),status(ok),tokens([eins]),sentence(eins))
2026-03-25T04:44:34 | gen_session | gen_case(semantic(3),status(ok),tokens([drei]),sentence(drei))
2026-03-25T04:44:34 | gen_session | gen_case(semantic(10),status(ok),tokens([zehn]),sentence(zehn))
2026-03-25T04:44:34 | gen_session | gen_case(semantic(11),status(ok),tokens([elf]),sentence(elf))
2026-03-25T04:44:34 | gen_session | gen_case(semantic(12),status(ok),tokens([zwölf]),sentence(zwölf))
2026-03-25T04:44:34 | gen_session | gen_case(semantic(16),status(ok),tokens([sechzehn]),sentence(sechzehn))
2026-03-25T04:44:34 | gen_session | gen_case(semantic(17),status(ok),tokens([siebzehn]),sentence(siebzehn))
2026-03-25T04:44:34 | gen_session | gen_case(semantic(20),status(ok),tokens([zwanzig]),sentence(zwanzig))
2026-03-25T04:44:34 | gen_session | gen_case(semantic(21),status(ok),tokens([einundzwanzig]),sentence(einundzwanzig))
2026-03-25T04:44:34 | gen_session | gen_case(semantic(60),status(ok),tokens([sechzig]),sentence(sechzig))
2026-03-25T04:44:34 | gen_session | gen_case(semantic(61),status(ok),tokens([einundsechzig]),sentence(einundsechzig))
2026-03-25T04:44:34 | gen_session | gen_case(semantic(70),status(ok),tokens([siebzig]),sentence(siebzig))
2026-03-25T04:44:34 | gen_session | gen_case(semantic(71),status(ok),tokens([einundsiebzig]),sentence(einundsiebzig))
2026-03-25T04:44:34 | gen_session | gen_case(semantic(100),status(ok),tokens([hundert]),sentence(hundert))
2026-03-25T04:44:34 | gen_session | gen_case(semantic('1X+10'(3)),status(ok),tokens([zehn]),sentence(zehn))
2026-03-25T04:44:34 | gen_session | gen_case(semantic('1X+20'(2)),status(ok),tokens([zwei,undzwanzig]),sentence(zweiundzwanzig))
2026-03-25T04:44:34 | gen_session | gen_case(semantic('0X+30'(3)),status(ok),tokens([ßig]),sentence(ßig))
2026-03-25T04:44:34 | gen_session | gen_case(semantic('10X'(4)),status(ok),tokens([zig]),sentence(zig))
2026-03-25T04:44:34 | system | gen_run_end
2026-03-25T04:44:34 | system | parse_run_start
2026-03-25T04:44:34 | configuration | parse_run(profile_name(german_numbers_profile),parser_name('MG LC Parser'),parser_load_file('../../MG-LC-Parser-with-Semantic-main/load.pl'),parser_semantics_file('../../MG-LC-Parser-with-Semantic-main/sem_from_tree.pl'),parser_lexicon_name('German_Parse'),parser_lexicon_file('../../MG-LC-Parser-with-Semantic-main/grammars/German_Parse.pl'),gen_out_file('../generated/gen_out.pl'),parse_out_file('../generated/parse_out.pl'),forward_parse_tree_report_file('../generated/forward_parse_tree_report.txt'),repair_enabled(false),smoothing_enabled(false),smoothing_style(none))
2026-03-25T04:44:34 | parse_session | parse_case(semantic(1),gen_status(ok),gen_tokens([eins]),repaired_tokens([eins]),parser_tokens([eins]),repair_status(repair_disabled),parse_status(ok),parsed_sem(1))
2026-03-25T04:44:34 | parse_session | parse_case(semantic(3),gen_status(ok),gen_tokens([drei]),repaired_tokens([drei]),parser_tokens([drei]),repair_status(repair_disabled),parse_status(ok),parsed_sem(3))
2026-03-25T04:44:34 | parse_session | parse_case(semantic(10),gen_status(ok),gen_tokens([zehn]),repaired_tokens([zehn]),parser_tokens([zehn]),repair_status(repair_disabled),parse_status(ok),parsed_sem(10))
2026-03-25T04:44:34 | parse_session | parse_case(semantic(11),gen_status(ok),gen_tokens([elf]),repaired_tokens([elf]),parser_tokens([elf]),repair_status(repair_disabled),parse_status(ok),parsed_sem(11))
2026-03-25T04:44:34 | parse_session | parse_case(semantic(12),gen_status(ok),gen_tokens([zwölf]),repaired_tokens([zwölf]),parser_tokens([zwölf]),repair_status(repair_disabled),parse_status(ok),parsed_sem(12))
2026-03-25T04:44:34 | parse_session | parse_case(semantic(16),gen_status(ok),gen_tokens([sechzehn]),repaired_tokens([sechzehn]),parser_tokens([sechzehn]),repair_status(repair_disabled),parse_status(ok),parsed_sem(16))
2026-03-25T04:44:34 | parse_session | parse_case(semantic(17),gen_status(ok),gen_tokens([siebzehn]),repaired_tokens([siebzehn]),parser_tokens([siebzehn]),repair_status(repair_disabled),parse_status(ok),parsed_sem(17))
2026-03-25T04:44:34 | parse_session | parse_case(semantic(20),gen_status(ok),gen_tokens([zwanzig]),repaired_tokens([zwanzig]),parser_tokens([zwanzig]),repair_status(repair_disabled),parse_status(ok),parsed_sem(20))
2026-03-25T04:44:34 | parse_session | parse_case(semantic(21),gen_status(ok),gen_tokens([einundzwanzig]),repaired_tokens([einundzwanzig]),parser_tokens([einundzwanzig]),repair_status(repair_disabled),parse_status(ok),parsed_sem(21))
2026-03-25T04:44:34 | parse_session | parse_case(semantic(60),gen_status(ok),gen_tokens([sechzig]),repaired_tokens([sechzig]),parser_tokens([sechzig]),repair_status(repair_disabled),parse_status(ok),parsed_sem(60))
2026-03-25T04:44:34 | parse_session | parse_case(semantic(61),gen_status(ok),gen_tokens([einundsechzig]),repaired_tokens([einundsechzig]),parser_tokens([einundsechzig]),repair_status(repair_disabled),parse_status(ok),parsed_sem(61))
2026-03-25T04:44:34 | parse_session | parse_case(semantic(70),gen_status(ok),gen_tokens([siebzig]),repaired_tokens([siebzig]),parser_tokens([siebzig]),repair_status(repair_disabled),parse_status(ok),parsed_sem(70))
2026-03-25T04:44:34 | parse_session | parse_case(semantic(71),gen_status(ok),gen_tokens([einundsiebzig]),repaired_tokens([einundsiebzig]),parser_tokens([einundsiebzig]),repair_status(repair_disabled),parse_status(ok),parsed_sem(71))
2026-03-25T04:44:34 | parse_session | parse_case(semantic(100),gen_status(ok),gen_tokens([hundert]),repaired_tokens([hundert]),parser_tokens([hundert]),repair_status(repair_disabled),parse_status(ok),parsed_sem(100))
2026-03-25T04:44:34 | parse_session | parse_case(semantic('1X+10'(3)),gen_status(ok),gen_tokens([zehn]),repaired_tokens([zehn]),parser_tokens([zehn]),repair_status(repair_disabled),parse_status(ok),parsed_sem(10))
2026-03-25T04:44:34 | parse_session | parse_case(semantic('1X+20'(2)),gen_status(ok),gen_tokens([zwei,undzwanzig]),repaired_tokens([zwei,undzwanzig]),parser_tokens([zwei,undzwanzig]),repair_status(repair_disabled),parse_status(ok),parsed_sem('1X+20'(2)))
2026-03-25T04:44:34 | parse_session | parse_case(semantic('0X+30'(3)),gen_status(ok),gen_tokens([ßig]),repaired_tokens([ßig]),parser_tokens([ßig]),repair_status(repair_disabled),parse_status(parse_fail),parsed_sem(none))
2026-03-25T04:44:34 | parse_session | parse_case(semantic('10X'(4)),gen_status(ok),gen_tokens([zig]),repaired_tokens([zig]),parser_tokens([zig]),repair_status(repair_disabled),parse_status(parse_fail),parsed_sem(none))
2026-03-25T04:44:34 | system | parse_run_end
2026-03-25T04:45:15 | system | gen_run_start
2026-03-25T04:45:15 | configuration | gen_run(profile_name(german_numbers_profile),generator_name('MG Generator'),generator_main_file('../../SemanticGenerator/MG-Generator/main.pl'),generator_lexicon_name('German_Generation'),generator_lexicon_file('../../SemanticGenerator/MG-Generator/grammars/German_Generation.pl'),semantic_cases_file('../cases/test_cases_german.pl'),gen_out_file('../generated/gen_out.pl'),forward_gen_tree_report_file('../generated/forward_gen_tree_report.txt'),repair_enabled(false),smoothing_enabled(false),smoothing_style(none))
2026-03-25T04:45:15 | gen_session | gen_case(semantic(1),status(ok),tokens([eins]),sentence(eins))
2026-03-25T04:45:15 | gen_session | gen_case(semantic(3),status(ok),tokens([drei]),sentence(drei))
2026-03-25T04:45:15 | gen_session | gen_case(semantic(10),status(ok),tokens([zehn]),sentence(zehn))
2026-03-25T04:45:15 | gen_session | gen_case(semantic(11),status(ok),tokens([elf]),sentence(elf))
2026-03-25T04:45:15 | gen_session | gen_case(semantic(12),status(ok),tokens([zwölf]),sentence(zwölf))
2026-03-25T04:45:15 | gen_session | gen_case(semantic(16),status(ok),tokens([sechzehn]),sentence(sechzehn))
2026-03-25T04:45:15 | gen_session | gen_case(semantic(17),status(ok),tokens([siebzehn]),sentence(siebzehn))
2026-03-25T04:45:15 | gen_session | gen_case(semantic(20),status(ok),tokens([zwanzig]),sentence(zwanzig))
2026-03-25T04:45:15 | gen_session | gen_case(semantic(21),status(ok),tokens([einundzwanzig]),sentence(einundzwanzig))
2026-03-25T04:45:15 | gen_session | gen_case(semantic(60),status(ok),tokens([sechzig]),sentence(sechzig))
2026-03-25T04:45:15 | gen_session | gen_case(semantic(61),status(ok),tokens([einundsechzig]),sentence(einundsechzig))
2026-03-25T04:45:15 | gen_session | gen_case(semantic(70),status(ok),tokens([siebzig]),sentence(siebzig))
2026-03-25T04:45:15 | gen_session | gen_case(semantic(71),status(ok),tokens([einundsiebzig]),sentence(einundsiebzig))
2026-03-25T04:45:15 | gen_session | gen_case(semantic(100),status(ok),tokens([hundert]),sentence(hundert))
2026-03-25T04:45:15 | gen_session | gen_case(semantic('1X+10'(3)),status(ok),tokens([zehn]),sentence(zehn))
2026-03-25T04:45:15 | gen_session | gen_case(semantic('1X+20'(2)),status(ok),tokens([zwei,undzwanzig]),sentence(zweiundzwanzig))
2026-03-25T04:45:15 | gen_session | gen_case(semantic('0X+30'(3)),status(ok),tokens([ßig]),sentence(ßig))
2026-03-25T04:45:15 | gen_session | gen_case(semantic('10X'(4)),status(ok),tokens([zig]),sentence(zig))
2026-03-25T04:45:15 | gen_session | gen_case(semantic('100X'(3)),status(ok),tokens([hundert]),sentence(hundert))
2026-03-25T04:57:08 | system | gen_run_start
2026-03-25T04:57:08 | configuration | gen_run(profile_name(german_numbers_profile),generator_name('MG Generator'),generator_main_file('../../SemanticGenerator/MG-Generator/main.pl'),generator_lexicon_name('German_Generation'),generator_lexicon_file('../../SemanticGenerator/MG-Generator/grammars/German_Generation.pl'),semantic_cases_file('../cases/test_cases_german.pl'),gen_out_file('../generated/gen_out.pl'),forward_gen_tree_report_file('../generated/forward_gen_tree_report.txt'),repair_enabled(false),smoothing_enabled(false),smoothing_style(none))
2026-03-25T04:57:08 | gen_session | gen_case(semantic(1),status(ok),tokens([eins]),sentence(eins))
2026-03-25T04:57:08 | gen_session | gen_case(semantic(3),status(ok),tokens([drei]),sentence(drei))
2026-03-25T04:57:08 | gen_session | gen_case(semantic(10),status(ok),tokens([zehn]),sentence(zehn))
2026-03-25T04:57:08 | gen_session | gen_case(semantic(11),status(ok),tokens([elf]),sentence(elf))
2026-03-25T04:57:08 | gen_session | gen_case(semantic(12),status(ok),tokens([zwölf]),sentence(zwölf))
2026-03-25T04:57:08 | gen_session | gen_case(semantic(16),status(ok),tokens([sechzehn]),sentence(sechzehn))
2026-03-25T04:57:08 | gen_session | gen_case(semantic(17),status(ok),tokens([siebzehn]),sentence(siebzehn))
2026-03-25T04:57:08 | gen_session | gen_case(semantic(20),status(ok),tokens([zwanzig]),sentence(zwanzig))
2026-03-25T04:57:08 | gen_session | gen_case(semantic(21),status(ok),tokens([einundzwanzig]),sentence(einundzwanzig))
2026-03-25T04:57:08 | gen_session | gen_case(semantic(60),status(ok),tokens([sechzig]),sentence(sechzig))
2026-03-25T04:57:08 | gen_session | gen_case(semantic(61),status(ok),tokens([einundsechzig]),sentence(einundsechzig))
2026-03-25T04:57:08 | gen_session | gen_case(semantic(70),status(ok),tokens([siebzig]),sentence(siebzig))
2026-03-25T04:57:08 | gen_session | gen_case(semantic(71),status(ok),tokens([einundsiebzig]),sentence(einundsiebzig))
2026-03-25T04:57:08 | gen_session | gen_case(semantic(100),status(ok),tokens([hundert]),sentence(hundert))
2026-03-25T04:57:08 | gen_session | gen_case(semantic('1X+10'(3)),status(ok),tokens([zehn]),sentence(zehn))
2026-03-25T04:57:08 | gen_session | gen_case(semantic('1X+20'(2)),status(ok),tokens([zwei,undzwanzig]),sentence(zweiundzwanzig))
2026-03-25T04:57:08 | gen_session | gen_case(semantic('0X+30'(3)),status(ok),tokens([ßig]),sentence(ßig))
2026-03-25T04:57:08 | gen_session | gen_case(semantic('10X'(4)),status(ok),tokens([zig]),sentence(zig))
2026-03-25T07:21:38 | system | gen_run_start
2026-03-25T07:21:38 | configuration | gen_run(profile_name(german_numbers_profile),generator_name('MG Generator'),generator_main_file('../../SemanticGenerator/MG-Generator/main.pl'),generator_lexicon_name('German_Generation'),generator_lexicon_file('../../SemanticGenerator/MG-Generator/grammars/German_Generation.pl'),semantic_cases_file('../cases/test_cases_german.pl'),gen_out_file('../generated/gen_out.pl'),forward_gen_tree_report_file('../generated/forward_gen_tree_report.txt'),repair_enabled(false),smoothing_enabled(false),smoothing_style(none))
2026-03-25T07:21:38 | gen_session | gen_case(semantic(1),status(ok),tokens([eins]),sentence(eins))
2026-03-25T07:21:38 | gen_session | gen_case(semantic(3),status(ok),tokens([drei]),sentence(drei))
2026-03-25T07:21:38 | gen_session | gen_case(semantic(10),status(ok),tokens([zehn]),sentence(zehn))
2026-03-25T07:21:38 | gen_session | gen_case(semantic(11),status(ok),tokens([elf]),sentence(elf))
2026-03-25T07:21:38 | gen_session | gen_case(semantic(12),status(ok),tokens([zwölf]),sentence(zwölf))
2026-03-25T07:21:38 | gen_session | gen_case(semantic(16),status(ok),tokens([sechzehn]),sentence(sechzehn))
2026-03-25T07:21:38 | gen_session | gen_case(semantic(17),status(ok),tokens([siebzehn]),sentence(siebzehn))
2026-03-25T07:21:38 | gen_session | gen_case(semantic(20),status(ok),tokens([zwanzig]),sentence(zwanzig))
2026-03-25T07:21:38 | gen_session | gen_case(semantic(21),status(ok),tokens([einundzwanzig]),sentence(einundzwanzig))
2026-03-25T07:21:38 | gen_session | gen_case(semantic(60),status(ok),tokens([sechzig]),sentence(sechzig))
2026-03-25T07:21:38 | gen_session | gen_case(semantic(61),status(ok),tokens([einundsechzig]),sentence(einundsechzig))
2026-03-25T07:21:38 | gen_session | gen_case(semantic(70),status(ok),tokens([siebzig]),sentence(siebzig))
2026-03-25T07:21:38 | gen_session | gen_case(semantic(71),status(ok),tokens([einundsiebzig]),sentence(einundsiebzig))
2026-03-25T07:21:38 | gen_session | gen_case(semantic(100),status(ok),tokens([hundert]),sentence(hundert))
2026-03-25T07:21:38 | gen_session | gen_case(semantic('1X+10'(3)),status(ok),tokens([zehn]),sentence(zehn))
2026-03-25T07:21:38 | gen_session | gen_case(semantic('1X+20'(2)),status(ok),tokens([zwei,undzwanzig]),sentence(zweiundzwanzig))
2026-03-25T07:21:38 | gen_session | gen_case(semantic('0X+30'(3)),status(ok),tokens([ßig]),sentence(ßig))
2026-03-25T07:21:38 | gen_session | gen_case(semantic('10X'(4)),status(ok),tokens([zig]),sentence(zig))
2026-03-25T07:21:38 | system | gen_run_end
2026-03-25T07:21:38 | system | parse_run_start
2026-03-25T07:21:38 | configuration | parse_run(profile_name(german_numbers_profile),parser_name('MG LC Parser'),parser_load_file('../../MG-LC-Parser-with-Semantic-main/load.pl'),parser_semantics_file('../../MG-LC-Parser-with-Semantic-main/sem_from_tree.pl'),parser_lexicon_name('German_Parse'),parser_lexicon_file('../../MG-LC-Parser-with-Semantic-main/grammars/German_Parse.pl'),gen_out_file('../generated/gen_out.pl'),parse_out_file('../generated/parse_out.pl'),forward_parse_tree_report_file('../generated/forward_parse_tree_report.txt'),repair_enabled(false),smoothing_enabled(false),smoothing_style(none))
2026-03-25T07:21:38 | parse_session | parse_case(semantic(1),gen_status(ok),gen_tokens([eins]),repaired_tokens([eins]),parser_tokens([eins]),repair_status(repair_disabled),parse_status(ok),parsed_sem(1))
2026-03-25T07:21:38 | parse_session | parse_case(semantic(3),gen_status(ok),gen_tokens([drei]),repaired_tokens([drei]),parser_tokens([drei]),repair_status(repair_disabled),parse_status(ok),parsed_sem(3))
2026-03-25T07:21:38 | parse_session | parse_case(semantic(10),gen_status(ok),gen_tokens([zehn]),repaired_tokens([zehn]),parser_tokens([zehn]),repair_status(repair_disabled),parse_status(ok),parsed_sem(10))
2026-03-25T07:21:38 | parse_session | parse_case(semantic(11),gen_status(ok),gen_tokens([elf]),repaired_tokens([elf]),parser_tokens([elf]),repair_status(repair_disabled),parse_status(ok),parsed_sem(11))
2026-03-25T07:21:38 | parse_session | parse_case(semantic(12),gen_status(ok),gen_tokens([zwölf]),repaired_tokens([zwölf]),parser_tokens([zwölf]),repair_status(repair_disabled),parse_status(ok),parsed_sem(12))
2026-03-25T07:21:38 | parse_session | parse_case(semantic(16),gen_status(ok),gen_tokens([sechzehn]),repaired_tokens([sechzehn]),parser_tokens([sechzehn]),repair_status(repair_disabled),parse_status(ok),parsed_sem(16))
2026-03-25T07:21:38 | parse_session | parse_case(semantic(17),gen_status(ok),gen_tokens([siebzehn]),repaired_tokens([siebzehn]),parser_tokens([siebzehn]),repair_status(repair_disabled),parse_status(ok),parsed_sem(17))
2026-03-25T07:21:38 | parse_session | parse_case(semantic(20),gen_status(ok),gen_tokens([zwanzig]),repaired_tokens([zwanzig]),parser_tokens([zwanzig]),repair_status(repair_disabled),parse_status(ok),parsed_sem(20))
2026-03-25T07:21:38 | parse_session | parse_case(semantic(21),gen_status(ok),gen_tokens([einundzwanzig]),repaired_tokens([einundzwanzig]),parser_tokens([einundzwanzig]),repair_status(repair_disabled),parse_status(ok),parsed_sem(21))
2026-03-25T07:21:38 | parse_session | parse_case(semantic(60),gen_status(ok),gen_tokens([sechzig]),repaired_tokens([sechzig]),parser_tokens([sechzig]),repair_status(repair_disabled),parse_status(ok),parsed_sem(60))
2026-03-25T07:21:38 | parse_session | parse_case(semantic(61),gen_status(ok),gen_tokens([einundsechzig]),repaired_tokens([einundsechzig]),parser_tokens([einundsechzig]),repair_status(repair_disabled),parse_status(ok),parsed_sem(61))
2026-03-25T07:21:38 | parse_session | parse_case(semantic(70),gen_status(ok),gen_tokens([siebzig]),repaired_tokens([siebzig]),parser_tokens([siebzig]),repair_status(repair_disabled),parse_status(ok),parsed_sem(70))
2026-03-25T07:21:38 | parse_session | parse_case(semantic(71),gen_status(ok),gen_tokens([einundsiebzig]),repaired_tokens([einundsiebzig]),parser_tokens([einundsiebzig]),repair_status(repair_disabled),parse_status(ok),parsed_sem(71))
2026-03-25T07:21:38 | parse_session | parse_case(semantic(100),gen_status(ok),gen_tokens([hundert]),repaired_tokens([hundert]),parser_tokens([hundert]),repair_status(repair_disabled),parse_status(ok),parsed_sem(100))
2026-03-25T07:21:38 | parse_session | parse_case(semantic('1X+10'(3)),gen_status(ok),gen_tokens([zehn]),repaired_tokens([zehn]),parser_tokens([zehn]),repair_status(repair_disabled),parse_status(ok),parsed_sem(10))
2026-03-25T07:21:38 | parse_session | parse_case(semantic('1X+20'(2)),gen_status(ok),gen_tokens([zwei,undzwanzig]),repaired_tokens([zwei,undzwanzig]),parser_tokens([zwei,undzwanzig]),repair_status(repair_disabled),parse_status(ok),parsed_sem('1X+20'(2)))
2026-03-25T07:21:38 | parse_session | parse_case(semantic('0X+30'(3)),gen_status(ok),gen_tokens([ßig]),repaired_tokens([ßig]),parser_tokens([ßig]),repair_status(repair_disabled),parse_status(parse_fail),parsed_sem(none))
2026-03-25T07:21:38 | parse_session | parse_case(semantic('10X'(4)),gen_status(ok),gen_tokens([zig]),repaired_tokens([zig]),parser_tokens([zig]),repair_status(repair_disabled),parse_status(parse_fail),parsed_sem(none))
2026-03-25T07:21:38 | system | parse_run_end
2026-03-25T07:22:42 | system | gen_run_start
2026-03-25T07:22:42 | configuration | gen_run(profile_name(german_numbers_profile),generator_name('MG Generator'),generator_main_file('../../SemanticGenerator/MG-Generator/main.pl'),generator_lexicon_name('German_Generation'),generator_lexicon_file('../../SemanticGenerator/MG-Generator/grammars/German_Generation.pl'),semantic_cases_file('../cases/test_cases_german.pl'),gen_out_file('../generated/gen_out.pl'),forward_gen_tree_report_file('../generated/forward_gen_tree_report.txt'),repair_enabled(false),smoothing_enabled(false),smoothing_style(none))
2026-03-25T07:22:42 | gen_session | gen_case(semantic(1),status(ok),tokens([eins]),sentence(eins))
2026-03-25T07:22:42 | gen_session | gen_case(semantic(3),status(ok),tokens([drei]),sentence(drei))
2026-03-25T07:22:42 | gen_session | gen_case(semantic(10),status(ok),tokens([zehn]),sentence(zehn))
2026-03-25T07:22:42 | gen_session | gen_case(semantic(11),status(ok),tokens([elf]),sentence(elf))
2026-03-25T07:22:42 | gen_session | gen_case(semantic(12),status(ok),tokens([zwölf]),sentence(zwölf))
2026-03-25T07:22:42 | gen_session | gen_case(semantic(16),status(ok),tokens([sechzehn]),sentence(sechzehn))
2026-03-25T07:22:42 | gen_session | gen_case(semantic(17),status(ok),tokens([siebzehn]),sentence(siebzehn))
2026-03-25T07:22:42 | gen_session | gen_case(semantic(20),status(ok),tokens([zwanzig]),sentence(zwanzig))
2026-03-25T07:22:42 | gen_session | gen_case(semantic(21),status(ok),tokens([einundzwanzig]),sentence(einundzwanzig))
2026-03-25T07:22:42 | gen_session | gen_case(semantic(60),status(ok),tokens([sechzig]),sentence(sechzig))
2026-03-25T07:22:42 | gen_session | gen_case(semantic(61),status(ok),tokens([einundsechzig]),sentence(einundsechzig))
2026-03-25T07:22:42 | gen_session | gen_case(semantic(70),status(ok),tokens([siebzig]),sentence(siebzig))
2026-03-25T07:22:42 | gen_session | gen_case(semantic(71),status(ok),tokens([einundsiebzig]),sentence(einundsiebzig))
2026-03-25T07:22:42 | gen_session | gen_case(semantic(100),status(ok),tokens([hundert]),sentence(hundert))
2026-03-25T07:22:42 | gen_session | gen_case(semantic('1X+10'(3)),status(ok),tokens([zehn]),sentence(zehn))
2026-03-25T07:22:42 | gen_session | gen_case(semantic('1X+20'(2)),status(ok),tokens([zwei,undzwanzig]),sentence(zweiundzwanzig))
2026-03-25T07:22:42 | gen_session | gen_case(semantic('0X+30'(3)),status(ok),tokens([ßig]),sentence(ßig))
2026-03-25T07:22:42 | gen_session | gen_case(semantic('10X'(4)),status(ok),tokens([zig]),sentence(zig))
2026-03-25T07:22:47 | gen_session | gen_case(semantic('1X+31'(1)),status(error(time_limit_exceeded)),tokens([]),sentence(''))
2026-03-25T07:22:47 | system | gen_run_end
2026-03-25T07:22:47 | system | parse_run_start
2026-03-25T07:22:47 | configuration | parse_run(profile_name(german_numbers_profile),parser_name('MG LC Parser'),parser_load_file('../../MG-LC-Parser-with-Semantic-main/load.pl'),parser_semantics_file('../../MG-LC-Parser-with-Semantic-main/sem_from_tree.pl'),parser_lexicon_name('German_Parse'),parser_lexicon_file('../../MG-LC-Parser-with-Semantic-main/grammars/German_Parse.pl'),gen_out_file('../generated/gen_out.pl'),parse_out_file('../generated/parse_out.pl'),forward_parse_tree_report_file('../generated/forward_parse_tree_report.txt'),repair_enabled(false),smoothing_enabled(false),smoothing_style(none))
2026-03-25T07:22:47 | parse_session | parse_case(semantic(1),gen_status(ok),gen_tokens([eins]),repaired_tokens([eins]),parser_tokens([eins]),repair_status(repair_disabled),parse_status(ok),parsed_sem(1))
2026-03-25T07:22:47 | parse_session | parse_case(semantic(3),gen_status(ok),gen_tokens([drei]),repaired_tokens([drei]),parser_tokens([drei]),repair_status(repair_disabled),parse_status(ok),parsed_sem(3))
2026-03-25T07:22:47 | parse_session | parse_case(semantic(10),gen_status(ok),gen_tokens([zehn]),repaired_tokens([zehn]),parser_tokens([zehn]),repair_status(repair_disabled),parse_status(ok),parsed_sem(10))
2026-03-25T07:22:47 | parse_session | parse_case(semantic(11),gen_status(ok),gen_tokens([elf]),repaired_tokens([elf]),parser_tokens([elf]),repair_status(repair_disabled),parse_status(ok),parsed_sem(11))
2026-03-25T07:22:47 | parse_session | parse_case(semantic(12),gen_status(ok),gen_tokens([zwölf]),repaired_tokens([zwölf]),parser_tokens([zwölf]),repair_status(repair_disabled),parse_status(ok),parsed_sem(12))
2026-03-25T07:22:47 | parse_session | parse_case(semantic(16),gen_status(ok),gen_tokens([sechzehn]),repaired_tokens([sechzehn]),parser_tokens([sechzehn]),repair_status(repair_disabled),parse_status(ok),parsed_sem(16))
2026-03-25T07:22:47 | parse_session | parse_case(semantic(17),gen_status(ok),gen_tokens([siebzehn]),repaired_tokens([siebzehn]),parser_tokens([siebzehn]),repair_status(repair_disabled),parse_status(ok),parsed_sem(17))
2026-03-25T07:22:47 | parse_session | parse_case(semantic(20),gen_status(ok),gen_tokens([zwanzig]),repaired_tokens([zwanzig]),parser_tokens([zwanzig]),repair_status(repair_disabled),parse_status(ok),parsed_sem(20))
2026-03-25T07:22:47 | parse_session | parse_case(semantic(21),gen_status(ok),gen_tokens([einundzwanzig]),repaired_tokens([einundzwanzig]),parser_tokens([einundzwanzig]),repair_status(repair_disabled),parse_status(ok),parsed_sem(21))
2026-03-25T07:22:47 | parse_session | parse_case(semantic(60),gen_status(ok),gen_tokens([sechzig]),repaired_tokens([sechzig]),parser_tokens([sechzig]),repair_status(repair_disabled),parse_status(ok),parsed_sem(60))
2026-03-25T07:22:47 | parse_session | parse_case(semantic(61),gen_status(ok),gen_tokens([einundsechzig]),repaired_tokens([einundsechzig]),parser_tokens([einundsechzig]),repair_status(repair_disabled),parse_status(ok),parsed_sem(61))
2026-03-25T07:22:47 | parse_session | parse_case(semantic(70),gen_status(ok),gen_tokens([siebzig]),repaired_tokens([siebzig]),parser_tokens([siebzig]),repair_status(repair_disabled),parse_status(ok),parsed_sem(70))
2026-03-25T07:22:47 | parse_session | parse_case(semantic(71),gen_status(ok),gen_tokens([einundsiebzig]),repaired_tokens([einundsiebzig]),parser_tokens([einundsiebzig]),repair_status(repair_disabled),parse_status(ok),parsed_sem(71))
2026-03-25T07:22:47 | parse_session | parse_case(semantic(100),gen_status(ok),gen_tokens([hundert]),repaired_tokens([hundert]),parser_tokens([hundert]),repair_status(repair_disabled),parse_status(ok),parsed_sem(100))
2026-03-25T07:22:47 | parse_session | parse_case(semantic('1X+10'(3)),gen_status(ok),gen_tokens([zehn]),repaired_tokens([zehn]),parser_tokens([zehn]),repair_status(repair_disabled),parse_status(ok),parsed_sem(10))
2026-03-25T07:22:47 | parse_session | parse_case(semantic('1X+20'(2)),gen_status(ok),gen_tokens([zwei,undzwanzig]),repaired_tokens([zwei,undzwanzig]),parser_tokens([zwei,undzwanzig]),repair_status(repair_disabled),parse_status(ok),parsed_sem('1X+20'(2)))
2026-03-25T07:22:47 | parse_session | parse_case(semantic('0X+30'(3)),gen_status(ok),gen_tokens([ßig]),repaired_tokens([ßig]),parser_tokens([ßig]),repair_status(repair_disabled),parse_status(parse_fail),parsed_sem(none))
2026-03-25T07:22:47 | parse_session | parse_case(semantic('10X'(4)),gen_status(ok),gen_tokens([zig]),repaired_tokens([zig]),parser_tokens([zig]),repair_status(repair_disabled),parse_status(parse_fail),parsed_sem(none))
2026-03-25T07:22:47 | parse_session | parse_case(semantic('1X+31'(1)),gen_status(error(time_limit_exceeded)),gen_tokens([]),repaired_tokens([]),parser_tokens([]),repair_status(repair_disabled),parse_status(parse_skipped_empty_tokens),parsed_sem(none))
2026-03-25T07:22:47 | system | parse_run_end
2026-03-25T07:37:21 | system | gen_run_start
2026-03-25T07:37:21 | configuration | gen_run(profile_name(german_numbers_profile),generator_name('MG Generator'),generator_main_file('../../SemanticGenerator/MG-Generator/main.pl'),generator_lexicon_name('German_Generation'),generator_lexicon_file('../../SemanticGenerator/MG-Generator/grammars/German_Generation.pl'),semantic_cases_file('../cases/test_cases_german.pl'),gen_out_file('../generated/gen_out.pl'),forward_gen_tree_report_file('../generated/forward_gen_tree_report.txt'),repair_enabled(false),smoothing_enabled(false),smoothing_style(none))
2026-03-25T07:37:21 | gen_session | gen_case(semantic(1),status(ok),tokens([eins]),sentence(eins))
2026-03-25T07:37:21 | gen_session | gen_case(semantic(3),status(ok),tokens([drei]),sentence(drei))
2026-03-25T07:37:21 | gen_session | gen_case(semantic(10),status(ok),tokens([zehn]),sentence(zehn))
2026-03-25T07:37:21 | gen_session | gen_case(semantic(11),status(ok),tokens([elf]),sentence(elf))
2026-03-25T07:37:21 | gen_session | gen_case(semantic(12),status(ok),tokens([zwölf]),sentence(zwölf))
2026-03-25T07:37:21 | gen_session | gen_case(semantic(16),status(ok),tokens([sechzehn]),sentence(sechzehn))
2026-03-25T07:37:21 | gen_session | gen_case(semantic(17),status(ok),tokens([siebzehn]),sentence(siebzehn))
2026-03-25T07:37:21 | gen_session | gen_case(semantic(20),status(ok),tokens([zwanzig]),sentence(zwanzig))
2026-03-25T07:37:21 | gen_session | gen_case(semantic(21),status(ok),tokens([einundzwanzig]),sentence(einundzwanzig))
2026-03-25T07:37:21 | gen_session | gen_case(semantic(60),status(ok),tokens([sechzig]),sentence(sechzig))
2026-03-25T07:37:21 | gen_session | gen_case(semantic(61),status(ok),tokens([einundsechzig]),sentence(einundsechzig))
2026-03-25T07:37:21 | gen_session | gen_case(semantic(70),status(ok),tokens([siebzig]),sentence(siebzig))
2026-03-25T07:37:21 | gen_session | gen_case(semantic(71),status(ok),tokens([einundsiebzig]),sentence(einundsiebzig))
2026-03-25T07:37:21 | gen_session | gen_case(semantic(100),status(ok),tokens([hundert]),sentence(hundert))
2026-03-25T07:37:21 | gen_session | gen_case(semantic('1X+10'(3)),status(ok),tokens([zehn]),sentence(zehn))
2026-03-25T07:37:21 | gen_session | gen_case(semantic('1X+20'(2)),status(ok),tokens([zwei,undzwanzig]),sentence(zweiundzwanzig))
2026-03-25T07:37:21 | gen_session | gen_case(semantic('0X+30'(3)),status(ok),tokens([ßig]),sentence(ßig))
2026-03-25T07:37:21 | gen_session | gen_case(semantic('10X'(4)),status(ok),tokens([zig]),sentence(zig))
2026-03-25T07:37:26 | gen_session | gen_case(semantic('1X+31'(1)),status(error(time_limit_exceeded)),tokens([]),sentence(''))
2026-03-25T07:37:26 | system | gen_run_end
2026-03-25T07:37:26 | system | parse_run_start
2026-03-25T07:37:26 | configuration | parse_run(profile_name(german_numbers_profile),parser_name('MG LC Parser'),parser_load_file('../../MG-LC-Parser-with-Semantic-main/load.pl'),parser_semantics_file('../../MG-LC-Parser-with-Semantic-main/sem_from_tree.pl'),parser_lexicon_name('German_Parse'),parser_lexicon_file('../../MG-LC-Parser-with-Semantic-main/grammars/German_Parse.pl'),gen_out_file('../generated/gen_out.pl'),parse_out_file('../generated/parse_out.pl'),forward_parse_tree_report_file('../generated/forward_parse_tree_report.txt'),repair_enabled(false),smoothing_enabled(false),smoothing_style(none))
2026-03-25T07:37:26 | parse_session | parse_case(semantic(1),gen_status(ok),gen_tokens([eins]),repaired_tokens([eins]),parser_tokens([eins]),repair_status(repair_disabled),parse_status(ok),parsed_sem(1))
2026-03-25T07:37:26 | parse_session | parse_case(semantic(3),gen_status(ok),gen_tokens([drei]),repaired_tokens([drei]),parser_tokens([drei]),repair_status(repair_disabled),parse_status(ok),parsed_sem(3))
2026-03-25T07:37:26 | parse_session | parse_case(semantic(10),gen_status(ok),gen_tokens([zehn]),repaired_tokens([zehn]),parser_tokens([zehn]),repair_status(repair_disabled),parse_status(ok),parsed_sem(10))
2026-03-25T07:37:26 | parse_session | parse_case(semantic(11),gen_status(ok),gen_tokens([elf]),repaired_tokens([elf]),parser_tokens([elf]),repair_status(repair_disabled),parse_status(ok),parsed_sem(11))
2026-03-25T07:37:26 | parse_session | parse_case(semantic(12),gen_status(ok),gen_tokens([zwölf]),repaired_tokens([zwölf]),parser_tokens([zwölf]),repair_status(repair_disabled),parse_status(ok),parsed_sem(12))
2026-03-25T07:37:26 | parse_session | parse_case(semantic(16),gen_status(ok),gen_tokens([sechzehn]),repaired_tokens([sechzehn]),parser_tokens([sechzehn]),repair_status(repair_disabled),parse_status(ok),parsed_sem(16))
2026-03-25T07:37:26 | parse_session | parse_case(semantic(17),gen_status(ok),gen_tokens([siebzehn]),repaired_tokens([siebzehn]),parser_tokens([siebzehn]),repair_status(repair_disabled),parse_status(ok),parsed_sem(17))
2026-03-25T07:37:26 | parse_session | parse_case(semantic(20),gen_status(ok),gen_tokens([zwanzig]),repaired_tokens([zwanzig]),parser_tokens([zwanzig]),repair_status(repair_disabled),parse_status(ok),parsed_sem(20))
2026-03-25T07:37:26 | parse_session | parse_case(semantic(21),gen_status(ok),gen_tokens([einundzwanzig]),repaired_tokens([einundzwanzig]),parser_tokens([einundzwanzig]),repair_status(repair_disabled),parse_status(ok),parsed_sem(21))
2026-03-25T07:37:26 | parse_session | parse_case(semantic(60),gen_status(ok),gen_tokens([sechzig]),repaired_tokens([sechzig]),parser_tokens([sechzig]),repair_status(repair_disabled),parse_status(ok),parsed_sem(60))
2026-03-25T07:37:26 | parse_session | parse_case(semantic(61),gen_status(ok),gen_tokens([einundsechzig]),repaired_tokens([einundsechzig]),parser_tokens([einundsechzig]),repair_status(repair_disabled),parse_status(ok),parsed_sem(61))
2026-03-25T07:37:26 | parse_session | parse_case(semantic(70),gen_status(ok),gen_tokens([siebzig]),repaired_tokens([siebzig]),parser_tokens([siebzig]),repair_status(repair_disabled),parse_status(ok),parsed_sem(70))
2026-03-25T07:37:26 | parse_session | parse_case(semantic(71),gen_status(ok),gen_tokens([einundsiebzig]),repaired_tokens([einundsiebzig]),parser_tokens([einundsiebzig]),repair_status(repair_disabled),parse_status(ok),parsed_sem(71))
2026-03-25T07:37:26 | parse_session | parse_case(semantic(100),gen_status(ok),gen_tokens([hundert]),repaired_tokens([hundert]),parser_tokens([hundert]),repair_status(repair_disabled),parse_status(ok),parsed_sem(100))
2026-03-25T07:37:26 | parse_session | parse_case(semantic('1X+10'(3)),gen_status(ok),gen_tokens([zehn]),repaired_tokens([zehn]),parser_tokens([zehn]),repair_status(repair_disabled),parse_status(ok),parsed_sem(10))
2026-03-25T07:37:26 | parse_session | parse_case(semantic('1X+20'(2)),gen_status(ok),gen_tokens([zwei,undzwanzig]),repaired_tokens([zwei,undzwanzig]),parser_tokens([zwei,undzwanzig]),repair_status(repair_disabled),parse_status(ok),parsed_sem('1X+20'(2)))
2026-03-25T07:37:26 | parse_session | parse_case(semantic('0X+30'(3)),gen_status(ok),gen_tokens([ßig]),repaired_tokens([ßig]),parser_tokens([ßig]),repair_status(repair_disabled),parse_status(parse_fail),parsed_sem(none))
2026-03-25T07:37:26 | parse_session | parse_case(semantic('10X'(4)),gen_status(ok),gen_tokens([zig]),repaired_tokens([zig]),parser_tokens([zig]),repair_status(repair_disabled),parse_status(parse_fail),parsed_sem(none))
2026-03-25T07:37:26 | parse_session | parse_case(semantic('1X+31'(1)),gen_status(error(time_limit_exceeded)),gen_tokens([]),repaired_tokens([]),parser_tokens([]),repair_status(repair_disabled),parse_status(parse_skipped_empty_tokens),parsed_sem(none))
2026-03-25T07:37:26 | system | parse_run_end
2026-04-17T02:56:09 | system | gen_run_start
2026-04-17T02:56:09 | configuration | gen_run(profile_name(german_numbers_profile),generator_name('MG Generator'),generator_main_file('../../SemanticGenerator/MG-Generator/main.pl'),generator_lexicon_name('German_Generation'),generator_lexicon_file('../../SemanticGenerator/MG-Generator/grammars/German_Generation.pl'),semantic_cases_file('../cases/test_cases_german.pl'),gen_out_file('../generated/gen_out.pl'),forward_gen_tree_report_file('../generated/forward_gen_tree_report.txt'),repair_enabled(false),smoothing_enabled(false),smoothing_style(none))
2026-04-17T02:56:10 | gen_session | gen_case(semantic(1),status(ok),tokens([eins]),sentence(eins))
2026-04-17T02:56:10 | gen_session | gen_case(semantic(3),status(ok),tokens([drei]),sentence(drei))
2026-04-17T02:56:10 | gen_session | gen_case(semantic(10),status(ok),tokens([zehn]),sentence(zehn))
2026-04-17T02:56:10 | gen_session | gen_case(semantic(11),status(ok),tokens([elf]),sentence(elf))
2026-04-17T02:56:10 | gen_session | gen_case(semantic(12),status(ok),tokens([zwölf]),sentence(zwölf))
2026-04-17T02:56:10 | gen_session | gen_case(semantic(16),status(ok),tokens([sechzehn]),sentence(sechzehn))
2026-04-17T02:56:10 | gen_session | gen_case(semantic(17),status(ok),tokens([siebzehn]),sentence(siebzehn))
2026-04-17T02:56:10 | gen_session | gen_case(semantic(20),status(ok),tokens([zwanzig]),sentence(zwanzig))
2026-04-17T02:56:10 | gen_session | gen_case(semantic(21),status(ok),tokens([einundzwanzig]),sentence(einundzwanzig))
2026-04-17T02:56:10 | gen_session | gen_case(semantic(60),status(ok),tokens([sechzig]),sentence(sechzig))
2026-04-17T02:56:10 | gen_session | gen_case(semantic(61),status(ok),tokens([einundsechzig]),sentence(einundsechzig))
2026-04-17T02:56:10 | gen_session | gen_case(semantic(70),status(ok),tokens([siebzig]),sentence(siebzig))
2026-04-17T02:56:10 | gen_session | gen_case(semantic(71),status(ok),tokens([einundsiebzig]),sentence(einundsiebzig))
2026-04-17T02:56:10 | gen_session | gen_case(semantic(100),status(ok),tokens([hundert]),sentence(hundert))
2026-04-17T02:56:10 | gen_session | gen_case(semantic('1X+10'(3)),status(ok),tokens([zehn]),sentence(zehn))
2026-04-17T02:56:10 | gen_session | gen_case(semantic('1X+20'(2)),status(ok),tokens([zwei,undzwanzig]),sentence(zweiundzwanzig))
2026-04-17T02:56:10 | gen_session | gen_case(semantic('0X+30'(3)),status(ok),tokens([ßig]),sentence(ßig))
2026-04-17T02:56:10 | gen_session | gen_case(semantic('10X'(4)),status(ok),tokens([zig]),sentence(zig))
2026-04-17T02:56:15 | gen_session | gen_case(semantic('1X+31'(1)),status(error(time_limit_exceeded)),tokens([]),sentence(''))
2026-04-17T02:56:15 | system | gen_run_end
2026-04-17T02:56:15 | system | parse_run_start
2026-04-17T02:56:15 | configuration | parse_run(profile_name(german_numbers_profile),parser_name('MG LC Parser'),parser_load_file('../../MG-LC-Parser-with-Semantic-main/load.pl'),parser_semantics_file('../../MG-LC-Parser-with-Semantic-main/sem_from_tree.pl'),parser_lexicon_name('German_Parse'),parser_lexicon_file('../../MG-LC-Parser-with-Semantic-main/grammars/German_Parse.pl'),gen_out_file('../generated/gen_out.pl'),parse_out_file('../generated/parse_out.pl'),forward_parse_tree_report_file('../generated/forward_parse_tree_report.txt'),repair_enabled(false),smoothing_enabled(false),smoothing_style(none))
2026-04-17T02:56:16 | parse_session | parse_case(semantic(1),gen_status(ok),gen_tokens([eins]),repaired_tokens([eins]),parser_tokens([eins]),repair_status(repair_disabled),parse_status(ok),parsed_sem(1))
2026-04-17T02:56:16 | parse_session | parse_case(semantic(3),gen_status(ok),gen_tokens([drei]),repaired_tokens([drei]),parser_tokens([drei]),repair_status(repair_disabled),parse_status(ok),parsed_sem(3))
2026-04-17T02:56:16 | parse_session | parse_case(semantic(10),gen_status(ok),gen_tokens([zehn]),repaired_tokens([zehn]),parser_tokens([zehn]),repair_status(repair_disabled),parse_status(ok),parsed_sem(10))
2026-04-17T02:56:16 | parse_session | parse_case(semantic(11),gen_status(ok),gen_tokens([elf]),repaired_tokens([elf]),parser_tokens([elf]),repair_status(repair_disabled),parse_status(ok),parsed_sem(11))
2026-04-17T02:56:16 | parse_session | parse_case(semantic(12),gen_status(ok),gen_tokens([zwölf]),repaired_tokens([zwölf]),parser_tokens([zwölf]),repair_status(repair_disabled),parse_status(ok),parsed_sem(12))
2026-04-17T02:56:16 | parse_session | parse_case(semantic(16),gen_status(ok),gen_tokens([sechzehn]),repaired_tokens([sechzehn]),parser_tokens([sechzehn]),repair_status(repair_disabled),parse_status(ok),parsed_sem(16))
2026-04-17T02:56:16 | parse_session | parse_case(semantic(17),gen_status(ok),gen_tokens([siebzehn]),repaired_tokens([siebzehn]),parser_tokens([siebzehn]),repair_status(repair_disabled),parse_status(ok),parsed_sem(17))
2026-04-17T02:56:16 | parse_session | parse_case(semantic(20),gen_status(ok),gen_tokens([zwanzig]),repaired_tokens([zwanzig]),parser_tokens([zwanzig]),repair_status(repair_disabled),parse_status(ok),parsed_sem(20))
2026-04-17T02:56:16 | parse_session | parse_case(semantic(21),gen_status(ok),gen_tokens([einundzwanzig]),repaired_tokens([einundzwanzig]),parser_tokens([einundzwanzig]),repair_status(repair_disabled),parse_status(ok),parsed_sem(21))
2026-04-17T02:56:16 | parse_session | parse_case(semantic(60),gen_status(ok),gen_tokens([sechzig]),repaired_tokens([sechzig]),parser_tokens([sechzig]),repair_status(repair_disabled),parse_status(ok),parsed_sem(60))
2026-04-17T02:56:16 | parse_session | parse_case(semantic(61),gen_status(ok),gen_tokens([einundsechzig]),repaired_tokens([einundsechzig]),parser_tokens([einundsechzig]),repair_status(repair_disabled),parse_status(ok),parsed_sem(61))
2026-04-17T02:56:16 | parse_session | parse_case(semantic(70),gen_status(ok),gen_tokens([siebzig]),repaired_tokens([siebzig]),parser_tokens([siebzig]),repair_status(repair_disabled),parse_status(ok),parsed_sem(70))
2026-04-17T02:56:16 | parse_session | parse_case(semantic(71),gen_status(ok),gen_tokens([einundsiebzig]),repaired_tokens([einundsiebzig]),parser_tokens([einundsiebzig]),repair_status(repair_disabled),parse_status(ok),parsed_sem(71))
2026-04-17T02:56:16 | parse_session | parse_case(semantic(100),gen_status(ok),gen_tokens([hundert]),repaired_tokens([hundert]),parser_tokens([hundert]),repair_status(repair_disabled),parse_status(ok),parsed_sem(100))
2026-04-17T02:56:16 | parse_session | parse_case(semantic('1X+10'(3)),gen_status(ok),gen_tokens([zehn]),repaired_tokens([zehn]),parser_tokens([zehn]),repair_status(repair_disabled),parse_status(ok),parsed_sem(10))
2026-04-17T02:56:16 | parse_session | parse_case(semantic('1X+20'(2)),gen_status(ok),gen_tokens([zwei,undzwanzig]),repaired_tokens([zwei,undzwanzig]),parser_tokens([zwei,undzwanzig]),repair_status(repair_disabled),parse_status(ok),parsed_sem('1X+20'(2)))
2026-04-17T02:56:16 | parse_session | parse_case(semantic('0X+30'(3)),gen_status(ok),gen_tokens([ßig]),repaired_tokens([ßig]),parser_tokens([ßig]),repair_status(repair_disabled),parse_status(parse_fail),parsed_sem(none))
2026-04-17T02:56:16 | parse_session | parse_case(semantic('10X'(4)),gen_status(ok),gen_tokens([zig]),repaired_tokens([zig]),parser_tokens([zig]),repair_status(repair_disabled),parse_status(parse_fail),parsed_sem(none))
2026-04-17T02:56:16 | parse_session | parse_case(semantic('1X+31'(1)),gen_status(error(time_limit_exceeded)),gen_tokens([]),repaired_tokens([]),parser_tokens([]),repair_status(repair_disabled),parse_status(parse_skipped_empty_tokens),parsed_sem(none))
2026-04-17T02:56:16 | system | parse_run_end
2026-04-17T02:57:15 | system | reverse_parse_run_start
2026-04-17T02:57:15 | configuration | reverse_parse_run(profile_name(german_numbers_profile),parser_name('MG LC Parser'),parser_load_file('../../MG-LC-Parser-with-Semantic-main/load.pl'),parser_semantics_file('../../MG-LC-Parser-with-Semantic-main/sem_from_tree.pl'),parser_lexicon_name('German_Parse'),parser_lexicon_file('../../MG-LC-Parser-with-Semantic-main/grammars/German_Parse.pl'),token_cases_file('../cases/token_cases_german.pl'),reverse_parse_out_file('../generated/reverse_parse_out.pl'),repair_enabled(false),smoothing_enabled(false),smoothing_style(none))
2026-04-17T02:57:16 | reverse_parse_session | reverse_parse_case(tokens([eins]),parse_status(ok),parsed_sem(1),parse_tree([li([eins],[cfin])]))
2026-04-17T02:57:16 | reverse_parse_session | reverse_parse_case(tokens([drei]),parse_status(ok),parsed_sem(3),parse_tree([li([drei],[cfin])]))
2026-04-17T02:57:16 | reverse_parse_session | reverse_parse_case(tokens([zehn]),parse_status(ok),parsed_sem(10),parse_tree([li([zehn],[cfin])]))
2026-04-17T02:57:16 | reverse_parse_session | reverse_parse_case(tokens([elf]),parse_status(ok),parsed_sem(11),parse_tree([li([elf],[cfin])]))
2026-04-17T02:57:16 | reverse_parse_session | reverse_parse_case(tokens([zwölf]),parse_status(ok),parsed_sem(12),parse_tree([li([zwölf],[cfin])]))
2026-04-17T02:57:16 | reverse_parse_session | reverse_parse_case(tokens([sechzehn]),parse_status(ok),parsed_sem(16),parse_tree([li([sechzehn],[cfin])]))
2026-04-17T02:57:16 | reverse_parse_session | reverse_parse_case(tokens([siebzehn]),parse_status(ok),parsed_sem(17),parse_tree([li([siebzehn],[cfin])]))
2026-04-17T02:57:16 | reverse_parse_session | reverse_parse_case(tokens([zwanzig]),parse_status(ok),parsed_sem(20),parse_tree([li([zwanzig],[cfin])]))
2026-04-17T02:57:16 | reverse_parse_session | reverse_parse_case(tokens([einundzwanzig]),parse_status(ok),parsed_sem(21),parse_tree([li([einundzwanzig],[cfin])]))
2026-04-17T02:57:16 | reverse_parse_session | reverse_parse_case(tokens([sechzig]),parse_status(ok),parsed_sem(60),parse_tree([li([sechzig],[cfin])]))
2026-04-17T02:57:16 | reverse_parse_session | reverse_parse_case(tokens([einundsechzig]),parse_status(ok),parsed_sem(61),parse_tree([li([einundsechzig],[cfin])]))
2026-04-17T02:57:16 | reverse_parse_session | reverse_parse_case(tokens([siebzig]),parse_status(ok),parsed_sem(70),parse_tree([li([siebzig],[cfin])]))
2026-04-17T02:57:16 | reverse_parse_session | reverse_parse_case(tokens([einundsiebzig]),parse_status(ok),parsed_sem(71),parse_tree([li([einundsiebzig],[cfin])]))
2026-04-17T02:57:16 | reverse_parse_session | reverse_parse_case(tokens([hundert]),parse_status(ok),parsed_sem(100),parse_tree([li([hundert],[cfin])]))
2026-04-17T02:57:16 | reverse_parse_session | reverse_parse_case(tokens([zwei,undzwanzig]),parse_status(ok),parsed_sem('1X+20'(2)),parse_tree([tree(_71312,empty,tree(_70954,li([undzwanzig],[=c1,+b,cfin]),li([zwei],[c1,-b])))]))
2026-04-17T02:57:16 | reverse_parse_session | reverse_parse_case(tokens([drei,ßig]),parse_status(ok),parsed_sem('0X+30'(3)),parse_tree([tree(_71312,empty,tree(_70954,li([ßig],[=c1,+c,cfin]),li([drei],[c1,-c])))]))
2026-04-17T02:57:16 | reverse_parse_session | reverse_parse_case(tokens([zwei,und,drei,ßig]),parse_status(ok),parsed_sem('1X+1Y+3'('9X'(3),2)),parse_tree([tree(_70922,tree(_71240,li([und],[=c22s,=c2b,cfin]),tree(_72070,empty,tree(_71688,li([ßig],[=c1,+c,c22s]),li([drei],[c1,-c])))),li([zwei],[c2b]))]))
2026-04-17T02:57:16 | reverse_parse_session | reverse_parse_case(tokens([sieben,und,vier,zig]),parse_status(ok),parsed_sem('1X+1Y'('10X+N'(4),7)),parse_tree([tree(_70922,tree(_71240,li([und],[=c24s,=c2b,cfin]),tree(_72070,empty,tree(_71688,li([zig],[=c1,+d,c24s]),li([vier],[c1,-d])))),li([sieben],[c2b]))]))
2026-04-17T02:57:16 | reverse_parse_session | reverse_parse_case(tokens([drei,hundert]),parse_status(ok),parsed_sem('100X'(3)),parse_tree([tree(_71312,empty,tree(_70954,li([hundert],[=c1,+b,cfin]),li([drei],[c1,-b])))]))
2026-04-17T02:57:16 | reverse_parse_session | reverse_parse_case(tokens([drei,hundert,vier]),parse_status(ok),parsed_sem('1X+100Y'(4,3)),parse_tree([tree(_70916,tree(_71234,li([hundert],[=c3e,=c2b,cfin]),li([vier],[c3e])),li([drei],[c2b]))]))
2026-04-17T02:57:16 | reverse_parse_session | reverse_parse_case(tokens([drei,hundert,vier,zig]),parse_status(ok),parsed_sem('1X+100Y'('10X'(4),3)),parse_tree([tree(_70922,tree(_71240,li([hundert],[=c3e,=c2b,cfin]),tree(_72070,empty,tree(_71688,li([zig],[=c1,+d,c3e]),li([vier],[c1,-d])))),li([drei],[c2b]))]))
2026-04-17T02:57:16 | system | reverse_parse_run_end
2026-04-17T02:57:16 | system | reverse_gen_run_start
2026-04-17T02:57:16 | configuration | reverse_gen_run(profile_name(german_numbers_profile),generator_name('MG Generator'),generator_main_file('../../SemanticGenerator/MG-Generator/main.pl'),generator_lexicon_name('German_Generation'),generator_lexicon_file('../../SemanticGenerator/MG-Generator/grammars/German_Generation.pl'),reverse_parse_out_file('../generated/reverse_parse_out.pl'),reverse_out_file('../generated/reverse_out.pl'),repair_enabled(false),smoothing_enabled(false),smoothing_style(none))
2026-04-17T02:57:16 | reverse_gen_session | reverse_case(input_tokens([eins]),parse_status(ok),parsed_sem(1),gen_status(ok),raw_gen_tokens([eins]),normalized_gen_tokens([eins]),sentence(eins))
2026-04-17T02:57:16 | reverse_gen_session | reverse_case(input_tokens([drei]),parse_status(ok),parsed_sem(3),gen_status(ok),raw_gen_tokens([drei]),normalized_gen_tokens([drei]),sentence(drei))
2026-04-17T02:57:16 | reverse_gen_session | reverse_case(input_tokens([zehn]),parse_status(ok),parsed_sem(10),gen_status(ok),raw_gen_tokens([zehn]),normalized_gen_tokens([zehn]),sentence(zehn))
2026-04-17T02:57:16 | reverse_gen_session | reverse_case(input_tokens([elf]),parse_status(ok),parsed_sem(11),gen_status(ok),raw_gen_tokens([elf]),normalized_gen_tokens([elf]),sentence(elf))
2026-04-17T02:57:16 | reverse_gen_session | reverse_case(input_tokens([zwölf]),parse_status(ok),parsed_sem(12),gen_status(ok),raw_gen_tokens([zwölf]),normalized_gen_tokens([zwölf]),sentence(zwölf))
2026-04-17T02:57:16 | reverse_gen_session | reverse_case(input_tokens([sechzehn]),parse_status(ok),parsed_sem(16),gen_status(ok),raw_gen_tokens([sechzehn]),normalized_gen_tokens([sechzehn]),sentence(sechzehn))
2026-04-17T02:57:16 | reverse_gen_session | reverse_case(input_tokens([siebzehn]),parse_status(ok),parsed_sem(17),gen_status(ok),raw_gen_tokens([siebzehn]),normalized_gen_tokens([siebzehn]),sentence(siebzehn))
2026-04-17T02:57:16 | reverse_gen_session | reverse_case(input_tokens([zwanzig]),parse_status(ok),parsed_sem(20),gen_status(ok),raw_gen_tokens([zwanzig]),normalized_gen_tokens([zwanzig]),sentence(zwanzig))
2026-04-17T02:57:16 | reverse_gen_session | reverse_case(input_tokens([einundzwanzig]),parse_status(ok),parsed_sem(21),gen_status(ok),raw_gen_tokens([einundzwanzig]),normalized_gen_tokens([einundzwanzig]),sentence(einundzwanzig))
2026-04-17T02:57:16 | reverse_gen_session | reverse_case(input_tokens([sechzig]),parse_status(ok),parsed_sem(60),gen_status(ok),raw_gen_tokens([sechzig]),normalized_gen_tokens([sechzig]),sentence(sechzig))
2026-04-17T02:57:16 | reverse_gen_session | reverse_case(input_tokens([einundsechzig]),parse_status(ok),parsed_sem(61),gen_status(ok),raw_gen_tokens([einundsechzig]),normalized_gen_tokens([einundsechzig]),sentence(einundsechzig))
2026-04-17T02:57:16 | reverse_gen_session | reverse_case(input_tokens([siebzig]),parse_status(ok),parsed_sem(70),gen_status(ok),raw_gen_tokens([siebzig]),normalized_gen_tokens([siebzig]),sentence(siebzig))
2026-04-17T02:57:16 | reverse_gen_session | reverse_case(input_tokens([einundsiebzig]),parse_status(ok),parsed_sem(71),gen_status(ok),raw_gen_tokens([einundsiebzig]),normalized_gen_tokens([einundsiebzig]),sentence(einundsiebzig))
2026-04-17T02:57:16 | reverse_gen_session | reverse_case(input_tokens([hundert]),parse_status(ok),parsed_sem(100),gen_status(ok),raw_gen_tokens([hundert]),normalized_gen_tokens([hundert]),sentence(hundert))
2026-04-17T02:57:16 | reverse_gen_session | reverse_case(input_tokens([zwei,undzwanzig]),parse_status(ok),parsed_sem('1X+20'(2)),gen_status(ok),raw_gen_tokens([zwei,undzwanzig]),normalized_gen_tokens([zwei,undzwanzig]),sentence(zweiundzwanzig))
2026-04-17T02:57:16 | reverse_gen_session | reverse_case(input_tokens([drei,ßig]),parse_status(ok),parsed_sem('0X+30'(3)),gen_status(ok),raw_gen_tokens([ßig]),normalized_gen_tokens([ßig]),sentence(ßig))
2026-04-17T03:23:38 | system | reverse_gen_run_start
2026-04-17T03:23:38 | configuration | reverse_gen_run(profile_name(german_numbers_profile),generator_name('MG Generator'),generator_main_file('../../SemanticGenerator/MG-Generator/main.pl'),generator_lexicon_name('German_Generation'),generator_lexicon_file('../../SemanticGenerator/MG-Generator/grammars/German_Generation.pl'),reverse_parse_out_file('../generated/reverse_parse_out.pl'),reverse_out_file('../generated/reverse_out.pl'),repair_enabled(false),smoothing_enabled(false),smoothing_style(none))
2026-04-17T03:23:39 | reverse_gen_session | reverse_case(input_tokens([eins]),parse_status(ok),parsed_sem(1),gen_status(ok),raw_gen_tokens([eins]),normalized_gen_tokens([eins]),sentence(eins))
2026-04-17T03:23:39 | reverse_gen_session | reverse_case(input_tokens([drei]),parse_status(ok),parsed_sem(3),gen_status(ok),raw_gen_tokens([drei]),normalized_gen_tokens([drei]),sentence(drei))
2026-04-17T03:23:39 | reverse_gen_session | reverse_case(input_tokens([zehn]),parse_status(ok),parsed_sem(10),gen_status(ok),raw_gen_tokens([zehn]),normalized_gen_tokens([zehn]),sentence(zehn))
2026-04-17T03:23:39 | reverse_gen_session | reverse_case(input_tokens([elf]),parse_status(ok),parsed_sem(11),gen_status(ok),raw_gen_tokens([elf]),normalized_gen_tokens([elf]),sentence(elf))
2026-04-17T03:23:39 | reverse_gen_session | reverse_case(input_tokens([zwölf]),parse_status(ok),parsed_sem(12),gen_status(ok),raw_gen_tokens([zwölf]),normalized_gen_tokens([zwölf]),sentence(zwölf))
2026-04-17T03:23:39 | reverse_gen_session | reverse_case(input_tokens([sechzehn]),parse_status(ok),parsed_sem(16),gen_status(ok),raw_gen_tokens([sechzehn]),normalized_gen_tokens([sechzehn]),sentence(sechzehn))
2026-04-17T03:23:39 | reverse_gen_session | reverse_case(input_tokens([siebzehn]),parse_status(ok),parsed_sem(17),gen_status(ok),raw_gen_tokens([siebzehn]),normalized_gen_tokens([siebzehn]),sentence(siebzehn))
2026-04-17T03:23:39 | reverse_gen_session | reverse_case(input_tokens([zwanzig]),parse_status(ok),parsed_sem(20),gen_status(ok),raw_gen_tokens([zwanzig]),normalized_gen_tokens([zwanzig]),sentence(zwanzig))
2026-04-17T03:23:39 | reverse_gen_session | reverse_case(input_tokens([einundzwanzig]),parse_status(ok),parsed_sem(21),gen_status(ok),raw_gen_tokens([einundzwanzig]),normalized_gen_tokens([einundzwanzig]),sentence(einundzwanzig))
2026-04-17T03:23:39 | reverse_gen_session | reverse_case(input_tokens([sechzig]),parse_status(ok),parsed_sem(60),gen_status(ok),raw_gen_tokens([sechzig]),normalized_gen_tokens([sechzig]),sentence(sechzig))
2026-04-17T03:23:39 | reverse_gen_session | reverse_case(input_tokens([einundsechzig]),parse_status(ok),parsed_sem(61),gen_status(ok),raw_gen_tokens([einundsechzig]),normalized_gen_tokens([einundsechzig]),sentence(einundsechzig))
2026-04-17T03:23:39 | reverse_gen_session | reverse_case(input_tokens([siebzig]),parse_status(ok),parsed_sem(70),gen_status(ok),raw_gen_tokens([siebzig]),normalized_gen_tokens([siebzig]),sentence(siebzig))
2026-04-17T03:23:39 | reverse_gen_session | reverse_case(input_tokens([einundsiebzig]),parse_status(ok),parsed_sem(71),gen_status(ok),raw_gen_tokens([einundsiebzig]),normalized_gen_tokens([einundsiebzig]),sentence(einundsiebzig))
2026-04-17T03:23:39 | reverse_gen_session | reverse_case(input_tokens([hundert]),parse_status(ok),parsed_sem(100),gen_status(ok),raw_gen_tokens([hundert]),normalized_gen_tokens([hundert]),sentence(hundert))
2026-04-17T03:23:39 | reverse_gen_session | reverse_case(input_tokens([zwei,undzwanzig]),parse_status(ok),parsed_sem('1X+20'(2)),gen_status(ok),raw_gen_tokens([zwei,undzwanzig]),normalized_gen_tokens([zwei,undzwanzig]),sentence(zweiundzwanzig))
2026-04-17T03:23:39 | reverse_gen_session | reverse_case(input_tokens([drei,ßig]),parse_status(ok),parsed_sem('0X+30'(3)),gen_status(ok),raw_gen_tokens([ßig]),normalized_gen_tokens([ßig]),sentence(ßig))
2026-04-17T03:26:25 | system | reverse_gen_run_start
2026-04-17T03:26:25 | configuration | reverse_gen_run(profile_name(german_numbers_profile),generator_name('MG Generator'),generator_main_file('../../SemanticGenerator/MG-Generator/main.pl'),generator_lexicon_name('German_Generation'),generator_lexicon_file('../../SemanticGenerator/MG-Generator/grammars/German_Generation.pl'),reverse_parse_out_file('../generated/reverse_parse_out.pl'),reverse_out_file('../generated/reverse_out.pl'),repair_enabled(false),smoothing_enabled(false),smoothing_style(none))
2026-04-17T03:26:25 | reverse_gen_session | reverse_case(input_tokens([eins]),parse_status(ok),parsed_sem(1),gen_status(ok),raw_gen_tokens([eins]),normalized_gen_tokens([eins]),sentence(eins))
2026-04-17T03:26:25 | reverse_gen_session | reverse_case(input_tokens([drei]),parse_status(ok),parsed_sem(3),gen_status(ok),raw_gen_tokens([drei]),normalized_gen_tokens([drei]),sentence(drei))
2026-04-17T03:26:25 | reverse_gen_session | reverse_case(input_tokens([zehn]),parse_status(ok),parsed_sem(10),gen_status(ok),raw_gen_tokens([zehn]),normalized_gen_tokens([zehn]),sentence(zehn))
2026-04-17T03:26:25 | reverse_gen_session | reverse_case(input_tokens([elf]),parse_status(ok),parsed_sem(11),gen_status(ok),raw_gen_tokens([elf]),normalized_gen_tokens([elf]),sentence(elf))
2026-04-17T03:26:25 | reverse_gen_session | reverse_case(input_tokens([zwölf]),parse_status(ok),parsed_sem(12),gen_status(ok),raw_gen_tokens([zwölf]),normalized_gen_tokens([zwölf]),sentence(zwölf))
2026-04-17T03:26:25 | reverse_gen_session | reverse_case(input_tokens([sechzehn]),parse_status(ok),parsed_sem(16),gen_status(ok),raw_gen_tokens([sechzehn]),normalized_gen_tokens([sechzehn]),sentence(sechzehn))
2026-04-17T03:26:25 | reverse_gen_session | reverse_case(input_tokens([siebzehn]),parse_status(ok),parsed_sem(17),gen_status(ok),raw_gen_tokens([siebzehn]),normalized_gen_tokens([siebzehn]),sentence(siebzehn))
2026-04-17T03:26:25 | reverse_gen_session | reverse_case(input_tokens([zwanzig]),parse_status(ok),parsed_sem(20),gen_status(ok),raw_gen_tokens([zwanzig]),normalized_gen_tokens([zwanzig]),sentence(zwanzig))
2026-04-17T03:26:25 | reverse_gen_session | reverse_case(input_tokens([einundzwanzig]),parse_status(ok),parsed_sem(21),gen_status(ok),raw_gen_tokens([einundzwanzig]),normalized_gen_tokens([einundzwanzig]),sentence(einundzwanzig))
2026-04-17T03:26:25 | reverse_gen_session | reverse_case(input_tokens([sechzig]),parse_status(ok),parsed_sem(60),gen_status(ok),raw_gen_tokens([sechzig]),normalized_gen_tokens([sechzig]),sentence(sechzig))
2026-04-17T03:26:25 | reverse_gen_session | reverse_case(input_tokens([einundsechzig]),parse_status(ok),parsed_sem(61),gen_status(ok),raw_gen_tokens([einundsechzig]),normalized_gen_tokens([einundsechzig]),sentence(einundsechzig))
2026-04-17T03:26:25 | reverse_gen_session | reverse_case(input_tokens([siebzig]),parse_status(ok),parsed_sem(70),gen_status(ok),raw_gen_tokens([siebzig]),normalized_gen_tokens([siebzig]),sentence(siebzig))
2026-04-17T03:26:25 | reverse_gen_session | reverse_case(input_tokens([einundsiebzig]),parse_status(ok),parsed_sem(71),gen_status(ok),raw_gen_tokens([einundsiebzig]),normalized_gen_tokens([einundsiebzig]),sentence(einundsiebzig))
2026-04-17T03:26:25 | reverse_gen_session | reverse_case(input_tokens([hundert]),parse_status(ok),parsed_sem(100),gen_status(ok),raw_gen_tokens([hundert]),normalized_gen_tokens([hundert]),sentence(hundert))
2026-04-17T03:26:25 | reverse_gen_session | reverse_case(input_tokens([zwei,undzwanzig]),parse_status(ok),parsed_sem('1X+20'(2)),gen_status(ok),raw_gen_tokens([zwei,undzwanzig]),normalized_gen_tokens([zwei,undzwanzig]),sentence(zweiundzwanzig))
2026-04-17T03:26:25 | reverse_gen_session | reverse_case(input_tokens([drei,ßig]),parse_status(ok),parsed_sem('0X+30'(3)),gen_status(ok),raw_gen_tokens([ßig]),normalized_gen_tokens([ßig]),sentence(ßig))
2026-04-18T01:05:00 | system | gen_run_start
2026-04-18T01:05:00 | configuration | gen_run(profile_name(english_numbers_profile),generator_name('MG Generator'),generator_main_file('../../SemanticGenerator/MG-Generator/main.pl'),generator_lexicon_name(numbers_Gen),generator_lexicon_file('../../SemanticGenerator/MG-Generator/grammars/numbers_Gen.pl'),semantic_cases_file('../cases/test_cases.pl'),gen_out_file('../generated/gen_out.pl'),forward_gen_tree_report_file('../generated/forward_gen_tree_report.txt'),repair_enabled(false),smoothing_enabled(false),smoothing_style(none))
2026-04-18T01:05:01 | gen_session | gen_case(semantic(1),status(ok),tokens([one]),sentence(one))
2026-04-18T01:05:01 | gen_session | gen_case(semantic(2),status(ok),tokens([two]),sentence(two))
2026-04-18T01:05:01 | gen_session | gen_case(semantic(3),status(ok),tokens([three]),sentence(three))
2026-04-18T01:05:01 | gen_session | gen_case(semantic(4),status(ok),tokens([four]),sentence(four))
2026-04-18T01:05:01 | gen_session | gen_case(semantic(5),status(ok),tokens([five]),sentence(five))
2026-04-18T01:05:01 | gen_session | gen_case(semantic(6),status(ok),tokens([six]),sentence(six))
2026-04-18T01:05:01 | gen_session | gen_case(semantic(7),status(ok),tokens([seven]),sentence(seven))
2026-04-18T01:05:01 | gen_session | gen_case(semantic(8),status(ok),tokens([eight]),sentence(eight))
2026-04-18T01:05:01 | gen_session | gen_case(semantic(9),status(ok),tokens([nine]),sentence(nine))
2026-04-18T01:05:01 | gen_session | gen_case(semantic(10),status(ok),tokens([ten]),sentence(ten))
2026-04-18T01:05:01 | gen_session | gen_case(semantic(11),status(ok),tokens([eleven]),sentence(eleven))
2026-04-18T01:05:01 | gen_session | gen_case(semantic(12),status(ok),tokens([twelve]),sentence(twelve))
2026-04-18T01:05:01 | gen_session | gen_case(semantic(13),status(ok),tokens([thirteen]),sentence(thirteen))
2026-04-18T01:05:01 | gen_session | gen_case(semantic(15),status(ok),tokens([fifteen]),sentence(fifteen))
2026-04-18T01:05:01 | gen_session | gen_case(semantic(18),status(gen_empty_yield),tokens([]),sentence(''))
2026-04-18T01:05:01 | gen_session | gen_case(semantic(20),status(ok),tokens([twenty]),sentence(twenty))
2026-04-18T01:05:01 | gen_session | gen_case(semantic(30),status(ok),tokens([thirty]),sentence(thirty))
2026-04-18T01:05:01 | gen_session | gen_case(semantic(50),status(ok),tokens([fifty]),sentence(fifty))
2026-04-18T01:05:01 | gen_session | gen_case(semantic('1X+10'(4)),status(ok),tokens([four,teen]),sentence(fourteen))
2026-04-18T01:05:01 | gen_session | gen_case(semantic('1X+10'(6)),status(ok),tokens([six,teen]),sentence(sixteen))
2026-04-18T01:05:01 | gen_session | gen_case(semantic('1X+10'(7)),status(ok),tokens([seven,teen]),sentence(seventeen))
2026-04-18T01:05:01 | gen_session | gen_case(semantic('0X+18'(8)),status(ok),tokens([eight,een]),sentence(eighteen))
2026-04-18T01:05:01 | gen_session | gen_case(semantic('1X+10'(9)),status(ok),tokens([nine,teen]),sentence(nineteen))
2026-04-18T01:05:01 | gen_session | gen_case(semantic('1X+20'(1)),status(ok),tokens([twenty,one]),sentence(twentyone))
2026-04-18T01:05:01 | gen_session | gen_case(semantic('1X+20'(2)),status(ok),tokens([twenty,two]),sentence(twentytwo))
2026-04-18T01:05:01 | gen_session | gen_case(semantic('1X+20'(3)),status(ok),tokens([twenty,three]),sentence(twentythree))
2026-04-18T01:05:01 | gen_session | gen_case(semantic('1X+20'(4)),status(ok),tokens([twenty]),sentence(twenty))
2026-04-18T01:05:01 | gen_session | gen_case(semantic('1X+20'(5)),status(ok),tokens([twenty,five]),sentence(twentyfive))
2026-04-18T01:05:01 | gen_session | gen_case(semantic('1X+20'(6)),status(ok),tokens([twenty]),sentence(twenty))
2026-04-18T01:05:01 | gen_session | gen_case(semantic('1X+20'(7)),status(ok),tokens([twenty]),sentence(twenty))
2026-04-18T01:05:01 | gen_session | gen_case(semantic('1X+20'(8)),status(ok),tokens([twenty]),sentence(twenty))
2026-04-18T01:05:01 | gen_session | gen_case(semantic('1X+20'(9)),status(ok),tokens([twenty]),sentence(twenty))
2026-04-18T01:05:01 | gen_session | gen_case(semantic('1X+30'(1)),status(ok),tokens([thirty,one]),sentence(thirtyone))
2026-04-18T01:05:01 | gen_session | gen_case(semantic('1X+30'(2)),status(ok),tokens([thirty,two]),sentence(thirtytwo))
2026-04-18T01:05:01 | gen_session | gen_case(semantic('1X+30'(3)),status(ok),tokens([thirty,three]),sentence(thirtythree))
2026-04-18T01:05:01 | gen_session | gen_case(semantic('1X+30'(4)),status(ok),tokens([thirty]),sentence(thirty))
2026-04-18T01:05:01 | gen_session | gen_case(semantic('1X+30'(5)),status(ok),tokens([thirty,five]),sentence(thirtyfive))
2026-04-18T01:05:01 | gen_session | gen_case(semantic('1X+30'(6)),status(ok),tokens([thirty]),sentence(thirty))
2026-04-18T01:05:01 | gen_session | gen_case(semantic('1X+30'(7)),status(ok),tokens([thirty]),sentence(thirty))
2026-04-18T01:05:01 | gen_session | gen_case(semantic('1X+30'(8)),status(ok),tokens([thirty]),sentence(thirty))
2026-04-18T01:05:01 | gen_session | gen_case(semantic('1X+30'(9)),status(ok),tokens([thirty]),sentence(thirty))
2026-04-18T01:05:01 | gen_session | gen_case(semantic('1X+50'(1)),status(ok),tokens([fifty,one]),sentence(fiftyone))
2026-04-18T01:05:01 | gen_session | gen_case(semantic('1X+50'(2)),status(ok),tokens([fifty,two]),sentence(fiftytwo))
2026-04-18T01:05:01 | gen_session | gen_case(semantic('1X+50'(3)),status(ok),tokens([fifty,three]),sentence(fiftythree))
2026-04-18T01:05:01 | gen_session | gen_case(semantic('1X+50'(4)),status(ok),tokens([fifty]),sentence(fifty))
2026-04-18T01:05:01 | gen_session | gen_case(semantic('1X+50'(5)),status(ok),tokens([fifty,five]),sentence(fiftyfive))
2026-04-18T01:05:01 | gen_session | gen_case(semantic('1X+50'(6)),status(ok),tokens([fifty]),sentence(fifty))
2026-04-18T01:05:01 | gen_session | gen_case(semantic('1X+50'(7)),status(ok),tokens([fifty]),sentence(fifty))
2026-04-18T01:05:01 | gen_session | gen_case(semantic('1X+50'(8)),status(ok),tokens([fifty]),sentence(fifty))
2026-04-18T01:05:01 | gen_session | gen_case(semantic('1X+50'(9)),status(ok),tokens([fifty]),sentence(fifty))
2026-04-18T01:05:01 | gen_session | gen_case(semantic('1X+40'(4)),status(gen_empty_yield),tokens([]),sentence(''))
2026-04-18T01:05:01 | gen_session | gen_case(semantic('1X+60'(4)),status(gen_empty_yield),tokens([]),sentence(''))
2026-04-18T01:05:01 | gen_session | gen_case(semantic('1X+70'(4)),status(gen_empty_yield),tokens([]),sentence(''))
2026-04-18T01:05:01 | gen_session | gen_case(semantic('1X+80'(4)),status(gen_empty_yield),tokens([]),sentence(''))
2026-04-18T01:05:01 | gen_session | gen_case(semantic('1X+90'(4)),status(gen_empty_yield),tokens([]),sentence(''))
2026-04-18T01:05:01 | system | gen_run_end
2026-04-18T01:05:01 | system | parse_run_start
2026-04-18T01:05:01 | configuration | parse_run(profile_name(english_numbers_profile),parser_name('MG LC Parser'),parser_load_file('../../MG-LC-Parser-with-Semantic-main/load.pl'),parser_semantics_file('../../MG-LC-Parser-with-Semantic-main/sem_from_tree.pl'),parser_lexicon_name('English_trans_pruned'),parser_lexicon_file('../../MG-LC-Parser-with-Semantic-main/grammars/English_trans_pruned.pl'),gen_out_file('../generated/gen_out.pl'),parse_out_file('../generated/parse_out.pl'),forward_parse_tree_report_file('../generated/forward_parse_tree_report.txt'),repair_enabled(false),smoothing_enabled(false),smoothing_style(none))
2026-04-18T01:05:01 | parse_session | parse_case(semantic(1),gen_status(ok),gen_tokens([one]),repaired_tokens([one]),parser_tokens([one]),repair_status(repair_disabled),parse_status(ok),parsed_sem(1))
2026-04-18T01:05:01 | parse_session | parse_case(semantic(2),gen_status(ok),gen_tokens([two]),repaired_tokens([two]),parser_tokens([two]),repair_status(repair_disabled),parse_status(ok),parsed_sem(2))
2026-04-18T01:05:01 | parse_session | parse_case(semantic(3),gen_status(ok),gen_tokens([three]),repaired_tokens([three]),parser_tokens([three]),repair_status(repair_disabled),parse_status(ok),parsed_sem(3))
2026-04-18T01:05:01 | parse_session | parse_case(semantic(4),gen_status(ok),gen_tokens([four]),repaired_tokens([four]),parser_tokens([four]),repair_status(repair_disabled),parse_status(ok),parsed_sem(4))
2026-04-18T01:05:01 | parse_session | parse_case(semantic(5),gen_status(ok),gen_tokens([five]),repaired_tokens([five]),parser_tokens([five]),repair_status(repair_disabled),parse_status(ok),parsed_sem(5))
2026-04-18T01:05:01 | parse_session | parse_case(semantic(6),gen_status(ok),gen_tokens([six]),repaired_tokens([six]),parser_tokens([six]),repair_status(repair_disabled),parse_status(ok),parsed_sem(6))
2026-04-18T01:05:01 | parse_session | parse_case(semantic(7),gen_status(ok),gen_tokens([seven]),repaired_tokens([seven]),parser_tokens([seven]),repair_status(repair_disabled),parse_status(ok),parsed_sem(7))
2026-04-18T01:05:01 | parse_session | parse_case(semantic(8),gen_status(ok),gen_tokens([eight]),repaired_tokens([eight]),parser_tokens([eight]),repair_status(repair_disabled),parse_status(ok),parsed_sem(8))
2026-04-18T01:05:01 | parse_session | parse_case(semantic(9),gen_status(ok),gen_tokens([nine]),repaired_tokens([nine]),parser_tokens([nine]),repair_status(repair_disabled),parse_status(ok),parsed_sem(9))
2026-04-18T01:05:01 | parse_session | parse_case(semantic(10),gen_status(ok),gen_tokens([ten]),repaired_tokens([ten]),parser_tokens([ten]),repair_status(repair_disabled),parse_status(ok),parsed_sem(10))
2026-04-18T01:05:01 | parse_session | parse_case(semantic(11),gen_status(ok),gen_tokens([eleven]),repaired_tokens([eleven]),parser_tokens([eleven]),repair_status(repair_disabled),parse_status(ok),parsed_sem(11))
2026-04-18T01:05:01 | parse_session | parse_case(semantic(12),gen_status(ok),gen_tokens([twelve]),repaired_tokens([twelve]),parser_tokens([twelve]),repair_status(repair_disabled),parse_status(ok),parsed_sem(12))
2026-04-18T01:05:01 | parse_session | parse_case(semantic(13),gen_status(ok),gen_tokens([thirteen]),repaired_tokens([thirteen]),parser_tokens([thirteen]),repair_status(repair_disabled),parse_status(ok),parsed_sem(13))
2026-04-18T01:05:01 | parse_session | parse_case(semantic(15),gen_status(ok),gen_tokens([fifteen]),repaired_tokens([fifteen]),parser_tokens([fifteen]),repair_status(repair_disabled),parse_status(ok),parsed_sem(15))
2026-04-18T01:05:01 | parse_session | parse_case(semantic(18),gen_status(gen_empty_yield),gen_tokens([]),repaired_tokens([]),parser_tokens([]),repair_status(repair_disabled),parse_status(parse_skipped_empty_tokens),parsed_sem(none))
2026-04-18T01:05:01 | parse_session | parse_case(semantic(20),gen_status(ok),gen_tokens([twenty]),repaired_tokens([twenty]),parser_tokens([twenty]),repair_status(repair_disabled),parse_status(ok),parsed_sem(20))
2026-04-18T01:05:01 | parse_session | parse_case(semantic(30),gen_status(ok),gen_tokens([thirty]),repaired_tokens([thirty]),parser_tokens([thirty]),repair_status(repair_disabled),parse_status(ok),parsed_sem(30))
2026-04-18T01:05:01 | parse_session | parse_case(semantic(50),gen_status(ok),gen_tokens([fifty]),repaired_tokens([fifty]),parser_tokens([fifty]),repair_status(repair_disabled),parse_status(ok),parsed_sem(50))
2026-04-18T01:05:01 | parse_session | parse_case(semantic('1X+10'(4)),gen_status(ok),gen_tokens([four,teen]),repaired_tokens([four,teen]),parser_tokens([four,teen]),repair_status(repair_disabled),parse_status(ok),parsed_sem('1X+10'(4)))
2026-04-18T01:05:01 | parse_session | parse_case(semantic('1X+10'(6)),gen_status(ok),gen_tokens([six,teen]),repaired_tokens([six,teen]),parser_tokens([six,teen]),repair_status(repair_disabled),parse_status(parse_fail),parsed_sem(none))
2026-04-18T01:05:01 | parse_session | parse_case(semantic('1X+10'(7)),gen_status(ok),gen_tokens([seven,teen]),repaired_tokens([seven,teen]),parser_tokens([seven,teen]),repair_status(repair_disabled),parse_status(parse_fail),parsed_sem(none))
2026-04-18T01:05:01 | parse_session | parse_case(semantic('0X+18'(8)),gen_status(ok),gen_tokens([eight,een]),repaired_tokens([eight,een]),parser_tokens([eight,een]),repair_status(repair_disabled),parse_status(ok),parsed_sem('0X+18'(8)))
2026-04-18T01:05:01 | parse_session | parse_case(semantic('1X+10'(9)),gen_status(ok),gen_tokens([nine,teen]),repaired_tokens([nine,teen]),parser_tokens([nine,teen]),repair_status(repair_disabled),parse_status(parse_fail),parsed_sem(none))
2026-04-18T01:05:01 | parse_session | parse_case(semantic('1X+20'(1)),gen_status(ok),gen_tokens([twenty,one]),repaired_tokens([twenty,one]),parser_tokens([twenty_,one]),repair_status(repair_disabled),parse_status(ok),parsed_sem('1X+20'(1)))
2026-04-18T01:05:01 | parse_session | parse_case(semantic('1X+20'(2)),gen_status(ok),gen_tokens([twenty,two]),repaired_tokens([twenty,two]),parser_tokens([twenty_,two]),repair_status(repair_disabled),parse_status(ok),parsed_sem('1X+20'(2)))
2026-04-18T01:05:01 | parse_session | parse_case(semantic('1X+20'(3)),gen_status(ok),gen_tokens([twenty,three]),repaired_tokens([twenty,three]),parser_tokens([twenty_,three]),repair_status(repair_disabled),parse_status(ok),parsed_sem('1X+20'(3)))
2026-04-18T01:05:01 | parse_session | parse_case(semantic('1X+20'(4)),gen_status(ok),gen_tokens([twenty]),repaired_tokens([twenty]),parser_tokens([twenty]),repair_status(repair_disabled),parse_status(ok),parsed_sem(20))
2026-04-18T01:05:01 | parse_session | parse_case(semantic('1X+20'(5)),gen_status(ok),gen_tokens([twenty,five]),repaired_tokens([twenty,five]),parser_tokens([twenty_,five]),repair_status(repair_disabled),parse_status(ok),parsed_sem('1X+20'(5)))
2026-04-18T01:05:01 | parse_session | parse_case(semantic('1X+20'(6)),gen_status(ok),gen_tokens([twenty]),repaired_tokens([twenty]),parser_tokens([twenty]),repair_status(repair_disabled),parse_status(ok),parsed_sem(20))
2026-04-18T01:05:01 | parse_session | parse_case(semantic('1X+20'(7)),gen_status(ok),gen_tokens([twenty]),repaired_tokens([twenty]),parser_tokens([twenty]),repair_status(repair_disabled),parse_status(ok),parsed_sem(20))
2026-04-18T01:05:01 | parse_session | parse_case(semantic('1X+20'(8)),gen_status(ok),gen_tokens([twenty]),repaired_tokens([twenty]),parser_tokens([twenty]),repair_status(repair_disabled),parse_status(ok),parsed_sem(20))
2026-04-18T01:05:01 | parse_session | parse_case(semantic('1X+20'(9)),gen_status(ok),gen_tokens([twenty]),repaired_tokens([twenty]),parser_tokens([twenty]),repair_status(repair_disabled),parse_status(ok),parsed_sem(20))
2026-04-18T01:05:01 | parse_session | parse_case(semantic('1X+30'(1)),gen_status(ok),gen_tokens([thirty,one]),repaired_tokens([thirty,one]),parser_tokens([thirty_,one]),repair_status(repair_disabled),parse_status(ok),parsed_sem('1X+30'(1)))
2026-04-18T01:05:01 | parse_session | parse_case(semantic('1X+30'(2)),gen_status(ok),gen_tokens([thirty,two]),repaired_tokens([thirty,two]),parser_tokens([thirty_,two]),repair_status(repair_disabled),parse_status(ok),parsed_sem('1X+30'(2)))
2026-04-18T01:05:01 | parse_session | parse_case(semantic('1X+30'(3)),gen_status(ok),gen_tokens([thirty,three]),repaired_tokens([thirty,three]),parser_tokens([thirty_,three]),repair_status(repair_disabled),parse_status(ok),parsed_sem('1X+30'(3)))
2026-04-18T01:05:01 | parse_session | parse_case(semantic('1X+30'(4)),gen_status(ok),gen_tokens([thirty]),repaired_tokens([thirty]),parser_tokens([thirty]),repair_status(repair_disabled),parse_status(ok),parsed_sem(30))
2026-04-18T01:05:01 | parse_session | parse_case(semantic('1X+30'(5)),gen_status(ok),gen_tokens([thirty,five]),repaired_tokens([thirty,five]),parser_tokens([thirty_,five]),repair_status(repair_disabled),parse_status(ok),parsed_sem('1X+30'(5)))
2026-04-18T01:05:01 | parse_session | parse_case(semantic('1X+30'(6)),gen_status(ok),gen_tokens([thirty]),repaired_tokens([thirty]),parser_tokens([thirty]),repair_status(repair_disabled),parse_status(ok),parsed_sem(30))
2026-04-18T01:05:01 | parse_session | parse_case(semantic('1X+30'(7)),gen_status(ok),gen_tokens([thirty]),repaired_tokens([thirty]),parser_tokens([thirty]),repair_status(repair_disabled),parse_status(ok),parsed_sem(30))
2026-04-18T01:05:01 | parse_session | parse_case(semantic('1X+30'(8)),gen_status(ok),gen_tokens([thirty]),repaired_tokens([thirty]),parser_tokens([thirty]),repair_status(repair_disabled),parse_status(ok),parsed_sem(30))
2026-04-18T01:05:01 | parse_session | parse_case(semantic('1X+30'(9)),gen_status(ok),gen_tokens([thirty]),repaired_tokens([thirty]),parser_tokens([thirty]),repair_status(repair_disabled),parse_status(ok),parsed_sem(30))
2026-04-18T01:05:01 | parse_session | parse_case(semantic('1X+50'(1)),gen_status(ok),gen_tokens([fifty,one]),repaired_tokens([fifty,one]),parser_tokens([fifty_,one]),repair_status(repair_disabled),parse_status(ok),parsed_sem('1X+50'(1)))
2026-04-18T01:05:01 | parse_session | parse_case(semantic('1X+50'(2)),gen_status(ok),gen_tokens([fifty,two]),repaired_tokens([fifty,two]),parser_tokens([fifty_,two]),repair_status(repair_disabled),parse_status(ok),parsed_sem('1X+50'(2)))
2026-04-18T01:05:01 | parse_session | parse_case(semantic('1X+50'(3)),gen_status(ok),gen_tokens([fifty,three]),repaired_tokens([fifty,three]),parser_tokens([fifty_,three]),repair_status(repair_disabled),parse_status(ok),parsed_sem('1X+50'(3)))
2026-04-18T01:05:01 | parse_session | parse_case(semantic('1X+50'(4)),gen_status(ok),gen_tokens([fifty]),repaired_tokens([fifty]),parser_tokens([fifty]),repair_status(repair_disabled),parse_status(ok),parsed_sem(50))
2026-04-18T01:05:01 | parse_session | parse_case(semantic('1X+50'(5)),gen_status(ok),gen_tokens([fifty,five]),repaired_tokens([fifty,five]),parser_tokens([fifty_,five]),repair_status(repair_disabled),parse_status(ok),parsed_sem('1X+50'(5)))
2026-04-18T01:05:01 | parse_session | parse_case(semantic('1X+50'(6)),gen_status(ok),gen_tokens([fifty]),repaired_tokens([fifty]),parser_tokens([fifty]),repair_status(repair_disabled),parse_status(ok),parsed_sem(50))
2026-04-18T01:05:01 | parse_session | parse_case(semantic('1X+50'(7)),gen_status(ok),gen_tokens([fifty]),repaired_tokens([fifty]),parser_tokens([fifty]),repair_status(repair_disabled),parse_status(ok),parsed_sem(50))
2026-04-18T01:05:01 | parse_session | parse_case(semantic('1X+50'(8)),gen_status(ok),gen_tokens([fifty]),repaired_tokens([fifty]),parser_tokens([fifty]),repair_status(repair_disabled),parse_status(ok),parsed_sem(50))
2026-04-18T01:05:01 | parse_session | parse_case(semantic('1X+50'(9)),gen_status(ok),gen_tokens([fifty]),repaired_tokens([fifty]),parser_tokens([fifty]),repair_status(repair_disabled),parse_status(ok),parsed_sem(50))
2026-04-18T01:05:01 | parse_session | parse_case(semantic('1X+40'(4)),gen_status(gen_empty_yield),gen_tokens([]),repaired_tokens([]),parser_tokens([]),repair_status(repair_disabled),parse_status(parse_skipped_empty_tokens),parsed_sem(none))
2026-04-18T01:05:01 | parse_session | parse_case(semantic('1X+60'(4)),gen_status(gen_empty_yield),gen_tokens([]),repaired_tokens([]),parser_tokens([]),repair_status(repair_disabled),parse_status(parse_skipped_empty_tokens),parsed_sem(none))
2026-04-18T01:05:01 | parse_session | parse_case(semantic('1X+70'(4)),gen_status(gen_empty_yield),gen_tokens([]),repaired_tokens([]),parser_tokens([]),repair_status(repair_disabled),parse_status(parse_skipped_empty_tokens),parsed_sem(none))
2026-04-18T01:05:01 | parse_session | parse_case(semantic('1X+80'(4)),gen_status(gen_empty_yield),gen_tokens([]),repaired_tokens([]),parser_tokens([]),repair_status(repair_disabled),parse_status(parse_skipped_empty_tokens),parsed_sem(none))
2026-04-18T01:05:01 | parse_session | parse_case(semantic('1X+90'(4)),gen_status(gen_empty_yield),gen_tokens([]),repaired_tokens([]),parser_tokens([]),repair_status(repair_disabled),parse_status(parse_skipped_empty_tokens),parsed_sem(none))
2026-04-18T01:05:01 | system | parse_run_end
2026-04-18T01:07:51 | system | reverse_parse_run_start
2026-04-18T01:07:51 | configuration | reverse_parse_run(profile_name(english_numbers_profile),parser_name('MG LC Parser'),parser_load_file('../../MG-LC-Parser-with-Semantic-main/load.pl'),parser_semantics_file('../../MG-LC-Parser-with-Semantic-main/sem_from_tree.pl'),parser_lexicon_name('English_trans_pruned'),parser_lexicon_file('../../MG-LC-Parser-with-Semantic-main/grammars/English_trans_pruned.pl'),token_cases_file('../cases/token_cases.pl'),reverse_parse_out_file('../generated/reverse_parse_out.pl'),repair_enabled(false),smoothing_enabled(false),smoothing_style(none))
2026-04-18T01:07:51 | reverse_parse_session | reverse_parse_case(tokens([one]),parse_status(ok),parsed_sem(1),parse_tree([li([one],[cfin])]))
2026-04-18T01:07:51 | reverse_parse_session | reverse_parse_case(tokens([two]),parse_status(ok),parsed_sem(2),parse_tree([li([two],[cfin])]))
2026-04-18T01:07:51 | reverse_parse_session | reverse_parse_case(tokens([three]),parse_status(ok),parsed_sem(3),parse_tree([li([three],[cfin])]))
2026-04-18T01:07:51 | reverse_parse_session | reverse_parse_case(tokens([four]),parse_status(ok),parsed_sem(4),parse_tree([li([four],[cfin])]))
2026-04-18T01:07:51 | reverse_parse_session | reverse_parse_case(tokens([five]),parse_status(ok),parsed_sem(5),parse_tree([li([five],[cfin])]))
2026-04-18T01:07:51 | reverse_parse_session | reverse_parse_case(tokens([six]),parse_status(ok),parsed_sem(6),parse_tree([li([six],[cfin])]))
2026-04-18T01:07:51 | reverse_parse_session | reverse_parse_case(tokens([seven]),parse_status(ok),parsed_sem(7),parse_tree([li([seven],[cfin])]))
2026-04-18T01:07:51 | reverse_parse_session | reverse_parse_case(tokens([eight]),parse_status(ok),parsed_sem(8),parse_tree([li([eight],[cfin])]))
2026-04-18T01:07:51 | reverse_parse_session | reverse_parse_case(tokens([nine]),parse_status(ok),parsed_sem(9),parse_tree([li([nine],[cfin])]))
2026-04-18T01:07:51 | reverse_parse_session | reverse_parse_case(tokens([ten]),parse_status(ok),parsed_sem(10),parse_tree([li([ten],[cfin])]))
2026-04-18T01:07:51 | reverse_parse_session | reverse_parse_case(tokens([eleven]),parse_status(ok),parsed_sem(11),parse_tree([li([eleven],[cfin])]))
2026-04-18T01:07:51 | reverse_parse_session | reverse_parse_case(tokens([twelve]),parse_status(ok),parsed_sem(12),parse_tree([li([twelve],[cfin])]))
2026-04-18T01:07:51 | reverse_parse_session | reverse_parse_case(tokens([thirteen]),parse_status(ok),parsed_sem(13),parse_tree([li([thirteen],[cfin])]))
2026-04-18T01:07:51 | reverse_parse_session | reverse_parse_case(tokens([fifteen]),parse_status(ok),parsed_sem(15),parse_tree([li([fifteen],[cfin])]))
2026-04-18T01:07:51 | reverse_parse_session | reverse_parse_case(tokens([four,teen]),parse_status(ok),parsed_sem('1X+10'(4)),parse_tree([tree(_106088,empty,tree(_105730,li([teen],[=c1,+a,cfin]),li([four],[c1,-a])))]))
2026-04-18T01:07:51 | reverse_parse_session | reverse_parse_case(tokens([eight,een]),parse_status(ok),parsed_sem('0X+18'(8)),parse_tree([tree(_106088,empty,tree(_105730,li([een],[=c1,+b,cfin]),li([eight],[c1,-b])))]))
2026-04-18T01:07:51 | reverse_parse_session | reverse_parse_case(tokens([twenty]),parse_status(ok),parsed_sem(20),parse_tree([li([twenty],[cfin])]))
2026-04-18T01:07:51 | reverse_parse_session | reverse_parse_case(tokens([thirty]),parse_status(ok),parsed_sem(30),parse_tree([li([thirty],[cfin])]))
2026-04-18T01:07:51 | reverse_parse_session | reverse_parse_case(tokens([fifty]),parse_status(ok),parsed_sem(50),parse_tree([li([fifty],[cfin])]))
2026-04-18T01:07:51 | reverse_parse_session | reverse_parse_case(tokens([twenty_,one]),parse_status(ok),parsed_sem('1X+20'(1)),parse_tree([tree(_105662,li([twenty_],[=c1,cfin]),li([one],[c1]))]))
2026-04-18T01:07:51 | reverse_parse_session | reverse_parse_case(tokens([twenty_,two]),parse_status(ok),parsed_sem('1X+20'(2)),parse_tree([tree(_105662,li([twenty_],[=c1,cfin]),li([two],[c1]))]))
2026-04-18T01:07:51 | reverse_parse_session | reverse_parse_case(tokens([twenty_,three]),parse_status(ok),parsed_sem('1X+20'(3)),parse_tree([tree(_105662,li([twenty_],[=c1,cfin]),li([three],[c1]))]))
2026-04-18T01:07:51 | reverse_parse_session | reverse_parse_case(tokens([twenty_,four]),parse_status(ok),parsed_sem('1X+20'(4)),parse_tree([tree(_105662,li([twenty_],[=c1,cfin]),li([four],[c1]))]))
2026-04-18T01:07:51 | reverse_parse_session | reverse_parse_case(tokens([twenty_,five]),parse_status(ok),parsed_sem('1X+20'(5)),parse_tree([tree(_105662,li([twenty_],[=c1,cfin]),li([five],[c1]))]))
2026-04-18T01:07:51 | reverse_parse_session | reverse_parse_case(tokens([twenty_,six]),parse_status(ok),parsed_sem('1X+20'(6)),parse_tree([tree(_105662,li([twenty_],[=c1,cfin]),li([six],[c1]))]))
2026-04-18T01:07:51 | reverse_parse_session | reverse_parse_case(tokens([twenty_,seven]),parse_status(ok),parsed_sem('1X+20'(7)),parse_tree([tree(_105662,li([twenty_],[=c1,cfin]),li([seven],[c1]))]))
2026-04-18T01:07:51 | reverse_parse_session | reverse_parse_case(tokens([twenty_,eight]),parse_status(ok),parsed_sem('1X+20'(8)),parse_tree([tree(_105662,li([twenty_],[=c1,cfin]),li([eight],[c1]))]))
2026-04-18T01:07:51 | reverse_parse_session | reverse_parse_case(tokens([twenty_,nine]),parse_status(ok),parsed_sem('1X+20'(9)),parse_tree([tree(_105662,li([twenty_],[=c1,cfin]),li([nine],[c1]))]))
2026-04-18T01:07:51 | reverse_parse_session | reverse_parse_case(tokens([thirty_,one]),parse_status(ok),parsed_sem('1X+30'(1)),parse_tree([tree(_105662,li([thirty_],[=c1,cfin]),li([one],[c1]))]))
2026-04-18T01:07:51 | reverse_parse_session | reverse_parse_case(tokens([thirty_,two]),parse_status(ok),parsed_sem('1X+30'(2)),parse_tree([tree(_105662,li([thirty_],[=c1,cfin]),li([two],[c1]))]))
2026-04-18T01:07:51 | reverse_parse_session | reverse_parse_case(tokens([thirty_,three]),parse_status(ok),parsed_sem('1X+30'(3)),parse_tree([tree(_105662,li([thirty_],[=c1,cfin]),li([three],[c1]))]))
2026-04-18T01:07:51 | reverse_parse_session | reverse_parse_case(tokens([thirty_,four]),parse_status(ok),parsed_sem('1X+30'(4)),parse_tree([tree(_105662,li([thirty_],[=c1,cfin]),li([four],[c1]))]))
2026-04-18T01:07:51 | reverse_parse_session | reverse_parse_case(tokens([thirty_,five]),parse_status(ok),parsed_sem('1X+30'(5)),parse_tree([tree(_105662,li([thirty_],[=c1,cfin]),li([five],[c1]))]))
2026-04-18T01:07:51 | reverse_parse_session | reverse_parse_case(tokens([thirty_,six]),parse_status(ok),parsed_sem('1X+30'(6)),parse_tree([tree(_105662,li([thirty_],[=c1,cfin]),li([six],[c1]))]))
2026-04-18T01:07:51 | reverse_parse_session | reverse_parse_case(tokens([thirty_,seven]),parse_status(ok),parsed_sem('1X+30'(7)),parse_tree([tree(_105662,li([thirty_],[=c1,cfin]),li([seven],[c1]))]))
2026-04-18T01:07:51 | reverse_parse_session | reverse_parse_case(tokens([thirty_,eight]),parse_status(ok),parsed_sem('1X+30'(8)),parse_tree([tree(_105662,li([thirty_],[=c1,cfin]),li([eight],[c1]))]))
2026-04-18T01:07:51 | reverse_parse_session | reverse_parse_case(tokens([thirty_,nine]),parse_status(ok),parsed_sem('1X+30'(9)),parse_tree([tree(_105662,li([thirty_],[=c1,cfin]),li([nine],[c1]))]))
2026-04-18T01:07:51 | reverse_parse_session | reverse_parse_case(tokens([fifty_,one]),parse_status(ok),parsed_sem('1X+50'(1)),parse_tree([tree(_105662,li([fifty_],[=c1,cfin]),li([one],[c1]))]))
2026-04-18T01:07:51 | reverse_parse_session | reverse_parse_case(tokens([fifty_,two]),parse_status(ok),parsed_sem('1X+50'(2)),parse_tree([tree(_105662,li([fifty_],[=c1,cfin]),li([two],[c1]))]))
2026-04-18T01:07:51 | reverse_parse_session | reverse_parse_case(tokens([fifty_,three]),parse_status(ok),parsed_sem('1X+50'(3)),parse_tree([tree(_105662,li([fifty_],[=c1,cfin]),li([three],[c1]))]))
2026-04-18T01:07:51 | reverse_parse_session | reverse_parse_case(tokens([fifty_,four]),parse_status(ok),parsed_sem('1X+50'(4)),parse_tree([tree(_105662,li([fifty_],[=c1,cfin]),li([four],[c1]))]))
2026-04-18T01:07:51 | reverse_parse_session | reverse_parse_case(tokens([fifty_,five]),parse_status(ok),parsed_sem('1X+50'(5)),parse_tree([tree(_105662,li([fifty_],[=c1,cfin]),li([five],[c1]))]))
2026-04-18T01:07:51 | reverse_parse_session | reverse_parse_case(tokens([fifty_,six]),parse_status(ok),parsed_sem('1X+50'(6)),parse_tree([tree(_105662,li([fifty_],[=c1,cfin]),li([six],[c1]))]))
2026-04-18T01:07:51 | reverse_parse_session | reverse_parse_case(tokens([fifty_,seven]),parse_status(ok),parsed_sem('1X+50'(7)),parse_tree([tree(_105662,li([fifty_],[=c1,cfin]),li([seven],[c1]))]))
2026-04-18T01:07:51 | reverse_parse_session | reverse_parse_case(tokens([fifty_,eight]),parse_status(ok),parsed_sem('1X+50'(8)),parse_tree([tree(_105662,li([fifty_],[=c1,cfin]),li([eight],[c1]))]))
2026-04-18T01:07:51 | reverse_parse_session | reverse_parse_case(tokens([fifty_,nine]),parse_status(ok),parsed_sem('1X+50'(9)),parse_tree([tree(_105662,li([fifty_],[=c1,cfin]),li([nine],[c1]))]))
2026-04-18T01:07:51 | system | reverse_parse_run_end
2026-04-18T01:07:51 | system | reverse_gen_run_start
2026-04-18T01:07:51 | configuration | reverse_gen_run(profile_name(english_numbers_profile),generator_name('MG Generator'),generator_main_file('../../SemanticGenerator/MG-Generator/main.pl'),generator_lexicon_name(numbers_Gen),generator_lexicon_file('../../SemanticGenerator/MG-Generator/grammars/numbers_Gen.pl'),reverse_parse_out_file('../generated/reverse_parse_out.pl'),reverse_out_file('../generated/reverse_out.pl'),repair_enabled(false),smoothing_enabled(false),smoothing_style(none))
2026-04-18T01:07:51 | reverse_gen_session | reverse_case(input_tokens([one]),parse_status(ok),parsed_sem(1),gen_status(ok),raw_gen_tokens([one]),normalized_gen_tokens([one]),sentence(one))
2026-04-18T01:07:51 | reverse_gen_session | reverse_case(input_tokens([two]),parse_status(ok),parsed_sem(2),gen_status(ok),raw_gen_tokens([two]),normalized_gen_tokens([two]),sentence(two))
2026-04-18T01:07:51 | reverse_gen_session | reverse_case(input_tokens([three]),parse_status(ok),parsed_sem(3),gen_status(ok),raw_gen_tokens([three]),normalized_gen_tokens([three]),sentence(three))
2026-04-18T01:07:51 | reverse_gen_session | reverse_case(input_tokens([four]),parse_status(ok),parsed_sem(4),gen_status(ok),raw_gen_tokens([four]),normalized_gen_tokens([four]),sentence(four))
2026-04-18T01:07:51 | reverse_gen_session | reverse_case(input_tokens([five]),parse_status(ok),parsed_sem(5),gen_status(ok),raw_gen_tokens([five]),normalized_gen_tokens([five]),sentence(five))
2026-04-18T01:07:51 | reverse_gen_session | reverse_case(input_tokens([six]),parse_status(ok),parsed_sem(6),gen_status(ok),raw_gen_tokens([six]),normalized_gen_tokens([six]),sentence(six))
2026-04-18T01:07:51 | reverse_gen_session | reverse_case(input_tokens([seven]),parse_status(ok),parsed_sem(7),gen_status(ok),raw_gen_tokens([seven]),normalized_gen_tokens([seven]),sentence(seven))
2026-04-18T01:07:51 | reverse_gen_session | reverse_case(input_tokens([eight]),parse_status(ok),parsed_sem(8),gen_status(ok),raw_gen_tokens([eight]),normalized_gen_tokens([eight]),sentence(eight))
2026-04-18T01:07:51 | reverse_gen_session | reverse_case(input_tokens([nine]),parse_status(ok),parsed_sem(9),gen_status(ok),raw_gen_tokens([nine]),normalized_gen_tokens([nine]),sentence(nine))
2026-04-18T01:07:51 | reverse_gen_session | reverse_case(input_tokens([ten]),parse_status(ok),parsed_sem(10),gen_status(ok),raw_gen_tokens([ten]),normalized_gen_tokens([ten]),sentence(ten))
2026-04-18T01:07:51 | reverse_gen_session | reverse_case(input_tokens([eleven]),parse_status(ok),parsed_sem(11),gen_status(ok),raw_gen_tokens([eleven]),normalized_gen_tokens([eleven]),sentence(eleven))
2026-04-18T01:07:51 | reverse_gen_session | reverse_case(input_tokens([twelve]),parse_status(ok),parsed_sem(12),gen_status(ok),raw_gen_tokens([twelve]),normalized_gen_tokens([twelve]),sentence(twelve))
2026-04-18T01:07:51 | reverse_gen_session | reverse_case(input_tokens([thirteen]),parse_status(ok),parsed_sem(13),gen_status(ok),raw_gen_tokens([thirteen]),normalized_gen_tokens([thirteen]),sentence(thirteen))
2026-04-18T01:07:51 | reverse_gen_session | reverse_case(input_tokens([fifteen]),parse_status(ok),parsed_sem(15),gen_status(ok),raw_gen_tokens([fifteen]),normalized_gen_tokens([fifteen]),sentence(fifteen))
2026-04-18T01:07:51 | reverse_gen_session | reverse_case(input_tokens([four,teen]),parse_status(ok),parsed_sem('1X+10'(4)),gen_status(ok),raw_gen_tokens([four,teen]),normalized_gen_tokens([four,teen]),sentence(fourteen))
2026-04-18T01:07:51 | reverse_gen_session | reverse_case(input_tokens([eight,een]),parse_status(ok),parsed_sem('0X+18'(8)),gen_status(ok),raw_gen_tokens([eight,een]),normalized_gen_tokens([eight,een]),sentence(eighteen))
2026-04-18T01:07:51 | reverse_gen_session | reverse_case(input_tokens([twenty]),parse_status(ok),parsed_sem(20),gen_status(ok),raw_gen_tokens([twenty]),normalized_gen_tokens([twenty]),sentence(twenty))
2026-04-18T01:07:51 | reverse_gen_session | reverse_case(input_tokens([thirty]),parse_status(ok),parsed_sem(30),gen_status(ok),raw_gen_tokens([thirty]),normalized_gen_tokens([thirty]),sentence(thirty))
2026-04-18T01:07:51 | reverse_gen_session | reverse_case(input_tokens([fifty]),parse_status(ok),parsed_sem(50),gen_status(ok),raw_gen_tokens([fifty]),normalized_gen_tokens([fifty]),sentence(fifty))
2026-04-18T01:07:51 | reverse_gen_session | reverse_case(input_tokens([twenty_,one]),parse_status(ok),parsed_sem('1X+20'(1)),gen_status(ok),raw_gen_tokens([twenty,one]),normalized_gen_tokens([twenty_,one]),sentence(twentyone))
2026-04-18T01:07:51 | reverse_gen_session | reverse_case(input_tokens([twenty_,two]),parse_status(ok),parsed_sem('1X+20'(2)),gen_status(ok),raw_gen_tokens([twenty,two]),normalized_gen_tokens([twenty_,two]),sentence(twentytwo))
2026-04-18T01:07:51 | reverse_gen_session | reverse_case(input_tokens([twenty_,three]),parse_status(ok),parsed_sem('1X+20'(3)),gen_status(ok),raw_gen_tokens([twenty,three]),normalized_gen_tokens([twenty_,three]),sentence(twentythree))
2026-04-18T01:07:51 | reverse_gen_session | reverse_case(input_tokens([twenty_,four]),parse_status(ok),parsed_sem('1X+20'(4)),gen_status(ok),raw_gen_tokens([twenty]),normalized_gen_tokens([twenty]),sentence(twenty))
2026-04-18T01:07:51 | reverse_gen_session | reverse_case(input_tokens([twenty_,five]),parse_status(ok),parsed_sem('1X+20'(5)),gen_status(ok),raw_gen_tokens([twenty,five]),normalized_gen_tokens([twenty_,five]),sentence(twentyfive))
2026-04-18T01:07:51 | reverse_gen_session | reverse_case(input_tokens([twenty_,six]),parse_status(ok),parsed_sem('1X+20'(6)),gen_status(ok),raw_gen_tokens([twenty]),normalized_gen_tokens([twenty]),sentence(twenty))
2026-04-18T01:07:51 | reverse_gen_session | reverse_case(input_tokens([twenty_,seven]),parse_status(ok),parsed_sem('1X+20'(7)),gen_status(ok),raw_gen_tokens([twenty]),normalized_gen_tokens([twenty]),sentence(twenty))
2026-04-18T01:07:51 | reverse_gen_session | reverse_case(input_tokens([twenty_,eight]),parse_status(ok),parsed_sem('1X+20'(8)),gen_status(ok),raw_gen_tokens([twenty]),normalized_gen_tokens([twenty]),sentence(twenty))
2026-04-18T01:07:51 | reverse_gen_session | reverse_case(input_tokens([twenty_,nine]),parse_status(ok),parsed_sem('1X+20'(9)),gen_status(ok),raw_gen_tokens([twenty]),normalized_gen_tokens([twenty]),sentence(twenty))
2026-04-18T01:07:51 | reverse_gen_session | reverse_case(input_tokens([thirty_,one]),parse_status(ok),parsed_sem('1X+30'(1)),gen_status(ok),raw_gen_tokens([thirty,one]),normalized_gen_tokens([thirty_,one]),sentence(thirtyone))
2026-04-18T01:07:51 | reverse_gen_session | reverse_case(input_tokens([thirty_,two]),parse_status(ok),parsed_sem('1X+30'(2)),gen_status(ok),raw_gen_tokens([thirty,two]),normalized_gen_tokens([thirty_,two]),sentence(thirtytwo))
2026-04-18T01:07:51 | reverse_gen_session | reverse_case(input_tokens([thirty_,three]),parse_status(ok),parsed_sem('1X+30'(3)),gen_status(ok),raw_gen_tokens([thirty,three]),normalized_gen_tokens([thirty_,three]),sentence(thirtythree))
2026-04-18T01:07:51 | reverse_gen_session | reverse_case(input_tokens([thirty_,four]),parse_status(ok),parsed_sem('1X+30'(4)),gen_status(ok),raw_gen_tokens([thirty]),normalized_gen_tokens([thirty]),sentence(thirty))
2026-04-18T01:07:51 | reverse_gen_session | reverse_case(input_tokens([thirty_,five]),parse_status(ok),parsed_sem('1X+30'(5)),gen_status(ok),raw_gen_tokens([thirty,five]),normalized_gen_tokens([thirty_,five]),sentence(thirtyfive))
2026-04-18T01:07:51 | reverse_gen_session | reverse_case(input_tokens([thirty_,six]),parse_status(ok),parsed_sem('1X+30'(6)),gen_status(ok),raw_gen_tokens([thirty]),normalized_gen_tokens([thirty]),sentence(thirty))
2026-04-18T01:07:51 | reverse_gen_session | reverse_case(input_tokens([thirty_,seven]),parse_status(ok),parsed_sem('1X+30'(7)),gen_status(ok),raw_gen_tokens([thirty]),normalized_gen_tokens([thirty]),sentence(thirty))
2026-04-18T01:07:51 | reverse_gen_session | reverse_case(input_tokens([thirty_,eight]),parse_status(ok),parsed_sem('1X+30'(8)),gen_status(ok),raw_gen_tokens([thirty]),normalized_gen_tokens([thirty]),sentence(thirty))
2026-04-18T01:07:51 | reverse_gen_session | reverse_case(input_tokens([thirty_,nine]),parse_status(ok),parsed_sem('1X+30'(9)),gen_status(ok),raw_gen_tokens([thirty]),normalized_gen_tokens([thirty]),sentence(thirty))
2026-04-18T01:07:51 | reverse_gen_session | reverse_case(input_tokens([fifty_,one]),parse_status(ok),parsed_sem('1X+50'(1)),gen_status(ok),raw_gen_tokens([fifty,one]),normalized_gen_tokens([fifty_,one]),sentence(fiftyone))
2026-04-18T01:07:51 | reverse_gen_session | reverse_case(input_tokens([fifty_,two]),parse_status(ok),parsed_sem('1X+50'(2)),gen_status(ok),raw_gen_tokens([fifty,two]),normalized_gen_tokens([fifty_,two]),sentence(fiftytwo))
2026-04-18T01:07:51 | reverse_gen_session | reverse_case(input_tokens([fifty_,three]),parse_status(ok),parsed_sem('1X+50'(3)),gen_status(ok),raw_gen_tokens([fifty,three]),normalized_gen_tokens([fifty_,three]),sentence(fiftythree))
2026-04-18T01:07:51 | reverse_gen_session | reverse_case(input_tokens([fifty_,four]),parse_status(ok),parsed_sem('1X+50'(4)),gen_status(ok),raw_gen_tokens([fifty]),normalized_gen_tokens([fifty]),sentence(fifty))
2026-04-18T01:07:51 | reverse_gen_session | reverse_case(input_tokens([fifty_,five]),parse_status(ok),parsed_sem('1X+50'(5)),gen_status(ok),raw_gen_tokens([fifty,five]),normalized_gen_tokens([fifty_,five]),sentence(fiftyfive))
2026-04-18T01:07:51 | reverse_gen_session | reverse_case(input_tokens([fifty_,six]),parse_status(ok),parsed_sem('1X+50'(6)),gen_status(ok),raw_gen_tokens([fifty]),normalized_gen_tokens([fifty]),sentence(fifty))
2026-04-18T01:07:51 | reverse_gen_session | reverse_case(input_tokens([fifty_,seven]),parse_status(ok),parsed_sem('1X+50'(7)),gen_status(ok),raw_gen_tokens([fifty]),normalized_gen_tokens([fifty]),sentence(fifty))
2026-04-18T01:07:51 | reverse_gen_session | reverse_case(input_tokens([fifty_,eight]),parse_status(ok),parsed_sem('1X+50'(8)),gen_status(ok),raw_gen_tokens([fifty]),normalized_gen_tokens([fifty]),sentence(fifty))
2026-04-18T01:07:51 | reverse_gen_session | reverse_case(input_tokens([fifty_,nine]),parse_status(ok),parsed_sem('1X+50'(9)),gen_status(ok),raw_gen_tokens([fifty]),normalized_gen_tokens([fifty]),sentence(fifty))
2026-04-18T01:07:51 | system | reverse_gen_run_end
2026-04-18T05:04:52 | system | gen_run_start
2026-04-18T05:04:52 | configuration | gen_run(profile_name(english_numbers_profile),generator_name('MG Generator'),generator_main_file('../../SemanticGenerator/MG-Generator/main.pl'),generator_lexicon_name(numbers_Gen),generator_lexicon_file('../../SemanticGenerator/MG-Generator/grammars/numbers_Gen.pl'),semantic_cases_file('../cases/test_cases.pl'),gen_out_file('../generated/gen_out.pl'),forward_gen_tree_report_file('../generated/forward_gen_tree_report.txt'),repair_enabled(false),smoothing_enabled(false),smoothing_style(none))
2026-04-18T05:04:53 | gen_session | gen_case(semantic(1),status(ok),tokens([one]),sentence(one))
2026-04-18T05:04:53 | gen_session | gen_case(semantic(2),status(ok),tokens([two]),sentence(two))
2026-04-18T05:04:53 | gen_session | gen_case(semantic(3),status(ok),tokens([three]),sentence(three))
2026-04-18T05:04:53 | gen_session | gen_case(semantic(4),status(ok),tokens([four]),sentence(four))
2026-04-18T05:04:53 | gen_session | gen_case(semantic(5),status(ok),tokens([five]),sentence(five))
2026-04-18T05:04:53 | gen_session | gen_case(semantic(6),status(ok),tokens([six]),sentence(six))
2026-04-18T05:04:53 | gen_session | gen_case(semantic(7),status(ok),tokens([seven]),sentence(seven))
2026-04-18T05:04:53 | gen_session | gen_case(semantic(8),status(ok),tokens([eight]),sentence(eight))
2026-04-18T05:04:53 | gen_session | gen_case(semantic(9),status(ok),tokens([nine]),sentence(nine))
2026-04-18T05:04:53 | gen_session | gen_case(semantic(10),status(ok),tokens([ten]),sentence(ten))
2026-04-18T05:04:53 | gen_session | gen_case(semantic(11),status(ok),tokens([eleven]),sentence(eleven))
2026-04-18T05:04:53 | gen_session | gen_case(semantic(12),status(ok),tokens([twelve]),sentence(twelve))
2026-04-18T05:04:53 | gen_session | gen_case(semantic(13),status(ok),tokens([thirteen]),sentence(thirteen))
2026-04-18T05:04:53 | gen_session | gen_case(semantic(15),status(ok),tokens([fifteen]),sentence(fifteen))
2026-04-18T05:04:53 | gen_session | gen_case(semantic(18),status(gen_empty_yield),tokens([]),sentence(''))
2026-04-18T05:04:53 | gen_session | gen_case(semantic(20),status(ok),tokens([twenty]),sentence(twenty))
2026-04-18T05:04:53 | gen_session | gen_case(semantic(30),status(ok),tokens([thirty]),sentence(thirty))
2026-04-18T05:04:53 | gen_session | gen_case(semantic(50),status(ok),tokens([fifty]),sentence(fifty))
2026-04-18T05:04:53 | gen_session | gen_case(semantic('1X+10'(4)),status(ok),tokens([four,teen]),sentence(fourteen))
2026-04-18T05:04:53 | gen_session | gen_case(semantic('1X+10'(6)),status(ok),tokens([six,teen]),sentence(sixteen))
2026-04-18T05:04:53 | gen_session | gen_case(semantic('1X+10'(7)),status(ok),tokens([seven,teen]),sentence(seventeen))
2026-04-18T05:04:53 | gen_session | gen_case(semantic('0X+18'(8)),status(ok),tokens([eight,een]),sentence(eighteen))
2026-04-18T05:04:53 | gen_session | gen_case(semantic('1X+10'(9)),status(ok),tokens([nine,teen]),sentence(nineteen))
2026-04-18T05:04:53 | gen_session | gen_case(semantic('1X+20'(1)),status(ok),tokens([twenty,one]),sentence(twentyone))
2026-04-18T05:04:53 | gen_session | gen_case(semantic('1X+20'(2)),status(ok),tokens([twenty,two]),sentence(twentytwo))
2026-04-18T05:04:53 | gen_session | gen_case(semantic('1X+20'(3)),status(ok),tokens([twenty,three]),sentence(twentythree))
2026-04-18T05:04:53 | gen_session | gen_case(semantic('1X+20'(4)),status(ok),tokens([twenty]),sentence(twenty))
2026-04-18T05:04:53 | gen_session | gen_case(semantic('1X+20'(5)),status(ok),tokens([twenty,five]),sentence(twentyfive))
2026-04-18T05:04:53 | gen_session | gen_case(semantic('1X+20'(6)),status(ok),tokens([twenty]),sentence(twenty))
2026-04-18T05:04:53 | gen_session | gen_case(semantic('1X+20'(7)),status(ok),tokens([twenty]),sentence(twenty))
2026-04-18T05:04:53 | gen_session | gen_case(semantic('1X+20'(8)),status(ok),tokens([twenty]),sentence(twenty))
2026-04-18T05:04:53 | gen_session | gen_case(semantic('1X+20'(9)),status(ok),tokens([twenty]),sentence(twenty))
2026-04-18T05:04:53 | gen_session | gen_case(semantic('1X+30'(1)),status(ok),tokens([thirty,one]),sentence(thirtyone))
2026-04-18T05:04:53 | gen_session | gen_case(semantic('1X+30'(2)),status(ok),tokens([thirty,two]),sentence(thirtytwo))
2026-04-18T05:04:53 | gen_session | gen_case(semantic('1X+30'(3)),status(ok),tokens([thirty,three]),sentence(thirtythree))
2026-04-18T05:04:53 | gen_session | gen_case(semantic('1X+30'(4)),status(ok),tokens([thirty]),sentence(thirty))
2026-04-18T05:04:53 | gen_session | gen_case(semantic('1X+30'(5)),status(ok),tokens([thirty,five]),sentence(thirtyfive))
2026-04-18T05:04:53 | gen_session | gen_case(semantic('1X+30'(6)),status(ok),tokens([thirty]),sentence(thirty))
2026-04-18T05:04:53 | gen_session | gen_case(semantic('1X+30'(7)),status(ok),tokens([thirty]),sentence(thirty))
2026-04-18T05:04:53 | gen_session | gen_case(semantic('1X+30'(8)),status(ok),tokens([thirty]),sentence(thirty))
2026-04-18T05:04:53 | gen_session | gen_case(semantic('1X+30'(9)),status(ok),tokens([thirty]),sentence(thirty))
2026-04-18T05:04:53 | gen_session | gen_case(semantic('1X+50'(1)),status(ok),tokens([fifty,one]),sentence(fiftyone))
2026-04-18T05:04:53 | gen_session | gen_case(semantic('1X+50'(2)),status(ok),tokens([fifty,two]),sentence(fiftytwo))
2026-04-18T05:04:53 | gen_session | gen_case(semantic('1X+50'(3)),status(ok),tokens([fifty,three]),sentence(fiftythree))
2026-04-18T05:04:53 | gen_session | gen_case(semantic('1X+50'(4)),status(ok),tokens([fifty]),sentence(fifty))
2026-04-18T05:04:53 | gen_session | gen_case(semantic('1X+50'(5)),status(ok),tokens([fifty,five]),sentence(fiftyfive))
2026-04-18T05:04:53 | gen_session | gen_case(semantic('1X+50'(6)),status(ok),tokens([fifty]),sentence(fifty))
2026-04-18T05:04:53 | gen_session | gen_case(semantic('1X+50'(7)),status(ok),tokens([fifty]),sentence(fifty))
2026-04-18T05:04:53 | gen_session | gen_case(semantic('1X+50'(8)),status(ok),tokens([fifty]),sentence(fifty))
2026-04-18T05:04:53 | gen_session | gen_case(semantic('1X+50'(9)),status(ok),tokens([fifty]),sentence(fifty))
2026-04-18T05:04:53 | gen_session | gen_case(semantic('1X+40'(4)),status(gen_empty_yield),tokens([]),sentence(''))
2026-04-18T05:04:53 | gen_session | gen_case(semantic('1X+60'(4)),status(gen_empty_yield),tokens([]),sentence(''))
2026-04-18T05:04:53 | gen_session | gen_case(semantic('1X+70'(4)),status(gen_empty_yield),tokens([]),sentence(''))
2026-04-18T05:04:53 | gen_session | gen_case(semantic('1X+80'(4)),status(gen_empty_yield),tokens([]),sentence(''))
2026-04-18T05:04:53 | gen_session | gen_case(semantic('1X+90'(4)),status(gen_empty_yield),tokens([]),sentence(''))
2026-04-18T05:04:53 | system | gen_run_end
2026-04-18T05:04:53 | system | parse_run_start
2026-04-18T05:04:53 | configuration | parse_run(profile_name(english_numbers_profile),parser_name('MG LC Parser'),parser_load_file('../../MG-LC-Parser-with-Semantic-main/load.pl'),parser_semantics_file('../../MG-LC-Parser-with-Semantic-main/sem_from_tree.pl'),parser_lexicon_name('English_trans_pruned'),parser_lexicon_file('../../MG-LC-Parser-with-Semantic-main/grammars/English_trans_pruned.pl'),gen_out_file('../generated/gen_out.pl'),parse_out_file('../generated/parse_out.pl'),forward_parse_tree_report_file('../generated/forward_parse_tree_report.txt'),repair_enabled(false),smoothing_enabled(false),smoothing_style(none))
2026-04-18T05:04:54 | parse_session | parse_case(semantic(1),gen_status(ok),gen_tokens([one]),repaired_tokens([one]),parser_tokens([one]),repair_status(repair_disabled),parse_status(ok),parsed_sem(1))
2026-04-18T05:04:54 | parse_session | parse_case(semantic(2),gen_status(ok),gen_tokens([two]),repaired_tokens([two]),parser_tokens([two]),repair_status(repair_disabled),parse_status(ok),parsed_sem(2))
2026-04-18T05:04:54 | parse_session | parse_case(semantic(3),gen_status(ok),gen_tokens([three]),repaired_tokens([three]),parser_tokens([three]),repair_status(repair_disabled),parse_status(ok),parsed_sem(3))
2026-04-18T05:04:54 | parse_session | parse_case(semantic(4),gen_status(ok),gen_tokens([four]),repaired_tokens([four]),parser_tokens([four]),repair_status(repair_disabled),parse_status(ok),parsed_sem(4))
2026-04-18T05:04:54 | parse_session | parse_case(semantic(5),gen_status(ok),gen_tokens([five]),repaired_tokens([five]),parser_tokens([five]),repair_status(repair_disabled),parse_status(ok),parsed_sem(5))
2026-04-18T05:04:54 | parse_session | parse_case(semantic(6),gen_status(ok),gen_tokens([six]),repaired_tokens([six]),parser_tokens([six]),repair_status(repair_disabled),parse_status(ok),parsed_sem(6))
2026-04-18T05:04:54 | parse_session | parse_case(semantic(7),gen_status(ok),gen_tokens([seven]),repaired_tokens([seven]),parser_tokens([seven]),repair_status(repair_disabled),parse_status(ok),parsed_sem(7))
2026-04-18T05:04:54 | parse_session | parse_case(semantic(8),gen_status(ok),gen_tokens([eight]),repaired_tokens([eight]),parser_tokens([eight]),repair_status(repair_disabled),parse_status(ok),parsed_sem(8))
2026-04-18T05:04:54 | parse_session | parse_case(semantic(9),gen_status(ok),gen_tokens([nine]),repaired_tokens([nine]),parser_tokens([nine]),repair_status(repair_disabled),parse_status(ok),parsed_sem(9))
2026-04-18T05:04:54 | parse_session | parse_case(semantic(10),gen_status(ok),gen_tokens([ten]),repaired_tokens([ten]),parser_tokens([ten]),repair_status(repair_disabled),parse_status(ok),parsed_sem(10))
2026-04-18T05:04:54 | parse_session | parse_case(semantic(11),gen_status(ok),gen_tokens([eleven]),repaired_tokens([eleven]),parser_tokens([eleven]),repair_status(repair_disabled),parse_status(ok),parsed_sem(11))
2026-04-18T05:04:54 | parse_session | parse_case(semantic(12),gen_status(ok),gen_tokens([twelve]),repaired_tokens([twelve]),parser_tokens([twelve]),repair_status(repair_disabled),parse_status(ok),parsed_sem(12))
2026-04-18T05:04:54 | parse_session | parse_case(semantic(13),gen_status(ok),gen_tokens([thirteen]),repaired_tokens([thirteen]),parser_tokens([thirteen]),repair_status(repair_disabled),parse_status(ok),parsed_sem(13))
2026-04-18T05:04:54 | parse_session | parse_case(semantic(15),gen_status(ok),gen_tokens([fifteen]),repaired_tokens([fifteen]),parser_tokens([fifteen]),repair_status(repair_disabled),parse_status(ok),parsed_sem(15))
2026-04-18T05:04:54 | parse_session | parse_case(semantic(18),gen_status(gen_empty_yield),gen_tokens([]),repaired_tokens([]),parser_tokens([]),repair_status(repair_disabled),parse_status(parse_skipped_empty_tokens),parsed_sem(none))
2026-04-18T05:04:54 | parse_session | parse_case(semantic(20),gen_status(ok),gen_tokens([twenty]),repaired_tokens([twenty]),parser_tokens([twenty]),repair_status(repair_disabled),parse_status(ok),parsed_sem(20))
2026-04-18T05:04:54 | parse_session | parse_case(semantic(30),gen_status(ok),gen_tokens([thirty]),repaired_tokens([thirty]),parser_tokens([thirty]),repair_status(repair_disabled),parse_status(ok),parsed_sem(30))
2026-04-18T05:04:54 | parse_session | parse_case(semantic(50),gen_status(ok),gen_tokens([fifty]),repaired_tokens([fifty]),parser_tokens([fifty]),repair_status(repair_disabled),parse_status(ok),parsed_sem(50))
2026-04-18T05:04:54 | parse_session | parse_case(semantic('1X+10'(4)),gen_status(ok),gen_tokens([four,teen]),repaired_tokens([four,teen]),parser_tokens([four,teen]),repair_status(repair_disabled),parse_status(ok),parsed_sem('1X+10'(4)))
2026-04-18T05:04:54 | parse_session | parse_case(semantic('1X+10'(6)),gen_status(ok),gen_tokens([six,teen]),repaired_tokens([six,teen]),parser_tokens([six,teen]),repair_status(repair_disabled),parse_status(parse_fail),parsed_sem(none))
2026-04-18T05:04:54 | parse_session | parse_case(semantic('1X+10'(7)),gen_status(ok),gen_tokens([seven,teen]),repaired_tokens([seven,teen]),parser_tokens([seven,teen]),repair_status(repair_disabled),parse_status(parse_fail),parsed_sem(none))
2026-04-18T05:04:54 | parse_session | parse_case(semantic('0X+18'(8)),gen_status(ok),gen_tokens([eight,een]),repaired_tokens([eight,een]),parser_tokens([eight,een]),repair_status(repair_disabled),parse_status(ok),parsed_sem('0X+18'(8)))
2026-04-18T05:04:54 | parse_session | parse_case(semantic('1X+10'(9)),gen_status(ok),gen_tokens([nine,teen]),repaired_tokens([nine,teen]),parser_tokens([nine,teen]),repair_status(repair_disabled),parse_status(parse_fail),parsed_sem(none))
2026-04-18T05:04:54 | parse_session | parse_case(semantic('1X+20'(1)),gen_status(ok),gen_tokens([twenty,one]),repaired_tokens([twenty,one]),parser_tokens([twenty_,one]),repair_status(repair_disabled),parse_status(ok),parsed_sem('1X+20'(1)))
2026-04-18T05:04:54 | parse_session | parse_case(semantic('1X+20'(2)),gen_status(ok),gen_tokens([twenty,two]),repaired_tokens([twenty,two]),parser_tokens([twenty_,two]),repair_status(repair_disabled),parse_status(ok),parsed_sem('1X+20'(2)))
2026-04-18T05:04:54 | parse_session | parse_case(semantic('1X+20'(3)),gen_status(ok),gen_tokens([twenty,three]),repaired_tokens([twenty,three]),parser_tokens([twenty_,three]),repair_status(repair_disabled),parse_status(ok),parsed_sem('1X+20'(3)))
2026-04-18T05:04:54 | parse_session | parse_case(semantic('1X+20'(4)),gen_status(ok),gen_tokens([twenty]),repaired_tokens([twenty]),parser_tokens([twenty]),repair_status(repair_disabled),parse_status(ok),parsed_sem(20))
2026-04-18T05:04:54 | parse_session | parse_case(semantic('1X+20'(5)),gen_status(ok),gen_tokens([twenty,five]),repaired_tokens([twenty,five]),parser_tokens([twenty_,five]),repair_status(repair_disabled),parse_status(ok),parsed_sem('1X+20'(5)))
2026-04-18T05:04:54 | parse_session | parse_case(semantic('1X+20'(6)),gen_status(ok),gen_tokens([twenty]),repaired_tokens([twenty]),parser_tokens([twenty]),repair_status(repair_disabled),parse_status(ok),parsed_sem(20))
2026-04-18T05:04:54 | parse_session | parse_case(semantic('1X+20'(7)),gen_status(ok),gen_tokens([twenty]),repaired_tokens([twenty]),parser_tokens([twenty]),repair_status(repair_disabled),parse_status(ok),parsed_sem(20))
2026-04-18T05:04:54 | parse_session | parse_case(semantic('1X+20'(8)),gen_status(ok),gen_tokens([twenty]),repaired_tokens([twenty]),parser_tokens([twenty]),repair_status(repair_disabled),parse_status(ok),parsed_sem(20))
2026-04-18T05:04:54 | parse_session | parse_case(semantic('1X+20'(9)),gen_status(ok),gen_tokens([twenty]),repaired_tokens([twenty]),parser_tokens([twenty]),repair_status(repair_disabled),parse_status(ok),parsed_sem(20))
2026-04-18T05:04:54 | parse_session | parse_case(semantic('1X+30'(1)),gen_status(ok),gen_tokens([thirty,one]),repaired_tokens([thirty,one]),parser_tokens([thirty_,one]),repair_status(repair_disabled),parse_status(ok),parsed_sem('1X+30'(1)))
2026-04-18T05:04:54 | parse_session | parse_case(semantic('1X+30'(2)),gen_status(ok),gen_tokens([thirty,two]),repaired_tokens([thirty,two]),parser_tokens([thirty_,two]),repair_status(repair_disabled),parse_status(ok),parsed_sem('1X+30'(2)))
2026-04-18T05:04:54 | parse_session | parse_case(semantic('1X+30'(3)),gen_status(ok),gen_tokens([thirty,three]),repaired_tokens([thirty,three]),parser_tokens([thirty_,three]),repair_status(repair_disabled),parse_status(ok),parsed_sem('1X+30'(3)))
2026-04-18T05:04:54 | parse_session | parse_case(semantic('1X+30'(4)),gen_status(ok),gen_tokens([thirty]),repaired_tokens([thirty]),parser_tokens([thirty]),repair_status(repair_disabled),parse_status(ok),parsed_sem(30))
2026-04-18T05:04:54 | parse_session | parse_case(semantic('1X+30'(5)),gen_status(ok),gen_tokens([thirty,five]),repaired_tokens([thirty,five]),parser_tokens([thirty_,five]),repair_status(repair_disabled),parse_status(ok),parsed_sem('1X+30'(5)))
2026-04-18T05:04:54 | parse_session | parse_case(semantic('1X+30'(6)),gen_status(ok),gen_tokens([thirty]),repaired_tokens([thirty]),parser_tokens([thirty]),repair_status(repair_disabled),parse_status(ok),parsed_sem(30))
2026-04-18T05:04:54 | parse_session | parse_case(semantic('1X+30'(7)),gen_status(ok),gen_tokens([thirty]),repaired_tokens([thirty]),parser_tokens([thirty]),repair_status(repair_disabled),parse_status(ok),parsed_sem(30))
2026-04-18T05:04:54 | parse_session | parse_case(semantic('1X+30'(8)),gen_status(ok),gen_tokens([thirty]),repaired_tokens([thirty]),parser_tokens([thirty]),repair_status(repair_disabled),parse_status(ok),parsed_sem(30))
2026-04-18T05:04:54 | parse_session | parse_case(semantic('1X+30'(9)),gen_status(ok),gen_tokens([thirty]),repaired_tokens([thirty]),parser_tokens([thirty]),repair_status(repair_disabled),parse_status(ok),parsed_sem(30))
2026-04-18T05:04:54 | parse_session | parse_case(semantic('1X+50'(1)),gen_status(ok),gen_tokens([fifty,one]),repaired_tokens([fifty,one]),parser_tokens([fifty_,one]),repair_status(repair_disabled),parse_status(ok),parsed_sem('1X+50'(1)))
2026-04-18T05:04:54 | parse_session | parse_case(semantic('1X+50'(2)),gen_status(ok),gen_tokens([fifty,two]),repaired_tokens([fifty,two]),parser_tokens([fifty_,two]),repair_status(repair_disabled),parse_status(ok),parsed_sem('1X+50'(2)))
2026-04-18T05:04:54 | parse_session | parse_case(semantic('1X+50'(3)),gen_status(ok),gen_tokens([fifty,three]),repaired_tokens([fifty,three]),parser_tokens([fifty_,three]),repair_status(repair_disabled),parse_status(ok),parsed_sem('1X+50'(3)))
2026-04-18T05:04:54 | parse_session | parse_case(semantic('1X+50'(4)),gen_status(ok),gen_tokens([fifty]),repaired_tokens([fifty]),parser_tokens([fifty]),repair_status(repair_disabled),parse_status(ok),parsed_sem(50))
2026-04-18T05:04:54 | parse_session | parse_case(semantic('1X+50'(5)),gen_status(ok),gen_tokens([fifty,five]),repaired_tokens([fifty,five]),parser_tokens([fifty_,five]),repair_status(repair_disabled),parse_status(ok),parsed_sem('1X+50'(5)))
2026-04-18T05:04:54 | parse_session | parse_case(semantic('1X+50'(6)),gen_status(ok),gen_tokens([fifty]),repaired_tokens([fifty]),parser_tokens([fifty]),repair_status(repair_disabled),parse_status(ok),parsed_sem(50))
2026-04-18T05:04:54 | parse_session | parse_case(semantic('1X+50'(7)),gen_status(ok),gen_tokens([fifty]),repaired_tokens([fifty]),parser_tokens([fifty]),repair_status(repair_disabled),parse_status(ok),parsed_sem(50))
2026-04-18T05:04:54 | parse_session | parse_case(semantic('1X+50'(8)),gen_status(ok),gen_tokens([fifty]),repaired_tokens([fifty]),parser_tokens([fifty]),repair_status(repair_disabled),parse_status(ok),parsed_sem(50))
2026-04-18T05:04:54 | parse_session | parse_case(semantic('1X+50'(9)),gen_status(ok),gen_tokens([fifty]),repaired_tokens([fifty]),parser_tokens([fifty]),repair_status(repair_disabled),parse_status(ok),parsed_sem(50))
2026-04-18T05:04:54 | parse_session | parse_case(semantic('1X+40'(4)),gen_status(gen_empty_yield),gen_tokens([]),repaired_tokens([]),parser_tokens([]),repair_status(repair_disabled),parse_status(parse_skipped_empty_tokens),parsed_sem(none))
2026-04-18T05:04:54 | parse_session | parse_case(semantic('1X+60'(4)),gen_status(gen_empty_yield),gen_tokens([]),repaired_tokens([]),parser_tokens([]),repair_status(repair_disabled),parse_status(parse_skipped_empty_tokens),parsed_sem(none))
2026-04-18T05:04:54 | parse_session | parse_case(semantic('1X+70'(4)),gen_status(gen_empty_yield),gen_tokens([]),repaired_tokens([]),parser_tokens([]),repair_status(repair_disabled),parse_status(parse_skipped_empty_tokens),parsed_sem(none))
2026-04-18T05:04:54 | parse_session | parse_case(semantic('1X+80'(4)),gen_status(gen_empty_yield),gen_tokens([]),repaired_tokens([]),parser_tokens([]),repair_status(repair_disabled),parse_status(parse_skipped_empty_tokens),parsed_sem(none))
2026-04-18T05:04:54 | parse_session | parse_case(semantic('1X+90'(4)),gen_status(gen_empty_yield),gen_tokens([]),repaired_tokens([]),parser_tokens([]),repair_status(repair_disabled),parse_status(parse_skipped_empty_tokens),parsed_sem(none))
2026-04-18T05:04:54 | system | parse_run_end
2026-04-18T05:05:14 | system | reverse_parse_run_start
2026-04-18T05:05:14 | configuration | reverse_parse_run(profile_name(english_numbers_profile),parser_name('MG LC Parser'),parser_load_file('../../MG-LC-Parser-with-Semantic-main/load.pl'),parser_semantics_file('../../MG-LC-Parser-with-Semantic-main/sem_from_tree.pl'),parser_lexicon_name('English_trans_pruned'),parser_lexicon_file('../../MG-LC-Parser-with-Semantic-main/grammars/English_trans_pruned.pl'),token_cases_file('../cases/token_cases.pl'),reverse_parse_out_file('../generated/reverse_parse_out.pl'),repair_enabled(false),smoothing_enabled(false),smoothing_style(none))
2026-04-18T05:05:14 | reverse_parse_session | reverse_parse_case(tokens([one]),parse_status(ok),parsed_sem(1),parse_tree([li([one],[cfin])]))
2026-04-18T05:05:14 | reverse_parse_session | reverse_parse_case(tokens([two]),parse_status(ok),parsed_sem(2),parse_tree([li([two],[cfin])]))
2026-04-18T05:05:14 | reverse_parse_session | reverse_parse_case(tokens([three]),parse_status(ok),parsed_sem(3),parse_tree([li([three],[cfin])]))
2026-04-18T05:05:14 | reverse_parse_session | reverse_parse_case(tokens([four]),parse_status(ok),parsed_sem(4),parse_tree([li([four],[cfin])]))
2026-04-18T05:05:14 | reverse_parse_session | reverse_parse_case(tokens([five]),parse_status(ok),parsed_sem(5),parse_tree([li([five],[cfin])]))
2026-04-18T05:05:14 | reverse_parse_session | reverse_parse_case(tokens([six]),parse_status(ok),parsed_sem(6),parse_tree([li([six],[cfin])]))
2026-04-18T05:05:14 | reverse_parse_session | reverse_parse_case(tokens([seven]),parse_status(ok),parsed_sem(7),parse_tree([li([seven],[cfin])]))
2026-04-18T05:05:14 | reverse_parse_session | reverse_parse_case(tokens([eight]),parse_status(ok),parsed_sem(8),parse_tree([li([eight],[cfin])]))
2026-04-18T05:05:14 | reverse_parse_session | reverse_parse_case(tokens([nine]),parse_status(ok),parsed_sem(9),parse_tree([li([nine],[cfin])]))
2026-04-18T05:05:14 | reverse_parse_session | reverse_parse_case(tokens([ten]),parse_status(ok),parsed_sem(10),parse_tree([li([ten],[cfin])]))
2026-04-18T05:05:14 | reverse_parse_session | reverse_parse_case(tokens([eleven]),parse_status(ok),parsed_sem(11),parse_tree([li([eleven],[cfin])]))
2026-04-18T05:05:14 | reverse_parse_session | reverse_parse_case(tokens([twelve]),parse_status(ok),parsed_sem(12),parse_tree([li([twelve],[cfin])]))
2026-04-18T05:05:14 | reverse_parse_session | reverse_parse_case(tokens([thirteen]),parse_status(ok),parsed_sem(13),parse_tree([li([thirteen],[cfin])]))
2026-04-18T05:05:14 | reverse_parse_session | reverse_parse_case(tokens([fifteen]),parse_status(ok),parsed_sem(15),parse_tree([li([fifteen],[cfin])]))
2026-04-18T05:05:14 | reverse_parse_session | reverse_parse_case(tokens([four,teen]),parse_status(ok),parsed_sem('1X+10'(4)),parse_tree([tree(_106088,empty,tree(_105730,li([teen],[=c1,+a,cfin]),li([four],[c1,-a])))]))
2026-04-18T05:05:14 | reverse_parse_session | reverse_parse_case(tokens([eight,een]),parse_status(ok),parsed_sem('0X+18'(8)),parse_tree([tree(_106088,empty,tree(_105730,li([een],[=c1,+b,cfin]),li([eight],[c1,-b])))]))
2026-04-18T05:05:14 | reverse_parse_session | reverse_parse_case(tokens([twenty]),parse_status(ok),parsed_sem(20),parse_tree([li([twenty],[cfin])]))
2026-04-18T05:05:14 | reverse_parse_session | reverse_parse_case(tokens([thirty]),parse_status(ok),parsed_sem(30),parse_tree([li([thirty],[cfin])]))
2026-04-18T05:05:14 | reverse_parse_session | reverse_parse_case(tokens([fifty]),parse_status(ok),parsed_sem(50),parse_tree([li([fifty],[cfin])]))
2026-04-18T05:05:14 | reverse_parse_session | reverse_parse_case(tokens([twenty_,one]),parse_status(ok),parsed_sem('1X+20'(1)),parse_tree([tree(_105662,li([twenty_],[=c1,cfin]),li([one],[c1]))]))
2026-04-18T05:05:14 | reverse_parse_session | reverse_parse_case(tokens([twenty_,two]),parse_status(ok),parsed_sem('1X+20'(2)),parse_tree([tree(_105662,li([twenty_],[=c1,cfin]),li([two],[c1]))]))
2026-04-18T05:05:14 | reverse_parse_session | reverse_parse_case(tokens([twenty_,three]),parse_status(ok),parsed_sem('1X+20'(3)),parse_tree([tree(_105662,li([twenty_],[=c1,cfin]),li([three],[c1]))]))
2026-04-18T05:05:14 | reverse_parse_session | reverse_parse_case(tokens([twenty_,four]),parse_status(ok),parsed_sem('1X+20'(4)),parse_tree([tree(_105662,li([twenty_],[=c1,cfin]),li([four],[c1]))]))
2026-04-18T05:05:14 | reverse_parse_session | reverse_parse_case(tokens([twenty_,five]),parse_status(ok),parsed_sem('1X+20'(5)),parse_tree([tree(_105662,li([twenty_],[=c1,cfin]),li([five],[c1]))]))
2026-04-18T05:05:14 | reverse_parse_session | reverse_parse_case(tokens([twenty_,six]),parse_status(ok),parsed_sem('1X+20'(6)),parse_tree([tree(_105662,li([twenty_],[=c1,cfin]),li([six],[c1]))]))
2026-04-18T05:05:14 | reverse_parse_session | reverse_parse_case(tokens([twenty_,seven]),parse_status(ok),parsed_sem('1X+20'(7)),parse_tree([tree(_105662,li([twenty_],[=c1,cfin]),li([seven],[c1]))]))
2026-04-18T05:05:14 | reverse_parse_session | reverse_parse_case(tokens([twenty_,eight]),parse_status(ok),parsed_sem('1X+20'(8)),parse_tree([tree(_105662,li([twenty_],[=c1,cfin]),li([eight],[c1]))]))
2026-04-18T05:05:14 | reverse_parse_session | reverse_parse_case(tokens([twenty_,nine]),parse_status(ok),parsed_sem('1X+20'(9)),parse_tree([tree(_105662,li([twenty_],[=c1,cfin]),li([nine],[c1]))]))
2026-04-18T05:05:14 | reverse_parse_session | reverse_parse_case(tokens([thirty_,one]),parse_status(ok),parsed_sem('1X+30'(1)),parse_tree([tree(_105662,li([thirty_],[=c1,cfin]),li([one],[c1]))]))
2026-04-18T05:05:14 | reverse_parse_session | reverse_parse_case(tokens([thirty_,two]),parse_status(ok),parsed_sem('1X+30'(2)),parse_tree([tree(_105662,li([thirty_],[=c1,cfin]),li([two],[c1]))]))
2026-04-18T05:05:14 | reverse_parse_session | reverse_parse_case(tokens([thirty_,three]),parse_status(ok),parsed_sem('1X+30'(3)),parse_tree([tree(_105662,li([thirty_],[=c1,cfin]),li([three],[c1]))]))
2026-04-18T05:05:14 | reverse_parse_session | reverse_parse_case(tokens([thirty_,four]),parse_status(ok),parsed_sem('1X+30'(4)),parse_tree([tree(_105662,li([thirty_],[=c1,cfin]),li([four],[c1]))]))
2026-04-18T05:05:14 | reverse_parse_session | reverse_parse_case(tokens([thirty_,five]),parse_status(ok),parsed_sem('1X+30'(5)),parse_tree([tree(_105662,li([thirty_],[=c1,cfin]),li([five],[c1]))]))
2026-04-18T05:05:14 | reverse_parse_session | reverse_parse_case(tokens([thirty_,six]),parse_status(ok),parsed_sem('1X+30'(6)),parse_tree([tree(_105662,li([thirty_],[=c1,cfin]),li([six],[c1]))]))
2026-04-18T05:05:14 | reverse_parse_session | reverse_parse_case(tokens([thirty_,seven]),parse_status(ok),parsed_sem('1X+30'(7)),parse_tree([tree(_105662,li([thirty_],[=c1,cfin]),li([seven],[c1]))]))
2026-04-18T05:05:14 | reverse_parse_session | reverse_parse_case(tokens([thirty_,eight]),parse_status(ok),parsed_sem('1X+30'(8)),parse_tree([tree(_105662,li([thirty_],[=c1,cfin]),li([eight],[c1]))]))
2026-04-18T05:05:14 | reverse_parse_session | reverse_parse_case(tokens([thirty_,nine]),parse_status(ok),parsed_sem('1X+30'(9)),parse_tree([tree(_105662,li([thirty_],[=c1,cfin]),li([nine],[c1]))]))
2026-04-18T05:05:14 | reverse_parse_session | reverse_parse_case(tokens([fifty_,one]),parse_status(ok),parsed_sem('1X+50'(1)),parse_tree([tree(_105662,li([fifty_],[=c1,cfin]),li([one],[c1]))]))
2026-04-18T05:05:14 | reverse_parse_session | reverse_parse_case(tokens([fifty_,two]),parse_status(ok),parsed_sem('1X+50'(2)),parse_tree([tree(_105662,li([fifty_],[=c1,cfin]),li([two],[c1]))]))
2026-04-18T05:05:14 | reverse_parse_session | reverse_parse_case(tokens([fifty_,three]),parse_status(ok),parsed_sem('1X+50'(3)),parse_tree([tree(_105662,li([fifty_],[=c1,cfin]),li([three],[c1]))]))
2026-04-18T05:05:14 | reverse_parse_session | reverse_parse_case(tokens([fifty_,four]),parse_status(ok),parsed_sem('1X+50'(4)),parse_tree([tree(_105662,li([fifty_],[=c1,cfin]),li([four],[c1]))]))
2026-04-18T05:05:14 | reverse_parse_session | reverse_parse_case(tokens([fifty_,five]),parse_status(ok),parsed_sem('1X+50'(5)),parse_tree([tree(_105662,li([fifty_],[=c1,cfin]),li([five],[c1]))]))
2026-04-18T05:05:14 | reverse_parse_session | reverse_parse_case(tokens([fifty_,six]),parse_status(ok),parsed_sem('1X+50'(6)),parse_tree([tree(_105662,li([fifty_],[=c1,cfin]),li([six],[c1]))]))
2026-04-18T05:05:14 | reverse_parse_session | reverse_parse_case(tokens([fifty_,seven]),parse_status(ok),parsed_sem('1X+50'(7)),parse_tree([tree(_105662,li([fifty_],[=c1,cfin]),li([seven],[c1]))]))
2026-04-18T05:05:14 | reverse_parse_session | reverse_parse_case(tokens([fifty_,eight]),parse_status(ok),parsed_sem('1X+50'(8)),parse_tree([tree(_105662,li([fifty_],[=c1,cfin]),li([eight],[c1]))]))
2026-04-18T05:05:14 | reverse_parse_session | reverse_parse_case(tokens([fifty_,nine]),parse_status(ok),parsed_sem('1X+50'(9)),parse_tree([tree(_105662,li([fifty_],[=c1,cfin]),li([nine],[c1]))]))
2026-04-18T05:05:14 | system | reverse_parse_run_end
2026-04-18T05:05:15 | system | reverse_gen_run_start
2026-04-18T05:05:15 | configuration | reverse_gen_run(profile_name(english_numbers_profile),generator_name('MG Generator'),generator_main_file('../../SemanticGenerator/MG-Generator/main.pl'),generator_lexicon_name(numbers_Gen),generator_lexicon_file('../../SemanticGenerator/MG-Generator/grammars/numbers_Gen.pl'),reverse_parse_out_file('../generated/reverse_parse_out.pl'),reverse_out_file('../generated/reverse_out.pl'),repair_enabled(false),smoothing_enabled(false),smoothing_style(none))
2026-04-18T05:05:15 | reverse_gen_session | reverse_case(input_tokens([one]),parse_status(ok),parsed_sem(1),gen_status(ok),raw_gen_tokens([one]),normalized_gen_tokens([one]),sentence(one))
2026-04-18T05:05:15 | reverse_gen_session | reverse_case(input_tokens([two]),parse_status(ok),parsed_sem(2),gen_status(ok),raw_gen_tokens([two]),normalized_gen_tokens([two]),sentence(two))
2026-04-18T05:05:15 | reverse_gen_session | reverse_case(input_tokens([three]),parse_status(ok),parsed_sem(3),gen_status(ok),raw_gen_tokens([three]),normalized_gen_tokens([three]),sentence(three))
2026-04-18T05:05:15 | reverse_gen_session | reverse_case(input_tokens([four]),parse_status(ok),parsed_sem(4),gen_status(ok),raw_gen_tokens([four]),normalized_gen_tokens([four]),sentence(four))
2026-04-18T05:05:15 | reverse_gen_session | reverse_case(input_tokens([five]),parse_status(ok),parsed_sem(5),gen_status(ok),raw_gen_tokens([five]),normalized_gen_tokens([five]),sentence(five))
2026-04-18T05:05:15 | reverse_gen_session | reverse_case(input_tokens([six]),parse_status(ok),parsed_sem(6),gen_status(ok),raw_gen_tokens([six]),normalized_gen_tokens([six]),sentence(six))
2026-04-18T05:05:15 | reverse_gen_session | reverse_case(input_tokens([seven]),parse_status(ok),parsed_sem(7),gen_status(ok),raw_gen_tokens([seven]),normalized_gen_tokens([seven]),sentence(seven))
2026-04-18T05:05:15 | reverse_gen_session | reverse_case(input_tokens([eight]),parse_status(ok),parsed_sem(8),gen_status(ok),raw_gen_tokens([eight]),normalized_gen_tokens([eight]),sentence(eight))
2026-04-18T05:05:15 | reverse_gen_session | reverse_case(input_tokens([nine]),parse_status(ok),parsed_sem(9),gen_status(ok),raw_gen_tokens([nine]),normalized_gen_tokens([nine]),sentence(nine))
2026-04-18T05:05:15 | reverse_gen_session | reverse_case(input_tokens([ten]),parse_status(ok),parsed_sem(10),gen_status(ok),raw_gen_tokens([ten]),normalized_gen_tokens([ten]),sentence(ten))
2026-04-18T05:05:15 | reverse_gen_session | reverse_case(input_tokens([eleven]),parse_status(ok),parsed_sem(11),gen_status(ok),raw_gen_tokens([eleven]),normalized_gen_tokens([eleven]),sentence(eleven))
2026-04-18T05:05:15 | reverse_gen_session | reverse_case(input_tokens([twelve]),parse_status(ok),parsed_sem(12),gen_status(ok),raw_gen_tokens([twelve]),normalized_gen_tokens([twelve]),sentence(twelve))
2026-04-18T05:05:15 | reverse_gen_session | reverse_case(input_tokens([thirteen]),parse_status(ok),parsed_sem(13),gen_status(ok),raw_gen_tokens([thirteen]),normalized_gen_tokens([thirteen]),sentence(thirteen))
2026-04-18T05:05:15 | reverse_gen_session | reverse_case(input_tokens([fifteen]),parse_status(ok),parsed_sem(15),gen_status(ok),raw_gen_tokens([fifteen]),normalized_gen_tokens([fifteen]),sentence(fifteen))
2026-04-18T05:05:15 | reverse_gen_session | reverse_case(input_tokens([four,teen]),parse_status(ok),parsed_sem('1X+10'(4)),gen_status(ok),raw_gen_tokens([four,teen]),normalized_gen_tokens([four,teen]),sentence(fourteen))
2026-04-18T05:05:15 | reverse_gen_session | reverse_case(input_tokens([eight,een]),parse_status(ok),parsed_sem('0X+18'(8)),gen_status(ok),raw_gen_tokens([eight,een]),normalized_gen_tokens([eight,een]),sentence(eighteen))
2026-04-18T05:05:15 | reverse_gen_session | reverse_case(input_tokens([twenty]),parse_status(ok),parsed_sem(20),gen_status(ok),raw_gen_tokens([twenty]),normalized_gen_tokens([twenty]),sentence(twenty))
2026-04-18T05:05:15 | reverse_gen_session | reverse_case(input_tokens([thirty]),parse_status(ok),parsed_sem(30),gen_status(ok),raw_gen_tokens([thirty]),normalized_gen_tokens([thirty]),sentence(thirty))
2026-04-18T05:05:15 | reverse_gen_session | reverse_case(input_tokens([fifty]),parse_status(ok),parsed_sem(50),gen_status(ok),raw_gen_tokens([fifty]),normalized_gen_tokens([fifty]),sentence(fifty))
2026-04-18T05:05:15 | reverse_gen_session | reverse_case(input_tokens([twenty_,one]),parse_status(ok),parsed_sem('1X+20'(1)),gen_status(ok),raw_gen_tokens([twenty,one]),normalized_gen_tokens([twenty_,one]),sentence(twentyone))
2026-04-18T05:05:15 | reverse_gen_session | reverse_case(input_tokens([twenty_,two]),parse_status(ok),parsed_sem('1X+20'(2)),gen_status(ok),raw_gen_tokens([twenty,two]),normalized_gen_tokens([twenty_,two]),sentence(twentytwo))
2026-04-18T05:05:15 | reverse_gen_session | reverse_case(input_tokens([twenty_,three]),parse_status(ok),parsed_sem('1X+20'(3)),gen_status(ok),raw_gen_tokens([twenty,three]),normalized_gen_tokens([twenty_,three]),sentence(twentythree))
2026-04-18T05:05:15 | reverse_gen_session | reverse_case(input_tokens([twenty_,four]),parse_status(ok),parsed_sem('1X+20'(4)),gen_status(ok),raw_gen_tokens([twenty]),normalized_gen_tokens([twenty]),sentence(twenty))
2026-04-18T05:05:15 | reverse_gen_session | reverse_case(input_tokens([twenty_,five]),parse_status(ok),parsed_sem('1X+20'(5)),gen_status(ok),raw_gen_tokens([twenty,five]),normalized_gen_tokens([twenty_,five]),sentence(twentyfive))
2026-04-18T05:05:15 | reverse_gen_session | reverse_case(input_tokens([twenty_,six]),parse_status(ok),parsed_sem('1X+20'(6)),gen_status(ok),raw_gen_tokens([twenty]),normalized_gen_tokens([twenty]),sentence(twenty))
2026-04-18T05:05:15 | reverse_gen_session | reverse_case(input_tokens([twenty_,seven]),parse_status(ok),parsed_sem('1X+20'(7)),gen_status(ok),raw_gen_tokens([twenty]),normalized_gen_tokens([twenty]),sentence(twenty))
2026-04-18T05:05:15 | reverse_gen_session | reverse_case(input_tokens([twenty_,eight]),parse_status(ok),parsed_sem('1X+20'(8)),gen_status(ok),raw_gen_tokens([twenty]),normalized_gen_tokens([twenty]),sentence(twenty))
2026-04-18T05:05:15 | reverse_gen_session | reverse_case(input_tokens([twenty_,nine]),parse_status(ok),parsed_sem('1X+20'(9)),gen_status(ok),raw_gen_tokens([twenty]),normalized_gen_tokens([twenty]),sentence(twenty))
2026-04-18T05:05:15 | reverse_gen_session | reverse_case(input_tokens([thirty_,one]),parse_status(ok),parsed_sem('1X+30'(1)),gen_status(ok),raw_gen_tokens([thirty,one]),normalized_gen_tokens([thirty_,one]),sentence(thirtyone))
2026-04-18T05:05:15 | reverse_gen_session | reverse_case(input_tokens([thirty_,two]),parse_status(ok),parsed_sem('1X+30'(2)),gen_status(ok),raw_gen_tokens([thirty,two]),normalized_gen_tokens([thirty_,two]),sentence(thirtytwo))
2026-04-18T05:05:15 | reverse_gen_session | reverse_case(input_tokens([thirty_,three]),parse_status(ok),parsed_sem('1X+30'(3)),gen_status(ok),raw_gen_tokens([thirty,three]),normalized_gen_tokens([thirty_,three]),sentence(thirtythree))
2026-04-18T05:05:15 | reverse_gen_session | reverse_case(input_tokens([thirty_,four]),parse_status(ok),parsed_sem('1X+30'(4)),gen_status(ok),raw_gen_tokens([thirty]),normalized_gen_tokens([thirty]),sentence(thirty))
2026-04-18T05:05:15 | reverse_gen_session | reverse_case(input_tokens([thirty_,five]),parse_status(ok),parsed_sem('1X+30'(5)),gen_status(ok),raw_gen_tokens([thirty,five]),normalized_gen_tokens([thirty_,five]),sentence(thirtyfive))
2026-04-18T05:05:15 | reverse_gen_session | reverse_case(input_tokens([thirty_,six]),parse_status(ok),parsed_sem('1X+30'(6)),gen_status(ok),raw_gen_tokens([thirty]),normalized_gen_tokens([thirty]),sentence(thirty))
2026-04-18T05:05:15 | reverse_gen_session | reverse_case(input_tokens([thirty_,seven]),parse_status(ok),parsed_sem('1X+30'(7)),gen_status(ok),raw_gen_tokens([thirty]),normalized_gen_tokens([thirty]),sentence(thirty))
2026-04-18T05:05:15 | reverse_gen_session | reverse_case(input_tokens([thirty_,eight]),parse_status(ok),parsed_sem('1X+30'(8)),gen_status(ok),raw_gen_tokens([thirty]),normalized_gen_tokens([thirty]),sentence(thirty))
2026-04-18T05:05:15 | reverse_gen_session | reverse_case(input_tokens([thirty_,nine]),parse_status(ok),parsed_sem('1X+30'(9)),gen_status(ok),raw_gen_tokens([thirty]),normalized_gen_tokens([thirty]),sentence(thirty))
2026-04-18T05:05:15 | reverse_gen_session | reverse_case(input_tokens([fifty_,one]),parse_status(ok),parsed_sem('1X+50'(1)),gen_status(ok),raw_gen_tokens([fifty,one]),normalized_gen_tokens([fifty_,one]),sentence(fiftyone))
2026-04-18T05:05:15 | reverse_gen_session | reverse_case(input_tokens([fifty_,two]),parse_status(ok),parsed_sem('1X+50'(2)),gen_status(ok),raw_gen_tokens([fifty,two]),normalized_gen_tokens([fifty_,two]),sentence(fiftytwo))
2026-04-18T05:05:15 | reverse_gen_session | reverse_case(input_tokens([fifty_,three]),parse_status(ok),parsed_sem('1X+50'(3)),gen_status(ok),raw_gen_tokens([fifty,three]),normalized_gen_tokens([fifty_,three]),sentence(fiftythree))
2026-04-18T05:05:15 | reverse_gen_session | reverse_case(input_tokens([fifty_,four]),parse_status(ok),parsed_sem('1X+50'(4)),gen_status(ok),raw_gen_tokens([fifty]),normalized_gen_tokens([fifty]),sentence(fifty))
2026-04-18T05:05:15 | reverse_gen_session | reverse_case(input_tokens([fifty_,five]),parse_status(ok),parsed_sem('1X+50'(5)),gen_status(ok),raw_gen_tokens([fifty,five]),normalized_gen_tokens([fifty_,five]),sentence(fiftyfive))
2026-04-18T05:05:15 | reverse_gen_session | reverse_case(input_tokens([fifty_,six]),parse_status(ok),parsed_sem('1X+50'(6)),gen_status(ok),raw_gen_tokens([fifty]),normalized_gen_tokens([fifty]),sentence(fifty))
2026-04-18T05:05:15 | reverse_gen_session | reverse_case(input_tokens([fifty_,seven]),parse_status(ok),parsed_sem('1X+50'(7)),gen_status(ok),raw_gen_tokens([fifty]),normalized_gen_tokens([fifty]),sentence(fifty))
2026-04-18T05:05:15 | reverse_gen_session | reverse_case(input_tokens([fifty_,eight]),parse_status(ok),parsed_sem('1X+50'(8)),gen_status(ok),raw_gen_tokens([fifty]),normalized_gen_tokens([fifty]),sentence(fifty))
2026-04-18T05:05:15 | reverse_gen_session | reverse_case(input_tokens([fifty_,nine]),parse_status(ok),parsed_sem('1X+50'(9)),gen_status(ok),raw_gen_tokens([fifty]),normalized_gen_tokens([fifty]),sentence(fifty))
2026-04-18T05:05:15 | system | reverse_gen_run_end
2026-04-18T05:23:51 | system | reverse_parse_run_start
2026-04-18T05:23:51 | configuration | reverse_parse_run(profile_name(english_numbers_profile),parser_name('MG LC Parser'),parser_load_file('../../MG-LC-Parser-with-Semantic-main/load.pl'),parser_semantics_file('../../MG-LC-Parser-with-Semantic-main/sem_from_tree.pl'),parser_lexicon_name('English_trans_pruned'),parser_lexicon_file('../../MG-LC-Parser-with-Semantic-main/grammars/English_trans_pruned.pl'),token_cases_file('../cases/token_cases.pl'),reverse_parse_out_file('../generated/reverse_parse_out.pl'),repair_enabled(false),smoothing_enabled(false),smoothing_style(none))
2026-04-18T05:23:51 | reverse_parse_session | reverse_parse_case(tokens([one]),parse_status(ok),parsed_sem(1),parse_tree([li([one],[cfin])]))
2026-04-18T05:23:51 | reverse_parse_session | reverse_parse_case(tokens([two]),parse_status(ok),parsed_sem(2),parse_tree([li([two],[cfin])]))
2026-04-18T05:23:51 | reverse_parse_session | reverse_parse_case(tokens([three]),parse_status(ok),parsed_sem(3),parse_tree([li([three],[cfin])]))
2026-04-18T05:23:51 | reverse_parse_session | reverse_parse_case(tokens([four]),parse_status(ok),parsed_sem(4),parse_tree([li([four],[cfin])]))
2026-04-18T05:23:51 | reverse_parse_session | reverse_parse_case(tokens([five]),parse_status(ok),parsed_sem(5),parse_tree([li([five],[cfin])]))
2026-04-18T05:23:51 | reverse_parse_session | reverse_parse_case(tokens([six]),parse_status(ok),parsed_sem(6),parse_tree([li([six],[cfin])]))
2026-04-18T05:23:51 | reverse_parse_session | reverse_parse_case(tokens([seven]),parse_status(ok),parsed_sem(7),parse_tree([li([seven],[cfin])]))
2026-04-18T05:23:51 | reverse_parse_session | reverse_parse_case(tokens([eight]),parse_status(ok),parsed_sem(8),parse_tree([li([eight],[cfin])]))
2026-04-18T05:23:51 | reverse_parse_session | reverse_parse_case(tokens([nine]),parse_status(ok),parsed_sem(9),parse_tree([li([nine],[cfin])]))
2026-04-18T05:23:51 | reverse_parse_session | reverse_parse_case(tokens([ten]),parse_status(ok),parsed_sem(10),parse_tree([li([ten],[cfin])]))
2026-04-18T05:23:51 | reverse_parse_session | reverse_parse_case(tokens([eleven]),parse_status(ok),parsed_sem(11),parse_tree([li([eleven],[cfin])]))
2026-04-18T05:23:51 | reverse_parse_session | reverse_parse_case(tokens([twelve]),parse_status(ok),parsed_sem(12),parse_tree([li([twelve],[cfin])]))
2026-04-18T05:23:51 | reverse_parse_session | reverse_parse_case(tokens([thirteen]),parse_status(ok),parsed_sem(13),parse_tree([li([thirteen],[cfin])]))
2026-04-18T05:23:51 | reverse_parse_session | reverse_parse_case(tokens([fifteen]),parse_status(ok),parsed_sem(15),parse_tree([li([fifteen],[cfin])]))
2026-04-18T05:23:51 | reverse_parse_session | reverse_parse_case(tokens([four,teen]),parse_status(ok),parsed_sem('1X+10'(4)),parse_tree([tree(_106088,empty,tree(_105730,li([teen],[=c1,+a,cfin]),li([four],[c1,-a])))]))
2026-04-18T05:23:51 | reverse_parse_session | reverse_parse_case(tokens([eight,een]),parse_status(ok),parsed_sem('0X+18'(8)),parse_tree([tree(_106088,empty,tree(_105730,li([een],[=c1,+b,cfin]),li([eight],[c1,-b])))]))
2026-04-18T05:23:51 | reverse_parse_session | reverse_parse_case(tokens([twenty]),parse_status(ok),parsed_sem(20),parse_tree([li([twenty],[cfin])]))
2026-04-18T05:23:51 | reverse_parse_session | reverse_parse_case(tokens([thirty]),parse_status(ok),parsed_sem(30),parse_tree([li([thirty],[cfin])]))
2026-04-18T05:23:51 | reverse_parse_session | reverse_parse_case(tokens([fifty]),parse_status(ok),parsed_sem(50),parse_tree([li([fifty],[cfin])]))
2026-04-18T05:23:51 | reverse_parse_session | reverse_parse_case(tokens([twenty_,one]),parse_status(ok),parsed_sem('1X+20'(1)),parse_tree([tree(_105662,li([twenty_],[=c1,cfin]),li([one],[c1]))]))
2026-04-18T05:23:51 | reverse_parse_session | reverse_parse_case(tokens([twenty_,two]),parse_status(ok),parsed_sem('1X+20'(2)),parse_tree([tree(_105662,li([twenty_],[=c1,cfin]),li([two],[c1]))]))
2026-04-18T05:23:51 | reverse_parse_session | reverse_parse_case(tokens([twenty_,three]),parse_status(ok),parsed_sem('1X+20'(3)),parse_tree([tree(_105662,li([twenty_],[=c1,cfin]),li([three],[c1]))]))
2026-04-18T05:23:51 | reverse_parse_session | reverse_parse_case(tokens([twenty_,four]),parse_status(ok),parsed_sem('1X+20'(4)),parse_tree([tree(_105662,li([twenty_],[=c1,cfin]),li([four],[c1]))]))
2026-04-18T05:23:51 | reverse_parse_session | reverse_parse_case(tokens([twenty_,five]),parse_status(ok),parsed_sem('1X+20'(5)),parse_tree([tree(_105662,li([twenty_],[=c1,cfin]),li([five],[c1]))]))
2026-04-18T05:23:51 | reverse_parse_session | reverse_parse_case(tokens([twenty_,six]),parse_status(ok),parsed_sem('1X+20'(6)),parse_tree([tree(_105662,li([twenty_],[=c1,cfin]),li([six],[c1]))]))
2026-04-18T05:23:51 | reverse_parse_session | reverse_parse_case(tokens([twenty_,seven]),parse_status(ok),parsed_sem('1X+20'(7)),parse_tree([tree(_105662,li([twenty_],[=c1,cfin]),li([seven],[c1]))]))
2026-04-18T05:23:51 | reverse_parse_session | reverse_parse_case(tokens([twenty_,eight]),parse_status(ok),parsed_sem('1X+20'(8)),parse_tree([tree(_105662,li([twenty_],[=c1,cfin]),li([eight],[c1]))]))
2026-04-18T05:23:51 | reverse_parse_session | reverse_parse_case(tokens([twenty_,nine]),parse_status(ok),parsed_sem('1X+20'(9)),parse_tree([tree(_105662,li([twenty_],[=c1,cfin]),li([nine],[c1]))]))
2026-04-18T05:23:51 | reverse_parse_session | reverse_parse_case(tokens([thirty_,one]),parse_status(ok),parsed_sem('1X+30'(1)),parse_tree([tree(_105662,li([thirty_],[=c1,cfin]),li([one],[c1]))]))
2026-04-18T05:23:51 | reverse_parse_session | reverse_parse_case(tokens([thirty_,two]),parse_status(ok),parsed_sem('1X+30'(2)),parse_tree([tree(_105662,li([thirty_],[=c1,cfin]),li([two],[c1]))]))
2026-04-18T05:23:51 | reverse_parse_session | reverse_parse_case(tokens([thirty_,three]),parse_status(ok),parsed_sem('1X+30'(3)),parse_tree([tree(_105662,li([thirty_],[=c1,cfin]),li([three],[c1]))]))
2026-04-18T05:23:51 | reverse_parse_session | reverse_parse_case(tokens([thirty_,four]),parse_status(ok),parsed_sem('1X+30'(4)),parse_tree([tree(_105662,li([thirty_],[=c1,cfin]),li([four],[c1]))]))
2026-04-18T05:23:51 | reverse_parse_session | reverse_parse_case(tokens([thirty_,five]),parse_status(ok),parsed_sem('1X+30'(5)),parse_tree([tree(_105662,li([thirty_],[=c1,cfin]),li([five],[c1]))]))
2026-04-18T05:23:51 | reverse_parse_session | reverse_parse_case(tokens([thirty_,six]),parse_status(ok),parsed_sem('1X+30'(6)),parse_tree([tree(_105662,li([thirty_],[=c1,cfin]),li([six],[c1]))]))
2026-04-18T05:23:51 | reverse_parse_session | reverse_parse_case(tokens([thirty_,seven]),parse_status(ok),parsed_sem('1X+30'(7)),parse_tree([tree(_105662,li([thirty_],[=c1,cfin]),li([seven],[c1]))]))
2026-04-18T05:23:51 | reverse_parse_session | reverse_parse_case(tokens([thirty_,eight]),parse_status(ok),parsed_sem('1X+30'(8)),parse_tree([tree(_105662,li([thirty_],[=c1,cfin]),li([eight],[c1]))]))
2026-04-18T05:23:51 | reverse_parse_session | reverse_parse_case(tokens([thirty_,nine]),parse_status(ok),parsed_sem('1X+30'(9)),parse_tree([tree(_105662,li([thirty_],[=c1,cfin]),li([nine],[c1]))]))
2026-04-18T05:23:51 | reverse_parse_session | reverse_parse_case(tokens([fifty_,one]),parse_status(ok),parsed_sem('1X+50'(1)),parse_tree([tree(_105662,li([fifty_],[=c1,cfin]),li([one],[c1]))]))
2026-04-18T05:23:51 | reverse_parse_session | reverse_parse_case(tokens([fifty_,two]),parse_status(ok),parsed_sem('1X+50'(2)),parse_tree([tree(_105662,li([fifty_],[=c1,cfin]),li([two],[c1]))]))
2026-04-18T05:23:51 | reverse_parse_session | reverse_parse_case(tokens([fifty_,three]),parse_status(ok),parsed_sem('1X+50'(3)),parse_tree([tree(_105662,li([fifty_],[=c1,cfin]),li([three],[c1]))]))
2026-04-18T05:23:51 | reverse_parse_session | reverse_parse_case(tokens([fifty_,four]),parse_status(ok),parsed_sem('1X+50'(4)),parse_tree([tree(_105662,li([fifty_],[=c1,cfin]),li([four],[c1]))]))
2026-04-18T05:23:51 | reverse_parse_session | reverse_parse_case(tokens([fifty_,five]),parse_status(ok),parsed_sem('1X+50'(5)),parse_tree([tree(_105662,li([fifty_],[=c1,cfin]),li([five],[c1]))]))
2026-04-18T05:23:51 | reverse_parse_session | reverse_parse_case(tokens([fifty_,six]),parse_status(ok),parsed_sem('1X+50'(6)),parse_tree([tree(_105662,li([fifty_],[=c1,cfin]),li([six],[c1]))]))
2026-04-18T05:23:51 | reverse_parse_session | reverse_parse_case(tokens([fifty_,seven]),parse_status(ok),parsed_sem('1X+50'(7)),parse_tree([tree(_105662,li([fifty_],[=c1,cfin]),li([seven],[c1]))]))
2026-04-18T05:23:51 | reverse_parse_session | reverse_parse_case(tokens([fifty_,eight]),parse_status(ok),parsed_sem('1X+50'(8)),parse_tree([tree(_105662,li([fifty_],[=c1,cfin]),li([eight],[c1]))]))
2026-04-18T05:23:51 | reverse_parse_session | reverse_parse_case(tokens([fifty_,nine]),parse_status(ok),parsed_sem('1X+50'(9)),parse_tree([tree(_105662,li([fifty_],[=c1,cfin]),li([nine],[c1]))]))
2026-04-18T05:23:51 | system | reverse_parse_run_end
2026-04-18T05:23:51 | system | reverse_gen_run_start
2026-04-18T05:23:51 | configuration | reverse_gen_run(profile_name(english_numbers_profile),generator_name('MG Generator'),generator_main_file('../../SemanticGenerator/MG-Generator/main.pl'),generator_lexicon_name(numbers_Gen),generator_lexicon_file('../../SemanticGenerator/MG-Generator/grammars/numbers_Gen.pl'),reverse_parse_out_file('../generated/reverse_parse_out.pl'),reverse_out_file('../generated/reverse_out.pl'),repair_enabled(false),smoothing_enabled(false),smoothing_style(none))
2026-04-18T05:23:51 | reverse_gen_session | reverse_case(input_tokens([one]),parse_status(ok),parsed_sem(1),gen_status(ok),raw_gen_tokens([one]),normalized_gen_tokens([one]),sentence(one))
2026-04-18T05:23:51 | reverse_gen_session | reverse_case(input_tokens([two]),parse_status(ok),parsed_sem(2),gen_status(ok),raw_gen_tokens([two]),normalized_gen_tokens([two]),sentence(two))
2026-04-18T05:23:51 | reverse_gen_session | reverse_case(input_tokens([three]),parse_status(ok),parsed_sem(3),gen_status(ok),raw_gen_tokens([three]),normalized_gen_tokens([three]),sentence(three))
2026-04-18T05:23:51 | reverse_gen_session | reverse_case(input_tokens([four]),parse_status(ok),parsed_sem(4),gen_status(ok),raw_gen_tokens([four]),normalized_gen_tokens([four]),sentence(four))
2026-04-18T05:23:51 | reverse_gen_session | reverse_case(input_tokens([five]),parse_status(ok),parsed_sem(5),gen_status(ok),raw_gen_tokens([five]),normalized_gen_tokens([five]),sentence(five))
2026-04-18T05:23:51 | reverse_gen_session | reverse_case(input_tokens([six]),parse_status(ok),parsed_sem(6),gen_status(ok),raw_gen_tokens([six]),normalized_gen_tokens([six]),sentence(six))
2026-04-18T05:23:51 | reverse_gen_session | reverse_case(input_tokens([seven]),parse_status(ok),parsed_sem(7),gen_status(ok),raw_gen_tokens([seven]),normalized_gen_tokens([seven]),sentence(seven))
2026-04-18T05:23:51 | reverse_gen_session | reverse_case(input_tokens([eight]),parse_status(ok),parsed_sem(8),gen_status(ok),raw_gen_tokens([eight]),normalized_gen_tokens([eight]),sentence(eight))
2026-04-18T05:23:51 | reverse_gen_session | reverse_case(input_tokens([nine]),parse_status(ok),parsed_sem(9),gen_status(ok),raw_gen_tokens([nine]),normalized_gen_tokens([nine]),sentence(nine))
2026-04-18T05:23:51 | reverse_gen_session | reverse_case(input_tokens([ten]),parse_status(ok),parsed_sem(10),gen_status(ok),raw_gen_tokens([ten]),normalized_gen_tokens([ten]),sentence(ten))
2026-04-18T05:23:51 | reverse_gen_session | reverse_case(input_tokens([eleven]),parse_status(ok),parsed_sem(11),gen_status(ok),raw_gen_tokens([eleven]),normalized_gen_tokens([eleven]),sentence(eleven))
2026-04-18T05:23:51 | reverse_gen_session | reverse_case(input_tokens([twelve]),parse_status(ok),parsed_sem(12),gen_status(ok),raw_gen_tokens([twelve]),normalized_gen_tokens([twelve]),sentence(twelve))
2026-04-18T05:23:51 | reverse_gen_session | reverse_case(input_tokens([thirteen]),parse_status(ok),parsed_sem(13),gen_status(ok),raw_gen_tokens([thirteen]),normalized_gen_tokens([thirteen]),sentence(thirteen))
2026-04-18T05:23:51 | reverse_gen_session | reverse_case(input_tokens([fifteen]),parse_status(ok),parsed_sem(15),gen_status(ok),raw_gen_tokens([fifteen]),normalized_gen_tokens([fifteen]),sentence(fifteen))
2026-04-18T05:23:51 | reverse_gen_session | reverse_case(input_tokens([four,teen]),parse_status(ok),parsed_sem('1X+10'(4)),gen_status(ok),raw_gen_tokens([four,teen]),normalized_gen_tokens([four,teen]),sentence(fourteen))
2026-04-18T05:23:51 | reverse_gen_session | reverse_case(input_tokens([eight,een]),parse_status(ok),parsed_sem('0X+18'(8)),gen_status(ok),raw_gen_tokens([eight,een]),normalized_gen_tokens([eight,een]),sentence(eighteen))
2026-04-18T05:23:51 | reverse_gen_session | reverse_case(input_tokens([twenty]),parse_status(ok),parsed_sem(20),gen_status(ok),raw_gen_tokens([twenty]),normalized_gen_tokens([twenty]),sentence(twenty))
2026-04-18T05:23:51 | reverse_gen_session | reverse_case(input_tokens([thirty]),parse_status(ok),parsed_sem(30),gen_status(ok),raw_gen_tokens([thirty]),normalized_gen_tokens([thirty]),sentence(thirty))
2026-04-18T05:23:51 | reverse_gen_session | reverse_case(input_tokens([fifty]),parse_status(ok),parsed_sem(50),gen_status(ok),raw_gen_tokens([fifty]),normalized_gen_tokens([fifty]),sentence(fifty))
2026-04-18T05:23:51 | reverse_gen_session | reverse_case(input_tokens([twenty_,one]),parse_status(ok),parsed_sem('1X+20'(1)),gen_status(ok),raw_gen_tokens([twenty,one]),normalized_gen_tokens([twenty_,one]),sentence(twentyone))
2026-04-18T05:23:51 | reverse_gen_session | reverse_case(input_tokens([twenty_,two]),parse_status(ok),parsed_sem('1X+20'(2)),gen_status(ok),raw_gen_tokens([twenty,two]),normalized_gen_tokens([twenty_,two]),sentence(twentytwo))
2026-04-18T05:23:51 | reverse_gen_session | reverse_case(input_tokens([twenty_,three]),parse_status(ok),parsed_sem('1X+20'(3)),gen_status(ok),raw_gen_tokens([twenty,three]),normalized_gen_tokens([twenty_,three]),sentence(twentythree))
2026-04-18T05:23:51 | reverse_gen_session | reverse_case(input_tokens([twenty_,four]),parse_status(ok),parsed_sem('1X+20'(4)),gen_status(ok),raw_gen_tokens([twenty]),normalized_gen_tokens([twenty]),sentence(twenty))
2026-04-18T05:23:51 | reverse_gen_session | reverse_case(input_tokens([twenty_,five]),parse_status(ok),parsed_sem('1X+20'(5)),gen_status(ok),raw_gen_tokens([twenty,five]),normalized_gen_tokens([twenty_,five]),sentence(twentyfive))
2026-04-18T05:23:51 | reverse_gen_session | reverse_case(input_tokens([twenty_,six]),parse_status(ok),parsed_sem('1X+20'(6)),gen_status(ok),raw_gen_tokens([twenty]),normalized_gen_tokens([twenty]),sentence(twenty))
2026-04-18T05:23:51 | reverse_gen_session | reverse_case(input_tokens([twenty_,seven]),parse_status(ok),parsed_sem('1X+20'(7)),gen_status(ok),raw_gen_tokens([twenty]),normalized_gen_tokens([twenty]),sentence(twenty))
2026-04-18T05:23:51 | reverse_gen_session | reverse_case(input_tokens([twenty_,eight]),parse_status(ok),parsed_sem('1X+20'(8)),gen_status(ok),raw_gen_tokens([twenty]),normalized_gen_tokens([twenty]),sentence(twenty))
2026-04-18T05:23:51 | reverse_gen_session | reverse_case(input_tokens([twenty_,nine]),parse_status(ok),parsed_sem('1X+20'(9)),gen_status(ok),raw_gen_tokens([twenty]),normalized_gen_tokens([twenty]),sentence(twenty))
2026-04-18T05:23:51 | reverse_gen_session | reverse_case(input_tokens([thirty_,one]),parse_status(ok),parsed_sem('1X+30'(1)),gen_status(ok),raw_gen_tokens([thirty,one]),normalized_gen_tokens([thirty_,one]),sentence(thirtyone))
2026-04-18T05:23:51 | reverse_gen_session | reverse_case(input_tokens([thirty_,two]),parse_status(ok),parsed_sem('1X+30'(2)),gen_status(ok),raw_gen_tokens([thirty,two]),normalized_gen_tokens([thirty_,two]),sentence(thirtytwo))
2026-04-18T05:23:51 | reverse_gen_session | reverse_case(input_tokens([thirty_,three]),parse_status(ok),parsed_sem('1X+30'(3)),gen_status(ok),raw_gen_tokens([thirty,three]),normalized_gen_tokens([thirty_,three]),sentence(thirtythree))
2026-04-18T05:23:51 | reverse_gen_session | reverse_case(input_tokens([thirty_,four]),parse_status(ok),parsed_sem('1X+30'(4)),gen_status(ok),raw_gen_tokens([thirty]),normalized_gen_tokens([thirty]),sentence(thirty))
2026-04-18T05:23:51 | reverse_gen_session | reverse_case(input_tokens([thirty_,five]),parse_status(ok),parsed_sem('1X+30'(5)),gen_status(ok),raw_gen_tokens([thirty,five]),normalized_gen_tokens([thirty_,five]),sentence(thirtyfive))
2026-04-18T05:23:51 | reverse_gen_session | reverse_case(input_tokens([thirty_,six]),parse_status(ok),parsed_sem('1X+30'(6)),gen_status(ok),raw_gen_tokens([thirty]),normalized_gen_tokens([thirty]),sentence(thirty))
2026-04-18T05:23:51 | reverse_gen_session | reverse_case(input_tokens([thirty_,seven]),parse_status(ok),parsed_sem('1X+30'(7)),gen_status(ok),raw_gen_tokens([thirty]),normalized_gen_tokens([thirty]),sentence(thirty))
2026-04-18T05:23:51 | reverse_gen_session | reverse_case(input_tokens([thirty_,eight]),parse_status(ok),parsed_sem('1X+30'(8)),gen_status(ok),raw_gen_tokens([thirty]),normalized_gen_tokens([thirty]),sentence(thirty))
2026-04-18T05:23:51 | reverse_gen_session | reverse_case(input_tokens([thirty_,nine]),parse_status(ok),parsed_sem('1X+30'(9)),gen_status(ok),raw_gen_tokens([thirty]),normalized_gen_tokens([thirty]),sentence(thirty))
2026-04-18T05:23:51 | reverse_gen_session | reverse_case(input_tokens([fifty_,one]),parse_status(ok),parsed_sem('1X+50'(1)),gen_status(ok),raw_gen_tokens([fifty,one]),normalized_gen_tokens([fifty_,one]),sentence(fiftyone))
2026-04-18T05:23:51 | reverse_gen_session | reverse_case(input_tokens([fifty_,two]),parse_status(ok),parsed_sem('1X+50'(2)),gen_status(ok),raw_gen_tokens([fifty,two]),normalized_gen_tokens([fifty_,two]),sentence(fiftytwo))
2026-04-18T05:23:51 | reverse_gen_session | reverse_case(input_tokens([fifty_,three]),parse_status(ok),parsed_sem('1X+50'(3)),gen_status(ok),raw_gen_tokens([fifty,three]),normalized_gen_tokens([fifty_,three]),sentence(fiftythree))
2026-04-18T05:23:51 | reverse_gen_session | reverse_case(input_tokens([fifty_,four]),parse_status(ok),parsed_sem('1X+50'(4)),gen_status(ok),raw_gen_tokens([fifty]),normalized_gen_tokens([fifty]),sentence(fifty))
2026-04-18T05:23:51 | reverse_gen_session | reverse_case(input_tokens([fifty_,five]),parse_status(ok),parsed_sem('1X+50'(5)),gen_status(ok),raw_gen_tokens([fifty,five]),normalized_gen_tokens([fifty_,five]),sentence(fiftyfive))
2026-04-18T05:23:51 | reverse_gen_session | reverse_case(input_tokens([fifty_,six]),parse_status(ok),parsed_sem('1X+50'(6)),gen_status(ok),raw_gen_tokens([fifty]),normalized_gen_tokens([fifty]),sentence(fifty))
2026-04-18T05:23:51 | reverse_gen_session | reverse_case(input_tokens([fifty_,seven]),parse_status(ok),parsed_sem('1X+50'(7)),gen_status(ok),raw_gen_tokens([fifty]),normalized_gen_tokens([fifty]),sentence(fifty))
2026-04-18T05:23:51 | reverse_gen_session | reverse_case(input_tokens([fifty_,eight]),parse_status(ok),parsed_sem('1X+50'(8)),gen_status(ok),raw_gen_tokens([fifty]),normalized_gen_tokens([fifty]),sentence(fifty))
2026-04-18T05:23:51 | reverse_gen_session | reverse_case(input_tokens([fifty_,nine]),parse_status(ok),parsed_sem('1X+50'(9)),gen_status(ok),raw_gen_tokens([fifty]),normalized_gen_tokens([fifty]),sentence(fifty))
2026-04-18T05:23:51 | system | reverse_gen_run_end
2026-04-18T05:32:41 | system | reverse_parse_run_start
2026-04-18T05:32:41 | configuration | reverse_parse_run(profile_name(english_numbers_profile),parser_name('MG LC Parser'),parser_load_file('../../MG-LC-Parser-with-Semantic-main/load.pl'),parser_semantics_file('../../MG-LC-Parser-with-Semantic-main/sem_from_tree.pl'),parser_lexicon_name('English_trans_pruned'),parser_lexicon_file('../../MG-LC-Parser-with-Semantic-main/grammars/English_trans_pruned.pl'),token_cases_file('../cases/token_cases.pl'),reverse_parse_out_file('../generated/reverse_parse_out.pl'),repair_enabled(false),smoothing_enabled(false),smoothing_style(none))
2026-04-18T05:32:41 | reverse_parse_session | reverse_parse_case(tokens([one]),parse_status(ok),parsed_sem(1),parse_tree([li([one],[cfin])]))
2026-04-18T05:32:41 | reverse_parse_session | reverse_parse_case(tokens([two]),parse_status(ok),parsed_sem(2),parse_tree([li([two],[cfin])]))
2026-04-18T05:32:41 | reverse_parse_session | reverse_parse_case(tokens([three]),parse_status(ok),parsed_sem(3),parse_tree([li([three],[cfin])]))
2026-04-18T05:32:41 | reverse_parse_session | reverse_parse_case(tokens([four]),parse_status(ok),parsed_sem(4),parse_tree([li([four],[cfin])]))
2026-04-18T05:32:41 | reverse_parse_session | reverse_parse_case(tokens([five]),parse_status(ok),parsed_sem(5),parse_tree([li([five],[cfin])]))
2026-04-18T05:32:41 | reverse_parse_session | reverse_parse_case(tokens([six]),parse_status(ok),parsed_sem(6),parse_tree([li([six],[cfin])]))
2026-04-18T05:32:41 | reverse_parse_session | reverse_parse_case(tokens([seven]),parse_status(ok),parsed_sem(7),parse_tree([li([seven],[cfin])]))
2026-04-18T05:32:41 | reverse_parse_session | reverse_parse_case(tokens([eight]),parse_status(ok),parsed_sem(8),parse_tree([li([eight],[cfin])]))
2026-04-18T05:32:41 | reverse_parse_session | reverse_parse_case(tokens([nine]),parse_status(ok),parsed_sem(9),parse_tree([li([nine],[cfin])]))
2026-04-18T05:32:41 | reverse_parse_session | reverse_parse_case(tokens([ten]),parse_status(ok),parsed_sem(10),parse_tree([li([ten],[cfin])]))
2026-04-18T05:32:41 | reverse_parse_session | reverse_parse_case(tokens([eleven]),parse_status(ok),parsed_sem(11),parse_tree([li([eleven],[cfin])]))
2026-04-18T05:32:41 | reverse_parse_session | reverse_parse_case(tokens([twelve]),parse_status(ok),parsed_sem(12),parse_tree([li([twelve],[cfin])]))
2026-04-18T05:32:41 | reverse_parse_session | reverse_parse_case(tokens([thirteen]),parse_status(ok),parsed_sem(13),parse_tree([li([thirteen],[cfin])]))
2026-04-18T05:32:41 | reverse_parse_session | reverse_parse_case(tokens([fifteen]),parse_status(ok),parsed_sem(15),parse_tree([li([fifteen],[cfin])]))
2026-04-18T05:32:41 | reverse_parse_session | reverse_parse_case(tokens([four,teen]),parse_status(ok),parsed_sem('1X+10'(4)),parse_tree([tree(_106244,empty,tree(_105886,li([teen],[=c1,+a,cfin]),li([four],[c1,-a])))]))
2026-04-18T05:32:41 | reverse_parse_session | reverse_parse_case(tokens([eight,een]),parse_status(ok),parsed_sem('0X+18'(8)),parse_tree([tree(_106244,empty,tree(_105886,li([een],[=c1,+b,cfin]),li([eight],[c1,-b])))]))
2026-04-18T05:32:41 | reverse_parse_session | reverse_parse_case(tokens([twenty]),parse_status(ok),parsed_sem(20),parse_tree([li([twenty],[cfin])]))
2026-04-18T05:32:41 | reverse_parse_session | reverse_parse_case(tokens([thirty]),parse_status(ok),parsed_sem(30),parse_tree([li([thirty],[cfin])]))
2026-04-18T05:32:41 | reverse_parse_session | reverse_parse_case(tokens([fifty]),parse_status(ok),parsed_sem(50),parse_tree([li([fifty],[cfin])]))
2026-04-18T05:32:41 | reverse_parse_session | reverse_parse_case(tokens([twenty_,one]),parse_status(ok),parsed_sem('1X+20'(1)),parse_tree([tree(_105818,li([twenty_],[=c1,cfin]),li([one],[c1]))]))
2026-04-18T05:32:41 | reverse_parse_session | reverse_parse_case(tokens([twenty_,two]),parse_status(ok),parsed_sem('1X+20'(2)),parse_tree([tree(_105818,li([twenty_],[=c1,cfin]),li([two],[c1]))]))
2026-04-18T05:32:41 | reverse_parse_session | reverse_parse_case(tokens([twenty_,three]),parse_status(ok),parsed_sem('1X+20'(3)),parse_tree([tree(_105818,li([twenty_],[=c1,cfin]),li([three],[c1]))]))
2026-04-18T05:32:41 | reverse_parse_session | reverse_parse_case(tokens([twenty_,four]),parse_status(ok),parsed_sem('1X+20'(4)),parse_tree([tree(_105818,li([twenty_],[=c1,cfin]),li([four],[c1]))]))
2026-04-18T05:32:41 | reverse_parse_session | reverse_parse_case(tokens([twenty_,five]),parse_status(ok),parsed_sem('1X+20'(5)),parse_tree([tree(_105818,li([twenty_],[=c1,cfin]),li([five],[c1]))]))
2026-04-18T05:32:41 | reverse_parse_session | reverse_parse_case(tokens([twenty_,six]),parse_status(ok),parsed_sem('1X+20'(6)),parse_tree([tree(_105818,li([twenty_],[=c1,cfin]),li([six],[c1]))]))
2026-04-18T05:32:41 | reverse_parse_session | reverse_parse_case(tokens([twenty_,seven]),parse_status(ok),parsed_sem('1X+20'(7)),parse_tree([tree(_105818,li([twenty_],[=c1,cfin]),li([seven],[c1]))]))
2026-04-18T05:32:41 | reverse_parse_session | reverse_parse_case(tokens([twenty_,eight]),parse_status(ok),parsed_sem('1X+20'(8)),parse_tree([tree(_105818,li([twenty_],[=c1,cfin]),li([eight],[c1]))]))
2026-04-18T05:32:41 | reverse_parse_session | reverse_parse_case(tokens([twenty_,nine]),parse_status(ok),parsed_sem('1X+20'(9)),parse_tree([tree(_105818,li([twenty_],[=c1,cfin]),li([nine],[c1]))]))
2026-04-18T05:32:41 | reverse_parse_session | reverse_parse_case(tokens([thirty_,one]),parse_status(ok),parsed_sem('1X+30'(1)),parse_tree([tree(_105818,li([thirty_],[=c1,cfin]),li([one],[c1]))]))
2026-04-18T05:32:41 | reverse_parse_session | reverse_parse_case(tokens([thirty_,two]),parse_status(ok),parsed_sem('1X+30'(2)),parse_tree([tree(_105818,li([thirty_],[=c1,cfin]),li([two],[c1]))]))
2026-04-18T05:32:41 | reverse_parse_session | reverse_parse_case(tokens([thirty_,three]),parse_status(ok),parsed_sem('1X+30'(3)),parse_tree([tree(_105818,li([thirty_],[=c1,cfin]),li([three],[c1]))]))
2026-04-18T05:32:41 | reverse_parse_session | reverse_parse_case(tokens([thirty_,four]),parse_status(ok),parsed_sem('1X+30'(4)),parse_tree([tree(_105818,li([thirty_],[=c1,cfin]),li([four],[c1]))]))
2026-04-18T05:32:41 | reverse_parse_session | reverse_parse_case(tokens([thirty_,five]),parse_status(ok),parsed_sem('1X+30'(5)),parse_tree([tree(_105818,li([thirty_],[=c1,cfin]),li([five],[c1]))]))
2026-04-18T05:32:41 | reverse_parse_session | reverse_parse_case(tokens([thirty_,six]),parse_status(ok),parsed_sem('1X+30'(6)),parse_tree([tree(_105818,li([thirty_],[=c1,cfin]),li([six],[c1]))]))
2026-04-18T05:32:41 | reverse_parse_session | reverse_parse_case(tokens([thirty_,seven]),parse_status(ok),parsed_sem('1X+30'(7)),parse_tree([tree(_105818,li([thirty_],[=c1,cfin]),li([seven],[c1]))]))
2026-04-18T05:32:41 | reverse_parse_session | reverse_parse_case(tokens([thirty_,eight]),parse_status(ok),parsed_sem('1X+30'(8)),parse_tree([tree(_105818,li([thirty_],[=c1,cfin]),li([eight],[c1]))]))
2026-04-18T05:32:41 | reverse_parse_session | reverse_parse_case(tokens([thirty_,nine]),parse_status(ok),parsed_sem('1X+30'(9)),parse_tree([tree(_105818,li([thirty_],[=c1,cfin]),li([nine],[c1]))]))
2026-04-18T05:32:41 | reverse_parse_session | reverse_parse_case(tokens([fifty_,one]),parse_status(ok),parsed_sem('1X+50'(1)),parse_tree([tree(_105818,li([fifty_],[=c1,cfin]),li([one],[c1]))]))
2026-04-18T05:32:41 | reverse_parse_session | reverse_parse_case(tokens([fifty_,two]),parse_status(ok),parsed_sem('1X+50'(2)),parse_tree([tree(_105818,li([fifty_],[=c1,cfin]),li([two],[c1]))]))
2026-04-18T05:32:41 | reverse_parse_session | reverse_parse_case(tokens([fifty_,three]),parse_status(ok),parsed_sem('1X+50'(3)),parse_tree([tree(_105818,li([fifty_],[=c1,cfin]),li([three],[c1]))]))
2026-04-18T05:32:41 | reverse_parse_session | reverse_parse_case(tokens([fifty_,four]),parse_status(ok),parsed_sem('1X+50'(4)),parse_tree([tree(_105818,li([fifty_],[=c1,cfin]),li([four],[c1]))]))
2026-04-18T05:32:41 | reverse_parse_session | reverse_parse_case(tokens([fifty_,five]),parse_status(ok),parsed_sem('1X+50'(5)),parse_tree([tree(_105818,li([fifty_],[=c1,cfin]),li([five],[c1]))]))
2026-04-18T05:32:41 | reverse_parse_session | reverse_parse_case(tokens([fifty_,six]),parse_status(ok),parsed_sem('1X+50'(6)),parse_tree([tree(_105818,li([fifty_],[=c1,cfin]),li([six],[c1]))]))
2026-04-18T05:32:41 | reverse_parse_session | reverse_parse_case(tokens([fifty_,seven]),parse_status(ok),parsed_sem('1X+50'(7)),parse_tree([tree(_105818,li([fifty_],[=c1,cfin]),li([seven],[c1]))]))
2026-04-18T05:32:41 | reverse_parse_session | reverse_parse_case(tokens([fifty_,eight]),parse_status(ok),parsed_sem('1X+50'(8)),parse_tree([tree(_105818,li([fifty_],[=c1,cfin]),li([eight],[c1]))]))
2026-04-18T05:32:41 | reverse_parse_session | reverse_parse_case(tokens([fifty_,nine]),parse_status(ok),parsed_sem('1X+50'(9)),parse_tree([tree(_105818,li([fifty_],[=c1,cfin]),li([nine],[c1]))]))
2026-04-18T05:32:41 | system | reverse_parse_run_end
2026-04-18T05:32:41 | system | reverse_gen_run_start
2026-04-18T05:32:41 | configuration | reverse_gen_run(profile_name(english_numbers_profile),generator_name('MG Generator'),generator_main_file('../../SemanticGenerator/MG-Generator/main.pl'),generator_lexicon_name(numbers_Gen),generator_lexicon_file('../../SemanticGenerator/MG-Generator/grammars/numbers_Gen.pl'),reverse_parse_out_file('../generated/reverse_parse_out.pl'),reverse_out_file('../generated/reverse_out.pl'),repair_enabled(false),smoothing_enabled(false),smoothing_style(none))
2026-04-18T05:32:41 | reverse_gen_session | reverse_case(input_tokens([one]),parse_status(ok),parsed_sem(1),gen_status(ok),raw_gen_tokens([one]),normalized_gen_tokens([one]),sentence(one))
2026-04-18T05:32:41 | reverse_gen_session | reverse_case(input_tokens([two]),parse_status(ok),parsed_sem(2),gen_status(ok),raw_gen_tokens([two]),normalized_gen_tokens([two]),sentence(two))
2026-04-18T05:32:41 | reverse_gen_session | reverse_case(input_tokens([three]),parse_status(ok),parsed_sem(3),gen_status(ok),raw_gen_tokens([three]),normalized_gen_tokens([three]),sentence(three))
2026-04-18T05:32:41 | reverse_gen_session | reverse_case(input_tokens([four]),parse_status(ok),parsed_sem(4),gen_status(ok),raw_gen_tokens([four]),normalized_gen_tokens([four]),sentence(four))
2026-04-18T05:32:41 | reverse_gen_session | reverse_case(input_tokens([five]),parse_status(ok),parsed_sem(5),gen_status(ok),raw_gen_tokens([five]),normalized_gen_tokens([five]),sentence(five))
2026-04-18T05:32:41 | reverse_gen_session | reverse_case(input_tokens([six]),parse_status(ok),parsed_sem(6),gen_status(ok),raw_gen_tokens([six]),normalized_gen_tokens([six]),sentence(six))
2026-04-18T05:32:41 | reverse_gen_session | reverse_case(input_tokens([seven]),parse_status(ok),parsed_sem(7),gen_status(ok),raw_gen_tokens([seven]),normalized_gen_tokens([seven]),sentence(seven))
2026-04-18T05:32:41 | reverse_gen_session | reverse_case(input_tokens([eight]),parse_status(ok),parsed_sem(8),gen_status(ok),raw_gen_tokens([eight]),normalized_gen_tokens([eight]),sentence(eight))
2026-04-18T05:32:41 | reverse_gen_session | reverse_case(input_tokens([nine]),parse_status(ok),parsed_sem(9),gen_status(ok),raw_gen_tokens([nine]),normalized_gen_tokens([nine]),sentence(nine))
2026-04-18T05:32:41 | reverse_gen_session | reverse_case(input_tokens([ten]),parse_status(ok),parsed_sem(10),gen_status(ok),raw_gen_tokens([ten]),normalized_gen_tokens([ten]),sentence(ten))
2026-04-18T05:32:41 | reverse_gen_session | reverse_case(input_tokens([eleven]),parse_status(ok),parsed_sem(11),gen_status(ok),raw_gen_tokens([eleven]),normalized_gen_tokens([eleven]),sentence(eleven))
2026-04-18T05:32:41 | reverse_gen_session | reverse_case(input_tokens([twelve]),parse_status(ok),parsed_sem(12),gen_status(ok),raw_gen_tokens([twelve]),normalized_gen_tokens([twelve]),sentence(twelve))
2026-04-18T05:32:41 | reverse_gen_session | reverse_case(input_tokens([thirteen]),parse_status(ok),parsed_sem(13),gen_status(ok),raw_gen_tokens([thirteen]),normalized_gen_tokens([thirteen]),sentence(thirteen))
2026-04-18T05:32:41 | reverse_gen_session | reverse_case(input_tokens([fifteen]),parse_status(ok),parsed_sem(15),gen_status(ok),raw_gen_tokens([fifteen]),normalized_gen_tokens([fifteen]),sentence(fifteen))
2026-04-18T05:32:41 | reverse_gen_session | reverse_case(input_tokens([four,teen]),parse_status(ok),parsed_sem('1X+10'(4)),gen_status(ok),raw_gen_tokens([four,teen]),normalized_gen_tokens([four,teen]),sentence(fourteen))
2026-04-18T05:32:41 | reverse_gen_session | reverse_case(input_tokens([eight,een]),parse_status(ok),parsed_sem('0X+18'(8)),gen_status(ok),raw_gen_tokens([eight,een]),normalized_gen_tokens([eight,een]),sentence(eighteen))
2026-04-18T05:32:41 | reverse_gen_session | reverse_case(input_tokens([twenty]),parse_status(ok),parsed_sem(20),gen_status(ok),raw_gen_tokens([twenty]),normalized_gen_tokens([twenty]),sentence(twenty))
2026-04-18T05:32:41 | reverse_gen_session | reverse_case(input_tokens([thirty]),parse_status(ok),parsed_sem(30),gen_status(ok),raw_gen_tokens([thirty]),normalized_gen_tokens([thirty]),sentence(thirty))
2026-04-18T05:32:41 | reverse_gen_session | reverse_case(input_tokens([fifty]),parse_status(ok),parsed_sem(50),gen_status(ok),raw_gen_tokens([fifty]),normalized_gen_tokens([fifty]),sentence(fifty))
2026-04-18T05:32:41 | reverse_gen_session | reverse_case(input_tokens([twenty_,one]),parse_status(ok),parsed_sem('1X+20'(1)),gen_status(ok),raw_gen_tokens([twenty,one]),normalized_gen_tokens([twenty_,one]),sentence(twentyone))
2026-04-18T05:32:41 | reverse_gen_session | reverse_case(input_tokens([twenty_,two]),parse_status(ok),parsed_sem('1X+20'(2)),gen_status(ok),raw_gen_tokens([twenty,two]),normalized_gen_tokens([twenty_,two]),sentence(twentytwo))
2026-04-18T05:32:41 | reverse_gen_session | reverse_case(input_tokens([twenty_,three]),parse_status(ok),parsed_sem('1X+20'(3)),gen_status(ok),raw_gen_tokens([twenty,three]),normalized_gen_tokens([twenty_,three]),sentence(twentythree))
2026-04-18T05:32:41 | reverse_gen_session | reverse_case(input_tokens([twenty_,four]),parse_status(ok),parsed_sem('1X+20'(4)),gen_status(ok),raw_gen_tokens([twenty]),normalized_gen_tokens([twenty]),sentence(twenty))
2026-04-18T05:32:41 | reverse_gen_session | reverse_case(input_tokens([twenty_,five]),parse_status(ok),parsed_sem('1X+20'(5)),gen_status(ok),raw_gen_tokens([twenty,five]),normalized_gen_tokens([twenty_,five]),sentence(twentyfive))
2026-04-18T05:32:41 | reverse_gen_session | reverse_case(input_tokens([twenty_,six]),parse_status(ok),parsed_sem('1X+20'(6)),gen_status(ok),raw_gen_tokens([twenty]),normalized_gen_tokens([twenty]),sentence(twenty))
2026-04-18T05:32:41 | reverse_gen_session | reverse_case(input_tokens([twenty_,seven]),parse_status(ok),parsed_sem('1X+20'(7)),gen_status(ok),raw_gen_tokens([twenty]),normalized_gen_tokens([twenty]),sentence(twenty))
2026-04-18T05:32:41 | reverse_gen_session | reverse_case(input_tokens([twenty_,eight]),parse_status(ok),parsed_sem('1X+20'(8)),gen_status(ok),raw_gen_tokens([twenty]),normalized_gen_tokens([twenty]),sentence(twenty))
2026-04-18T05:32:41 | reverse_gen_session | reverse_case(input_tokens([twenty_,nine]),parse_status(ok),parsed_sem('1X+20'(9)),gen_status(ok),raw_gen_tokens([twenty]),normalized_gen_tokens([twenty]),sentence(twenty))
2026-04-18T05:32:41 | reverse_gen_session | reverse_case(input_tokens([thirty_,one]),parse_status(ok),parsed_sem('1X+30'(1)),gen_status(ok),raw_gen_tokens([thirty,one]),normalized_gen_tokens([thirty_,one]),sentence(thirtyone))
2026-04-18T05:32:41 | reverse_gen_session | reverse_case(input_tokens([thirty_,two]),parse_status(ok),parsed_sem('1X+30'(2)),gen_status(ok),raw_gen_tokens([thirty,two]),normalized_gen_tokens([thirty_,two]),sentence(thirtytwo))
2026-04-18T05:32:41 | reverse_gen_session | reverse_case(input_tokens([thirty_,three]),parse_status(ok),parsed_sem('1X+30'(3)),gen_status(ok),raw_gen_tokens([thirty,three]),normalized_gen_tokens([thirty_,three]),sentence(thirtythree))
2026-04-18T05:32:41 | reverse_gen_session | reverse_case(input_tokens([thirty_,four]),parse_status(ok),parsed_sem('1X+30'(4)),gen_status(ok),raw_gen_tokens([thirty]),normalized_gen_tokens([thirty]),sentence(thirty))
2026-04-18T05:32:41 | reverse_gen_session | reverse_case(input_tokens([thirty_,five]),parse_status(ok),parsed_sem('1X+30'(5)),gen_status(ok),raw_gen_tokens([thirty,five]),normalized_gen_tokens([thirty_,five]),sentence(thirtyfive))
2026-04-18T05:32:41 | reverse_gen_session | reverse_case(input_tokens([thirty_,six]),parse_status(ok),parsed_sem('1X+30'(6)),gen_status(ok),raw_gen_tokens([thirty]),normalized_gen_tokens([thirty]),sentence(thirty))
2026-04-18T05:32:41 | reverse_gen_session | reverse_case(input_tokens([thirty_,seven]),parse_status(ok),parsed_sem('1X+30'(7)),gen_status(ok),raw_gen_tokens([thirty]),normalized_gen_tokens([thirty]),sentence(thirty))
2026-04-18T05:32:41 | reverse_gen_session | reverse_case(input_tokens([thirty_,eight]),parse_status(ok),parsed_sem('1X+30'(8)),gen_status(ok),raw_gen_tokens([thirty]),normalized_gen_tokens([thirty]),sentence(thirty))
2026-04-18T05:32:41 | reverse_gen_session | reverse_case(input_tokens([thirty_,nine]),parse_status(ok),parsed_sem('1X+30'(9)),gen_status(ok),raw_gen_tokens([thirty]),normalized_gen_tokens([thirty]),sentence(thirty))
2026-04-18T05:32:41 | reverse_gen_session | reverse_case(input_tokens([fifty_,one]),parse_status(ok),parsed_sem('1X+50'(1)),gen_status(ok),raw_gen_tokens([fifty,one]),normalized_gen_tokens([fifty_,one]),sentence(fiftyone))
2026-04-18T05:32:41 | reverse_gen_session | reverse_case(input_tokens([fifty_,two]),parse_status(ok),parsed_sem('1X+50'(2)),gen_status(ok),raw_gen_tokens([fifty,two]),normalized_gen_tokens([fifty_,two]),sentence(fiftytwo))
2026-04-18T05:32:41 | reverse_gen_session | reverse_case(input_tokens([fifty_,three]),parse_status(ok),parsed_sem('1X+50'(3)),gen_status(ok),raw_gen_tokens([fifty,three]),normalized_gen_tokens([fifty_,three]),sentence(fiftythree))
2026-04-18T05:32:41 | reverse_gen_session | reverse_case(input_tokens([fifty_,four]),parse_status(ok),parsed_sem('1X+50'(4)),gen_status(ok),raw_gen_tokens([fifty]),normalized_gen_tokens([fifty]),sentence(fifty))
2026-04-18T05:32:41 | reverse_gen_session | reverse_case(input_tokens([fifty_,five]),parse_status(ok),parsed_sem('1X+50'(5)),gen_status(ok),raw_gen_tokens([fifty,five]),normalized_gen_tokens([fifty_,five]),sentence(fiftyfive))
2026-04-18T05:32:41 | reverse_gen_session | reverse_case(input_tokens([fifty_,six]),parse_status(ok),parsed_sem('1X+50'(6)),gen_status(ok),raw_gen_tokens([fifty]),normalized_gen_tokens([fifty]),sentence(fifty))
2026-04-18T05:32:41 | reverse_gen_session | reverse_case(input_tokens([fifty_,seven]),parse_status(ok),parsed_sem('1X+50'(7)),gen_status(ok),raw_gen_tokens([fifty]),normalized_gen_tokens([fifty]),sentence(fifty))
2026-04-18T05:32:41 | reverse_gen_session | reverse_case(input_tokens([fifty_,eight]),parse_status(ok),parsed_sem('1X+50'(8)),gen_status(ok),raw_gen_tokens([fifty]),normalized_gen_tokens([fifty]),sentence(fifty))
2026-04-18T05:32:41 | reverse_gen_session | reverse_case(input_tokens([fifty_,nine]),parse_status(ok),parsed_sem('1X+50'(9)),gen_status(ok),raw_gen_tokens([fifty]),normalized_gen_tokens([fifty]),sentence(fifty))
2026-04-18T05:32:41 | system | reverse_gen_run_end
2026-04-18T05:43:03 | system | reverse_parse_run_start
2026-04-18T05:43:03 | configuration | reverse_parse_run(profile_name(english_numbers_profile),parser_name('MG LC Parser'),parser_load_file('../../MG-LC-Parser-with-Semantic-main/load.pl'),parser_semantics_file('../../MG-LC-Parser-with-Semantic-main/sem_from_tree.pl'),parser_lexicon_name('English_trans_pruned'),parser_lexicon_file('../../MG-LC-Parser-with-Semantic-main/grammars/English_trans_pruned.pl'),token_cases_file('../cases/token_cases.pl'),reverse_parse_out_file('../generated/reverse_parse_out.pl'),repair_enabled(false),smoothing_enabled(false),smoothing_style(none))
2026-04-18T05:43:03 | reverse_parse_session | reverse_parse_case(tokens([one]),parse_status(ok),parsed_sem(1),parse_tree([li([one],[cfin])]))
2026-04-18T05:43:03 | reverse_parse_session | reverse_parse_case(tokens([two]),parse_status(ok),parsed_sem(2),parse_tree([li([two],[cfin])]))
2026-04-18T05:43:03 | reverse_parse_session | reverse_parse_case(tokens([three]),parse_status(ok),parsed_sem(3),parse_tree([li([three],[cfin])]))
2026-04-18T05:43:03 | reverse_parse_session | reverse_parse_case(tokens([four]),parse_status(ok),parsed_sem(4),parse_tree([li([four],[cfin])]))
2026-04-18T05:43:03 | reverse_parse_session | reverse_parse_case(tokens([five]),parse_status(ok),parsed_sem(5),parse_tree([li([five],[cfin])]))
2026-04-18T05:43:03 | reverse_parse_session | reverse_parse_case(tokens([six]),parse_status(ok),parsed_sem(6),parse_tree([li([six],[cfin])]))
2026-04-18T05:43:03 | reverse_parse_session | reverse_parse_case(tokens([seven]),parse_status(ok),parsed_sem(7),parse_tree([li([seven],[cfin])]))
2026-04-18T05:43:03 | reverse_parse_session | reverse_parse_case(tokens([eight]),parse_status(ok),parsed_sem(8),parse_tree([li([eight],[cfin])]))
2026-04-18T05:43:03 | reverse_parse_session | reverse_parse_case(tokens([nine]),parse_status(ok),parsed_sem(9),parse_tree([li([nine],[cfin])]))
2026-04-18T05:43:03 | reverse_parse_session | reverse_parse_case(tokens([ten]),parse_status(ok),parsed_sem(10),parse_tree([li([ten],[cfin])]))
2026-04-18T05:43:03 | reverse_parse_session | reverse_parse_case(tokens([eleven]),parse_status(ok),parsed_sem(11),parse_tree([li([eleven],[cfin])]))
2026-04-18T05:43:03 | reverse_parse_session | reverse_parse_case(tokens([twelve]),parse_status(ok),parsed_sem(12),parse_tree([li([twelve],[cfin])]))
2026-04-18T05:43:03 | reverse_parse_session | reverse_parse_case(tokens([thirteen]),parse_status(ok),parsed_sem(13),parse_tree([li([thirteen],[cfin])]))
2026-04-18T05:43:03 | reverse_parse_session | reverse_parse_case(tokens([fifteen]),parse_status(ok),parsed_sem(15),parse_tree([li([fifteen],[cfin])]))
2026-04-18T05:43:03 | reverse_parse_session | reverse_parse_case(tokens([four,teen]),parse_status(ok),parsed_sem('1X+10'(4)),parse_tree([tree(_106244,empty,tree(_105886,li([teen],[=c1,+a,cfin]),li([four],[c1,-a])))]))
2026-04-18T05:43:03 | reverse_parse_session | reverse_parse_case(tokens([eight,een]),parse_status(ok),parsed_sem('0X+18'(8)),parse_tree([tree(_106244,empty,tree(_105886,li([een],[=c1,+b,cfin]),li([eight],[c1,-b])))]))
2026-04-18T05:43:03 | reverse_parse_session | reverse_parse_case(tokens([twenty]),parse_status(ok),parsed_sem(20),parse_tree([li([twenty],[cfin])]))
2026-04-18T05:43:03 | reverse_parse_session | reverse_parse_case(tokens([thirty]),parse_status(ok),parsed_sem(30),parse_tree([li([thirty],[cfin])]))
2026-04-18T05:43:03 | reverse_parse_session | reverse_parse_case(tokens([fifty]),parse_status(ok),parsed_sem(50),parse_tree([li([fifty],[cfin])]))
2026-04-18T05:43:03 | reverse_parse_session | reverse_parse_case(tokens([twenty_,one]),parse_status(ok),parsed_sem('1X+20'(1)),parse_tree([tree(_105818,li([twenty_],[=c1,cfin]),li([one],[c1]))]))
2026-04-18T05:43:03 | reverse_parse_session | reverse_parse_case(tokens([twenty_,two]),parse_status(ok),parsed_sem('1X+20'(2)),parse_tree([tree(_105818,li([twenty_],[=c1,cfin]),li([two],[c1]))]))
2026-04-18T05:43:03 | reverse_parse_session | reverse_parse_case(tokens([twenty_,three]),parse_status(ok),parsed_sem('1X+20'(3)),parse_tree([tree(_105818,li([twenty_],[=c1,cfin]),li([three],[c1]))]))
2026-04-18T05:43:03 | reverse_parse_session | reverse_parse_case(tokens([twenty_,four]),parse_status(ok),parsed_sem('1X+20'(4)),parse_tree([tree(_105818,li([twenty_],[=c1,cfin]),li([four],[c1]))]))
2026-04-18T05:43:03 | reverse_parse_session | reverse_parse_case(tokens([twenty_,five]),parse_status(ok),parsed_sem('1X+20'(5)),parse_tree([tree(_105818,li([twenty_],[=c1,cfin]),li([five],[c1]))]))
2026-04-18T05:43:03 | reverse_parse_session | reverse_parse_case(tokens([twenty_,six]),parse_status(ok),parsed_sem('1X+20'(6)),parse_tree([tree(_105818,li([twenty_],[=c1,cfin]),li([six],[c1]))]))
2026-04-18T05:43:03 | reverse_parse_session | reverse_parse_case(tokens([twenty_,seven]),parse_status(ok),parsed_sem('1X+20'(7)),parse_tree([tree(_105818,li([twenty_],[=c1,cfin]),li([seven],[c1]))]))
2026-04-18T05:43:03 | reverse_parse_session | reverse_parse_case(tokens([twenty_,eight]),parse_status(ok),parsed_sem('1X+20'(8)),parse_tree([tree(_105818,li([twenty_],[=c1,cfin]),li([eight],[c1]))]))
2026-04-18T05:43:03 | reverse_parse_session | reverse_parse_case(tokens([twenty_,nine]),parse_status(ok),parsed_sem('1X+20'(9)),parse_tree([tree(_105818,li([twenty_],[=c1,cfin]),li([nine],[c1]))]))
2026-04-18T05:43:03 | reverse_parse_session | reverse_parse_case(tokens([thirty_,one]),parse_status(ok),parsed_sem('1X+30'(1)),parse_tree([tree(_105818,li([thirty_],[=c1,cfin]),li([one],[c1]))]))
2026-04-18T05:43:03 | reverse_parse_session | reverse_parse_case(tokens([thirty_,two]),parse_status(ok),parsed_sem('1X+30'(2)),parse_tree([tree(_105818,li([thirty_],[=c1,cfin]),li([two],[c1]))]))
2026-04-18T05:43:03 | reverse_parse_session | reverse_parse_case(tokens([thirty_,three]),parse_status(ok),parsed_sem('1X+30'(3)),parse_tree([tree(_105818,li([thirty_],[=c1,cfin]),li([three],[c1]))]))
2026-04-18T05:43:03 | reverse_parse_session | reverse_parse_case(tokens([thirty_,four]),parse_status(ok),parsed_sem('1X+30'(4)),parse_tree([tree(_105818,li([thirty_],[=c1,cfin]),li([four],[c1]))]))
2026-04-18T05:43:03 | reverse_parse_session | reverse_parse_case(tokens([thirty_,five]),parse_status(ok),parsed_sem('1X+30'(5)),parse_tree([tree(_105818,li([thirty_],[=c1,cfin]),li([five],[c1]))]))
2026-04-18T05:43:03 | reverse_parse_session | reverse_parse_case(tokens([thirty_,six]),parse_status(ok),parsed_sem('1X+30'(6)),parse_tree([tree(_105818,li([thirty_],[=c1,cfin]),li([six],[c1]))]))
2026-04-18T05:43:03 | reverse_parse_session | reverse_parse_case(tokens([thirty_,seven]),parse_status(ok),parsed_sem('1X+30'(7)),parse_tree([tree(_105818,li([thirty_],[=c1,cfin]),li([seven],[c1]))]))
2026-04-18T05:43:03 | reverse_parse_session | reverse_parse_case(tokens([thirty_,eight]),parse_status(ok),parsed_sem('1X+30'(8)),parse_tree([tree(_105818,li([thirty_],[=c1,cfin]),li([eight],[c1]))]))
2026-04-18T05:43:03 | reverse_parse_session | reverse_parse_case(tokens([thirty_,nine]),parse_status(ok),parsed_sem('1X+30'(9)),parse_tree([tree(_105818,li([thirty_],[=c1,cfin]),li([nine],[c1]))]))
2026-04-18T05:43:03 | reverse_parse_session | reverse_parse_case(tokens([fifty_,one]),parse_status(ok),parsed_sem('1X+50'(1)),parse_tree([tree(_105818,li([fifty_],[=c1,cfin]),li([one],[c1]))]))
2026-04-18T05:43:03 | reverse_parse_session | reverse_parse_case(tokens([fifty_,two]),parse_status(ok),parsed_sem('1X+50'(2)),parse_tree([tree(_105818,li([fifty_],[=c1,cfin]),li([two],[c1]))]))
2026-04-18T05:43:03 | reverse_parse_session | reverse_parse_case(tokens([fifty_,three]),parse_status(ok),parsed_sem('1X+50'(3)),parse_tree([tree(_105818,li([fifty_],[=c1,cfin]),li([three],[c1]))]))
2026-04-18T05:43:03 | reverse_parse_session | reverse_parse_case(tokens([fifty_,four]),parse_status(ok),parsed_sem('1X+50'(4)),parse_tree([tree(_105818,li([fifty_],[=c1,cfin]),li([four],[c1]))]))
2026-04-18T05:43:03 | reverse_parse_session | reverse_parse_case(tokens([fifty_,five]),parse_status(ok),parsed_sem('1X+50'(5)),parse_tree([tree(_105818,li([fifty_],[=c1,cfin]),li([five],[c1]))]))
2026-04-18T05:43:03 | reverse_parse_session | reverse_parse_case(tokens([fifty_,six]),parse_status(ok),parsed_sem('1X+50'(6)),parse_tree([tree(_105818,li([fifty_],[=c1,cfin]),li([six],[c1]))]))
2026-04-18T05:43:03 | reverse_parse_session | reverse_parse_case(tokens([fifty_,seven]),parse_status(ok),parsed_sem('1X+50'(7)),parse_tree([tree(_105818,li([fifty_],[=c1,cfin]),li([seven],[c1]))]))
2026-04-18T05:43:03 | reverse_parse_session | reverse_parse_case(tokens([fifty_,eight]),parse_status(ok),parsed_sem('1X+50'(8)),parse_tree([tree(_105818,li([fifty_],[=c1,cfin]),li([eight],[c1]))]))
2026-04-18T05:43:03 | reverse_parse_session | reverse_parse_case(tokens([fifty_,nine]),parse_status(ok),parsed_sem('1X+50'(9)),parse_tree([tree(_105818,li([fifty_],[=c1,cfin]),li([nine],[c1]))]))
2026-04-18T05:43:03 | system | reverse_parse_run_end
2026-04-18T05:43:03 | system | reverse_gen_run_start
2026-04-18T05:43:03 | configuration | reverse_gen_run(profile_name(english_numbers_profile),generator_name('MG Generator'),generator_main_file('../../SemanticGenerator/MG-Generator/main.pl'),generator_lexicon_name(numbers_Gen),generator_lexicon_file('../../SemanticGenerator/MG-Generator/grammars/numbers_Gen.pl'),reverse_parse_out_file('../generated/reverse_parse_out.pl'),reverse_out_file('../generated/reverse_out.pl'),repair_enabled(false),smoothing_enabled(false),smoothing_style(none))
2026-04-18T05:43:03 | reverse_gen_session | reverse_case(input_tokens([one]),parse_status(ok),parsed_sem(1),gen_status(ok),raw_gen_tokens([one]),normalized_gen_tokens([one]),sentence(one))
2026-04-18T05:43:03 | reverse_gen_session | reverse_case(input_tokens([two]),parse_status(ok),parsed_sem(2),gen_status(ok),raw_gen_tokens([two]),normalized_gen_tokens([two]),sentence(two))
2026-04-18T05:43:03 | reverse_gen_session | reverse_case(input_tokens([three]),parse_status(ok),parsed_sem(3),gen_status(ok),raw_gen_tokens([three]),normalized_gen_tokens([three]),sentence(three))
2026-04-18T05:43:03 | reverse_gen_session | reverse_case(input_tokens([four]),parse_status(ok),parsed_sem(4),gen_status(ok),raw_gen_tokens([four]),normalized_gen_tokens([four]),sentence(four))
2026-04-18T05:43:03 | reverse_gen_session | reverse_case(input_tokens([five]),parse_status(ok),parsed_sem(5),gen_status(ok),raw_gen_tokens([five]),normalized_gen_tokens([five]),sentence(five))
2026-04-18T05:43:03 | reverse_gen_session | reverse_case(input_tokens([six]),parse_status(ok),parsed_sem(6),gen_status(ok),raw_gen_tokens([six]),normalized_gen_tokens([six]),sentence(six))
2026-04-18T05:43:03 | reverse_gen_session | reverse_case(input_tokens([seven]),parse_status(ok),parsed_sem(7),gen_status(ok),raw_gen_tokens([seven]),normalized_gen_tokens([seven]),sentence(seven))
2026-04-18T05:43:03 | reverse_gen_session | reverse_case(input_tokens([eight]),parse_status(ok),parsed_sem(8),gen_status(ok),raw_gen_tokens([eight]),normalized_gen_tokens([eight]),sentence(eight))
2026-04-18T05:43:03 | reverse_gen_session | reverse_case(input_tokens([nine]),parse_status(ok),parsed_sem(9),gen_status(ok),raw_gen_tokens([nine]),normalized_gen_tokens([nine]),sentence(nine))
2026-04-18T05:43:03 | reverse_gen_session | reverse_case(input_tokens([ten]),parse_status(ok),parsed_sem(10),gen_status(ok),raw_gen_tokens([ten]),normalized_gen_tokens([ten]),sentence(ten))
2026-04-18T05:43:03 | reverse_gen_session | reverse_case(input_tokens([eleven]),parse_status(ok),parsed_sem(11),gen_status(ok),raw_gen_tokens([eleven]),normalized_gen_tokens([eleven]),sentence(eleven))
2026-04-18T05:43:03 | reverse_gen_session | reverse_case(input_tokens([twelve]),parse_status(ok),parsed_sem(12),gen_status(ok),raw_gen_tokens([twelve]),normalized_gen_tokens([twelve]),sentence(twelve))
2026-04-18T05:43:03 | reverse_gen_session | reverse_case(input_tokens([thirteen]),parse_status(ok),parsed_sem(13),gen_status(ok),raw_gen_tokens([thirteen]),normalized_gen_tokens([thirteen]),sentence(thirteen))
2026-04-18T05:43:03 | reverse_gen_session | reverse_case(input_tokens([fifteen]),parse_status(ok),parsed_sem(15),gen_status(ok),raw_gen_tokens([fifteen]),normalized_gen_tokens([fifteen]),sentence(fifteen))
2026-04-18T05:43:03 | reverse_gen_session | reverse_case(input_tokens([four,teen]),parse_status(ok),parsed_sem('1X+10'(4)),gen_status(ok),raw_gen_tokens([four,teen]),normalized_gen_tokens([four,teen]),sentence(fourteen))
2026-04-18T05:43:03 | reverse_gen_session | reverse_case(input_tokens([eight,een]),parse_status(ok),parsed_sem('0X+18'(8)),gen_status(ok),raw_gen_tokens([eight,een]),normalized_gen_tokens([eight,een]),sentence(eighteen))
2026-04-18T05:43:03 | reverse_gen_session | reverse_case(input_tokens([twenty]),parse_status(ok),parsed_sem(20),gen_status(ok),raw_gen_tokens([twenty]),normalized_gen_tokens([twenty]),sentence(twenty))
2026-04-18T05:43:03 | reverse_gen_session | reverse_case(input_tokens([thirty]),parse_status(ok),parsed_sem(30),gen_status(ok),raw_gen_tokens([thirty]),normalized_gen_tokens([thirty]),sentence(thirty))
2026-04-18T05:43:03 | reverse_gen_session | reverse_case(input_tokens([fifty]),parse_status(ok),parsed_sem(50),gen_status(ok),raw_gen_tokens([fifty]),normalized_gen_tokens([fifty]),sentence(fifty))
2026-04-18T05:43:03 | reverse_gen_session | reverse_case(input_tokens([twenty_,one]),parse_status(ok),parsed_sem('1X+20'(1)),gen_status(ok),raw_gen_tokens([twenty,one]),normalized_gen_tokens([twenty_,one]),sentence(twentyone))
2026-04-18T05:43:03 | reverse_gen_session | reverse_case(input_tokens([twenty_,two]),parse_status(ok),parsed_sem('1X+20'(2)),gen_status(ok),raw_gen_tokens([twenty,two]),normalized_gen_tokens([twenty_,two]),sentence(twentytwo))
2026-04-18T05:43:03 | reverse_gen_session | reverse_case(input_tokens([twenty_,three]),parse_status(ok),parsed_sem('1X+20'(3)),gen_status(ok),raw_gen_tokens([twenty,three]),normalized_gen_tokens([twenty_,three]),sentence(twentythree))
2026-04-18T05:43:03 | reverse_gen_session | reverse_case(input_tokens([twenty_,four]),parse_status(ok),parsed_sem('1X+20'(4)),gen_status(ok),raw_gen_tokens([twenty]),normalized_gen_tokens([twenty]),sentence(twenty))
2026-04-18T05:43:03 | reverse_gen_session | reverse_case(input_tokens([twenty_,five]),parse_status(ok),parsed_sem('1X+20'(5)),gen_status(ok),raw_gen_tokens([twenty,five]),normalized_gen_tokens([twenty_,five]),sentence(twentyfive))
2026-04-18T05:43:03 | reverse_gen_session | reverse_case(input_tokens([twenty_,six]),parse_status(ok),parsed_sem('1X+20'(6)),gen_status(ok),raw_gen_tokens([twenty]),normalized_gen_tokens([twenty]),sentence(twenty))
2026-04-18T05:43:03 | reverse_gen_session | reverse_case(input_tokens([twenty_,seven]),parse_status(ok),parsed_sem('1X+20'(7)),gen_status(ok),raw_gen_tokens([twenty]),normalized_gen_tokens([twenty]),sentence(twenty))
2026-04-18T05:43:03 | reverse_gen_session | reverse_case(input_tokens([twenty_,eight]),parse_status(ok),parsed_sem('1X+20'(8)),gen_status(ok),raw_gen_tokens([twenty]),normalized_gen_tokens([twenty]),sentence(twenty))
2026-04-18T05:43:03 | reverse_gen_session | reverse_case(input_tokens([twenty_,nine]),parse_status(ok),parsed_sem('1X+20'(9)),gen_status(ok),raw_gen_tokens([twenty]),normalized_gen_tokens([twenty]),sentence(twenty))
2026-04-18T05:43:03 | reverse_gen_session | reverse_case(input_tokens([thirty_,one]),parse_status(ok),parsed_sem('1X+30'(1)),gen_status(ok),raw_gen_tokens([thirty,one]),normalized_gen_tokens([thirty_,one]),sentence(thirtyone))
2026-04-18T05:43:03 | reverse_gen_session | reverse_case(input_tokens([thirty_,two]),parse_status(ok),parsed_sem('1X+30'(2)),gen_status(ok),raw_gen_tokens([thirty,two]),normalized_gen_tokens([thirty_,two]),sentence(thirtytwo))
2026-04-18T05:43:03 | reverse_gen_session | reverse_case(input_tokens([thirty_,three]),parse_status(ok),parsed_sem('1X+30'(3)),gen_status(ok),raw_gen_tokens([thirty,three]),normalized_gen_tokens([thirty_,three]),sentence(thirtythree))
2026-04-18T05:43:03 | reverse_gen_session | reverse_case(input_tokens([thirty_,four]),parse_status(ok),parsed_sem('1X+30'(4)),gen_status(ok),raw_gen_tokens([thirty]),normalized_gen_tokens([thirty]),sentence(thirty))
2026-04-18T05:43:03 | reverse_gen_session | reverse_case(input_tokens([thirty_,five]),parse_status(ok),parsed_sem('1X+30'(5)),gen_status(ok),raw_gen_tokens([thirty,five]),normalized_gen_tokens([thirty_,five]),sentence(thirtyfive))
2026-04-18T05:43:03 | reverse_gen_session | reverse_case(input_tokens([thirty_,six]),parse_status(ok),parsed_sem('1X+30'(6)),gen_status(ok),raw_gen_tokens([thirty]),normalized_gen_tokens([thirty]),sentence(thirty))
2026-04-18T05:43:03 | reverse_gen_session | reverse_case(input_tokens([thirty_,seven]),parse_status(ok),parsed_sem('1X+30'(7)),gen_status(ok),raw_gen_tokens([thirty]),normalized_gen_tokens([thirty]),sentence(thirty))
2026-04-18T05:43:03 | reverse_gen_session | reverse_case(input_tokens([thirty_,eight]),parse_status(ok),parsed_sem('1X+30'(8)),gen_status(ok),raw_gen_tokens([thirty]),normalized_gen_tokens([thirty]),sentence(thirty))
2026-04-18T05:43:03 | reverse_gen_session | reverse_case(input_tokens([thirty_,nine]),parse_status(ok),parsed_sem('1X+30'(9)),gen_status(ok),raw_gen_tokens([thirty]),normalized_gen_tokens([thirty]),sentence(thirty))
2026-04-18T05:43:03 | reverse_gen_session | reverse_case(input_tokens([fifty_,one]),parse_status(ok),parsed_sem('1X+50'(1)),gen_status(ok),raw_gen_tokens([fifty,one]),normalized_gen_tokens([fifty_,one]),sentence(fiftyone))
2026-04-18T05:43:03 | reverse_gen_session | reverse_case(input_tokens([fifty_,two]),parse_status(ok),parsed_sem('1X+50'(2)),gen_status(ok),raw_gen_tokens([fifty,two]),normalized_gen_tokens([fifty_,two]),sentence(fiftytwo))
2026-04-18T05:43:03 | reverse_gen_session | reverse_case(input_tokens([fifty_,three]),parse_status(ok),parsed_sem('1X+50'(3)),gen_status(ok),raw_gen_tokens([fifty,three]),normalized_gen_tokens([fifty_,three]),sentence(fiftythree))
2026-04-18T05:43:03 | reverse_gen_session | reverse_case(input_tokens([fifty_,four]),parse_status(ok),parsed_sem('1X+50'(4)),gen_status(ok),raw_gen_tokens([fifty]),normalized_gen_tokens([fifty]),sentence(fifty))
2026-04-18T05:43:03 | reverse_gen_session | reverse_case(input_tokens([fifty_,five]),parse_status(ok),parsed_sem('1X+50'(5)),gen_status(ok),raw_gen_tokens([fifty,five]),normalized_gen_tokens([fifty_,five]),sentence(fiftyfive))
2026-04-18T05:43:03 | reverse_gen_session | reverse_case(input_tokens([fifty_,six]),parse_status(ok),parsed_sem('1X+50'(6)),gen_status(ok),raw_gen_tokens([fifty]),normalized_gen_tokens([fifty]),sentence(fifty))
2026-04-18T05:43:03 | reverse_gen_session | reverse_case(input_tokens([fifty_,seven]),parse_status(ok),parsed_sem('1X+50'(7)),gen_status(ok),raw_gen_tokens([fifty]),normalized_gen_tokens([fifty]),sentence(fifty))
2026-04-18T05:43:03 | reverse_gen_session | reverse_case(input_tokens([fifty_,eight]),parse_status(ok),parsed_sem('1X+50'(8)),gen_status(ok),raw_gen_tokens([fifty]),normalized_gen_tokens([fifty]),sentence(fifty))
2026-04-18T05:43:03 | reverse_gen_session | reverse_case(input_tokens([fifty_,nine]),parse_status(ok),parsed_sem('1X+50'(9)),gen_status(ok),raw_gen_tokens([fifty]),normalized_gen_tokens([fifty]),sentence(fifty))
2026-04-18T05:43:03 | system | reverse_gen_run_end
2026-04-18T05:45:21 | system | gen_run_start
2026-04-18T05:45:21 | configuration | gen_run(profile_name(english_numbers_profile),generator_name('MG Generator'),generator_main_file('../../SemanticGenerator/MG-Generator/main.pl'),generator_lexicon_name(numbers_Gen),generator_lexicon_file('../../SemanticGenerator/MG-Generator/grammars/numbers_Gen.pl'),semantic_cases_file('../cases/test_cases.pl'),gen_out_file('../generated/gen_out.pl'),forward_gen_tree_report_file('../generated/forward_gen_tree_report.txt'),repair_enabled(false),smoothing_enabled(false),smoothing_style(none))
2026-04-18T05:45:21 | gen_session | gen_case(semantic(1),status(ok),tokens([one]),sentence(one))
2026-04-18T05:45:21 | gen_session | gen_case(semantic(2),status(ok),tokens([two]),sentence(two))
2026-04-18T05:45:21 | gen_session | gen_case(semantic(3),status(ok),tokens([three]),sentence(three))
2026-04-18T05:45:21 | gen_session | gen_case(semantic(4),status(ok),tokens([four]),sentence(four))
2026-04-18T05:45:21 | gen_session | gen_case(semantic(5),status(ok),tokens([five]),sentence(five))
2026-04-18T05:45:21 | gen_session | gen_case(semantic(6),status(ok),tokens([six]),sentence(six))
2026-04-18T05:45:21 | gen_session | gen_case(semantic(7),status(ok),tokens([seven]),sentence(seven))
2026-04-18T05:45:21 | gen_session | gen_case(semantic(8),status(ok),tokens([eight]),sentence(eight))
2026-04-18T05:45:21 | gen_session | gen_case(semantic(9),status(ok),tokens([nine]),sentence(nine))
2026-04-18T05:45:21 | gen_session | gen_case(semantic(10),status(ok),tokens([ten]),sentence(ten))
2026-04-18T05:45:21 | gen_session | gen_case(semantic(11),status(ok),tokens([eleven]),sentence(eleven))
2026-04-18T05:45:21 | gen_session | gen_case(semantic(12),status(ok),tokens([twelve]),sentence(twelve))
2026-04-18T05:45:21 | gen_session | gen_case(semantic(13),status(ok),tokens([thirteen]),sentence(thirteen))
2026-04-18T05:45:21 | gen_session | gen_case(semantic(15),status(ok),tokens([fifteen]),sentence(fifteen))
2026-04-18T05:45:21 | gen_session | gen_case(semantic(18),status(gen_empty_yield),tokens([]),sentence(''))
2026-04-18T05:45:21 | gen_session | gen_case(semantic(20),status(ok),tokens([twenty]),sentence(twenty))
2026-04-18T05:45:21 | gen_session | gen_case(semantic(30),status(ok),tokens([thirty]),sentence(thirty))
2026-04-18T05:45:21 | gen_session | gen_case(semantic(50),status(ok),tokens([fifty]),sentence(fifty))
2026-04-18T05:45:21 | gen_session | gen_case(semantic('1X+10'(4)),status(ok),tokens([four,teen]),sentence(fourteen))
2026-04-18T05:45:21 | gen_session | gen_case(semantic('1X+10'(6)),status(ok),tokens([six,teen]),sentence(sixteen))
2026-04-18T05:45:21 | gen_session | gen_case(semantic('1X+10'(7)),status(ok),tokens([seven,teen]),sentence(seventeen))
2026-04-18T05:45:21 | gen_session | gen_case(semantic('0X+18'(8)),status(ok),tokens([eight,een]),sentence(eighteen))
2026-04-18T05:45:21 | gen_session | gen_case(semantic('1X+10'(9)),status(ok),tokens([nine,teen]),sentence(nineteen))
2026-04-18T05:45:21 | gen_session | gen_case(semantic('1X+20'(1)),status(ok),tokens([twenty,one]),sentence(twentyone))
2026-04-18T05:45:21 | gen_session | gen_case(semantic('1X+20'(2)),status(ok),tokens([twenty,two]),sentence(twentytwo))
2026-04-18T05:45:21 | gen_session | gen_case(semantic('1X+20'(3)),status(ok),tokens([twenty,three]),sentence(twentythree))
2026-04-18T05:45:21 | gen_session | gen_case(semantic('1X+20'(4)),status(ok),tokens([twenty]),sentence(twenty))
2026-04-18T05:45:21 | gen_session | gen_case(semantic('1X+20'(5)),status(ok),tokens([twenty,five]),sentence(twentyfive))
2026-04-18T05:45:21 | gen_session | gen_case(semantic('1X+20'(6)),status(ok),tokens([twenty]),sentence(twenty))
2026-04-18T05:45:21 | gen_session | gen_case(semantic('1X+20'(7)),status(ok),tokens([twenty]),sentence(twenty))
2026-04-18T05:45:21 | gen_session | gen_case(semantic('1X+20'(8)),status(ok),tokens([twenty]),sentence(twenty))
2026-04-18T05:45:21 | gen_session | gen_case(semantic('1X+20'(9)),status(ok),tokens([twenty]),sentence(twenty))
2026-04-18T05:45:21 | gen_session | gen_case(semantic('1X+30'(1)),status(ok),tokens([thirty,one]),sentence(thirtyone))
2026-04-18T05:45:21 | gen_session | gen_case(semantic('1X+30'(2)),status(ok),tokens([thirty,two]),sentence(thirtytwo))
2026-04-18T05:45:21 | gen_session | gen_case(semantic('1X+30'(3)),status(ok),tokens([thirty,three]),sentence(thirtythree))
2026-04-18T05:45:21 | gen_session | gen_case(semantic('1X+30'(4)),status(ok),tokens([thirty]),sentence(thirty))
2026-04-18T05:45:21 | gen_session | gen_case(semantic('1X+30'(5)),status(ok),tokens([thirty,five]),sentence(thirtyfive))
2026-04-18T05:45:21 | gen_session | gen_case(semantic('1X+30'(6)),status(ok),tokens([thirty]),sentence(thirty))
2026-04-18T05:45:21 | gen_session | gen_case(semantic('1X+30'(7)),status(ok),tokens([thirty]),sentence(thirty))
2026-04-18T05:45:21 | gen_session | gen_case(semantic('1X+30'(8)),status(ok),tokens([thirty]),sentence(thirty))
2026-04-18T05:45:21 | gen_session | gen_case(semantic('1X+30'(9)),status(ok),tokens([thirty]),sentence(thirty))
2026-04-18T05:45:21 | gen_session | gen_case(semantic('1X+50'(1)),status(ok),tokens([fifty,one]),sentence(fiftyone))
2026-04-18T05:45:21 | gen_session | gen_case(semantic('1X+50'(2)),status(ok),tokens([fifty,two]),sentence(fiftytwo))
2026-04-18T05:45:21 | gen_session | gen_case(semantic('1X+50'(3)),status(ok),tokens([fifty,three]),sentence(fiftythree))
2026-04-18T05:45:21 | gen_session | gen_case(semantic('1X+50'(4)),status(ok),tokens([fifty]),sentence(fifty))
2026-04-18T05:45:21 | gen_session | gen_case(semantic('1X+50'(5)),status(ok),tokens([fifty,five]),sentence(fiftyfive))
2026-04-18T05:45:21 | gen_session | gen_case(semantic('1X+50'(6)),status(ok),tokens([fifty]),sentence(fifty))
2026-04-18T05:45:21 | gen_session | gen_case(semantic('1X+50'(7)),status(ok),tokens([fifty]),sentence(fifty))
2026-04-18T05:45:21 | gen_session | gen_case(semantic('1X+50'(8)),status(ok),tokens([fifty]),sentence(fifty))
2026-04-18T05:45:21 | gen_session | gen_case(semantic('1X+50'(9)),status(ok),tokens([fifty]),sentence(fifty))
2026-04-18T05:45:21 | gen_session | gen_case(semantic('1X+40'(4)),status(gen_empty_yield),tokens([]),sentence(''))
2026-04-18T05:45:21 | gen_session | gen_case(semantic('1X+60'(4)),status(gen_empty_yield),tokens([]),sentence(''))
2026-04-18T05:45:21 | gen_session | gen_case(semantic('1X+70'(4)),status(gen_empty_yield),tokens([]),sentence(''))
2026-04-18T05:45:21 | gen_session | gen_case(semantic('1X+80'(4)),status(gen_empty_yield),tokens([]),sentence(''))
2026-04-18T05:45:21 | gen_session | gen_case(semantic('1X+90'(4)),status(gen_empty_yield),tokens([]),sentence(''))
2026-04-18T05:45:21 | system | gen_run_end
2026-04-18T05:45:22 | system | parse_run_start
2026-04-18T05:45:22 | configuration | parse_run(profile_name(english_numbers_profile),parser_name('MG LC Parser'),parser_load_file('../../MG-LC-Parser-with-Semantic-main/load.pl'),parser_semantics_file('../../MG-LC-Parser-with-Semantic-main/sem_from_tree.pl'),parser_lexicon_name('English_trans_pruned'),parser_lexicon_file('../../MG-LC-Parser-with-Semantic-main/grammars/English_trans_pruned.pl'),gen_out_file('../generated/gen_out.pl'),parse_out_file('../generated/parse_out.pl'),forward_parse_tree_report_file('../generated/forward_parse_tree_report.txt'),repair_enabled(false),smoothing_enabled(false),smoothing_style(none))
2026-04-18T05:45:22 | parse_session | parse_case(semantic(1),gen_status(ok),gen_tokens([one]),repaired_tokens([one]),parser_tokens([one]),repair_status(repair_disabled),parse_status(ok),parsed_sem(1))
2026-04-18T05:45:22 | parse_session | parse_case(semantic(2),gen_status(ok),gen_tokens([two]),repaired_tokens([two]),parser_tokens([two]),repair_status(repair_disabled),parse_status(ok),parsed_sem(2))
2026-04-18T05:45:22 | parse_session | parse_case(semantic(3),gen_status(ok),gen_tokens([three]),repaired_tokens([three]),parser_tokens([three]),repair_status(repair_disabled),parse_status(ok),parsed_sem(3))
2026-04-18T05:45:22 | parse_session | parse_case(semantic(4),gen_status(ok),gen_tokens([four]),repaired_tokens([four]),parser_tokens([four]),repair_status(repair_disabled),parse_status(ok),parsed_sem(4))
2026-04-18T05:45:22 | parse_session | parse_case(semantic(5),gen_status(ok),gen_tokens([five]),repaired_tokens([five]),parser_tokens([five]),repair_status(repair_disabled),parse_status(ok),parsed_sem(5))
2026-04-18T05:45:22 | parse_session | parse_case(semantic(6),gen_status(ok),gen_tokens([six]),repaired_tokens([six]),parser_tokens([six]),repair_status(repair_disabled),parse_status(ok),parsed_sem(6))
2026-04-18T05:45:22 | parse_session | parse_case(semantic(7),gen_status(ok),gen_tokens([seven]),repaired_tokens([seven]),parser_tokens([seven]),repair_status(repair_disabled),parse_status(ok),parsed_sem(7))
2026-04-18T05:45:22 | parse_session | parse_case(semantic(8),gen_status(ok),gen_tokens([eight]),repaired_tokens([eight]),parser_tokens([eight]),repair_status(repair_disabled),parse_status(ok),parsed_sem(8))
2026-04-18T05:45:22 | parse_session | parse_case(semantic(9),gen_status(ok),gen_tokens([nine]),repaired_tokens([nine]),parser_tokens([nine]),repair_status(repair_disabled),parse_status(ok),parsed_sem(9))
2026-04-18T05:45:22 | parse_session | parse_case(semantic(10),gen_status(ok),gen_tokens([ten]),repaired_tokens([ten]),parser_tokens([ten]),repair_status(repair_disabled),parse_status(ok),parsed_sem(10))
2026-04-18T05:45:22 | parse_session | parse_case(semantic(11),gen_status(ok),gen_tokens([eleven]),repaired_tokens([eleven]),parser_tokens([eleven]),repair_status(repair_disabled),parse_status(ok),parsed_sem(11))
2026-04-18T05:45:22 | parse_session | parse_case(semantic(12),gen_status(ok),gen_tokens([twelve]),repaired_tokens([twelve]),parser_tokens([twelve]),repair_status(repair_disabled),parse_status(ok),parsed_sem(12))
2026-04-18T05:45:22 | parse_session | parse_case(semantic(13),gen_status(ok),gen_tokens([thirteen]),repaired_tokens([thirteen]),parser_tokens([thirteen]),repair_status(repair_disabled),parse_status(ok),parsed_sem(13))
2026-04-18T05:45:22 | parse_session | parse_case(semantic(15),gen_status(ok),gen_tokens([fifteen]),repaired_tokens([fifteen]),parser_tokens([fifteen]),repair_status(repair_disabled),parse_status(ok),parsed_sem(15))
2026-04-18T05:45:22 | parse_session | parse_case(semantic(18),gen_status(gen_empty_yield),gen_tokens([]),repaired_tokens([]),parser_tokens([]),repair_status(repair_disabled),parse_status(parse_skipped_empty_tokens),parsed_sem(none))
2026-04-18T05:45:22 | parse_session | parse_case(semantic(20),gen_status(ok),gen_tokens([twenty]),repaired_tokens([twenty]),parser_tokens([twenty]),repair_status(repair_disabled),parse_status(ok),parsed_sem(20))
2026-04-18T05:45:22 | parse_session | parse_case(semantic(30),gen_status(ok),gen_tokens([thirty]),repaired_tokens([thirty]),parser_tokens([thirty]),repair_status(repair_disabled),parse_status(ok),parsed_sem(30))
2026-04-18T05:45:22 | parse_session | parse_case(semantic(50),gen_status(ok),gen_tokens([fifty]),repaired_tokens([fifty]),parser_tokens([fifty]),repair_status(repair_disabled),parse_status(ok),parsed_sem(50))
2026-04-18T05:45:22 | parse_session | parse_case(semantic('1X+10'(4)),gen_status(ok),gen_tokens([four,teen]),repaired_tokens([four,teen]),parser_tokens([four,teen]),repair_status(repair_disabled),parse_status(ok),parsed_sem('1X+10'(4)))
2026-04-18T05:45:22 | parse_session | parse_case(semantic('1X+10'(6)),gen_status(ok),gen_tokens([six,teen]),repaired_tokens([six,teen]),parser_tokens([six,teen]),repair_status(repair_disabled),parse_status(parse_fail),parsed_sem(none))
2026-04-18T05:45:22 | parse_session | parse_case(semantic('1X+10'(7)),gen_status(ok),gen_tokens([seven,teen]),repaired_tokens([seven,teen]),parser_tokens([seven,teen]),repair_status(repair_disabled),parse_status(parse_fail),parsed_sem(none))
2026-04-18T05:45:22 | parse_session | parse_case(semantic('0X+18'(8)),gen_status(ok),gen_tokens([eight,een]),repaired_tokens([eight,een]),parser_tokens([eight,een]),repair_status(repair_disabled),parse_status(ok),parsed_sem('0X+18'(8)))
2026-04-18T05:45:22 | parse_session | parse_case(semantic('1X+10'(9)),gen_status(ok),gen_tokens([nine,teen]),repaired_tokens([nine,teen]),parser_tokens([nine,teen]),repair_status(repair_disabled),parse_status(parse_fail),parsed_sem(none))
2026-04-18T05:45:22 | parse_session | parse_case(semantic('1X+20'(1)),gen_status(ok),gen_tokens([twenty,one]),repaired_tokens([twenty,one]),parser_tokens([twenty_,one]),repair_status(repair_disabled),parse_status(ok),parsed_sem('1X+20'(1)))
2026-04-18T05:45:22 | parse_session | parse_case(semantic('1X+20'(2)),gen_status(ok),gen_tokens([twenty,two]),repaired_tokens([twenty,two]),parser_tokens([twenty_,two]),repair_status(repair_disabled),parse_status(ok),parsed_sem('1X+20'(2)))
2026-04-18T05:45:22 | parse_session | parse_case(semantic('1X+20'(3)),gen_status(ok),gen_tokens([twenty,three]),repaired_tokens([twenty,three]),parser_tokens([twenty_,three]),repair_status(repair_disabled),parse_status(ok),parsed_sem('1X+20'(3)))
2026-04-18T05:45:22 | parse_session | parse_case(semantic('1X+20'(4)),gen_status(ok),gen_tokens([twenty]),repaired_tokens([twenty]),parser_tokens([twenty]),repair_status(repair_disabled),parse_status(ok),parsed_sem(20))
2026-04-18T05:45:22 | parse_session | parse_case(semantic('1X+20'(5)),gen_status(ok),gen_tokens([twenty,five]),repaired_tokens([twenty,five]),parser_tokens([twenty_,five]),repair_status(repair_disabled),parse_status(ok),parsed_sem('1X+20'(5)))
2026-04-18T05:45:22 | parse_session | parse_case(semantic('1X+20'(6)),gen_status(ok),gen_tokens([twenty]),repaired_tokens([twenty]),parser_tokens([twenty]),repair_status(repair_disabled),parse_status(ok),parsed_sem(20))
2026-04-18T05:45:22 | parse_session | parse_case(semantic('1X+20'(7)),gen_status(ok),gen_tokens([twenty]),repaired_tokens([twenty]),parser_tokens([twenty]),repair_status(repair_disabled),parse_status(ok),parsed_sem(20))
2026-04-18T05:45:22 | parse_session | parse_case(semantic('1X+20'(8)),gen_status(ok),gen_tokens([twenty]),repaired_tokens([twenty]),parser_tokens([twenty]),repair_status(repair_disabled),parse_status(ok),parsed_sem(20))
2026-04-18T05:45:22 | parse_session | parse_case(semantic('1X+20'(9)),gen_status(ok),gen_tokens([twenty]),repaired_tokens([twenty]),parser_tokens([twenty]),repair_status(repair_disabled),parse_status(ok),parsed_sem(20))
2026-04-18T05:45:22 | parse_session | parse_case(semantic('1X+30'(1)),gen_status(ok),gen_tokens([thirty,one]),repaired_tokens([thirty,one]),parser_tokens([thirty_,one]),repair_status(repair_disabled),parse_status(ok),parsed_sem('1X+30'(1)))
2026-04-18T05:45:22 | parse_session | parse_case(semantic('1X+30'(2)),gen_status(ok),gen_tokens([thirty,two]),repaired_tokens([thirty,two]),parser_tokens([thirty_,two]),repair_status(repair_disabled),parse_status(ok),parsed_sem('1X+30'(2)))
2026-04-18T05:45:22 | parse_session | parse_case(semantic('1X+30'(3)),gen_status(ok),gen_tokens([thirty,three]),repaired_tokens([thirty,three]),parser_tokens([thirty_,three]),repair_status(repair_disabled),parse_status(ok),parsed_sem('1X+30'(3)))
2026-04-18T05:45:22 | parse_session | parse_case(semantic('1X+30'(4)),gen_status(ok),gen_tokens([thirty]),repaired_tokens([thirty]),parser_tokens([thirty]),repair_status(repair_disabled),parse_status(ok),parsed_sem(30))
2026-04-18T05:45:22 | parse_session | parse_case(semantic('1X+30'(5)),gen_status(ok),gen_tokens([thirty,five]),repaired_tokens([thirty,five]),parser_tokens([thirty_,five]),repair_status(repair_disabled),parse_status(ok),parsed_sem('1X+30'(5)))
2026-04-18T05:45:22 | parse_session | parse_case(semantic('1X+30'(6)),gen_status(ok),gen_tokens([thirty]),repaired_tokens([thirty]),parser_tokens([thirty]),repair_status(repair_disabled),parse_status(ok),parsed_sem(30))
2026-04-18T05:45:22 | parse_session | parse_case(semantic('1X+30'(7)),gen_status(ok),gen_tokens([thirty]),repaired_tokens([thirty]),parser_tokens([thirty]),repair_status(repair_disabled),parse_status(ok),parsed_sem(30))
2026-04-18T05:45:22 | parse_session | parse_case(semantic('1X+30'(8)),gen_status(ok),gen_tokens([thirty]),repaired_tokens([thirty]),parser_tokens([thirty]),repair_status(repair_disabled),parse_status(ok),parsed_sem(30))
2026-04-18T05:45:22 | parse_session | parse_case(semantic('1X+30'(9)),gen_status(ok),gen_tokens([thirty]),repaired_tokens([thirty]),parser_tokens([thirty]),repair_status(repair_disabled),parse_status(ok),parsed_sem(30))
2026-04-18T05:45:22 | parse_session | parse_case(semantic('1X+50'(1)),gen_status(ok),gen_tokens([fifty,one]),repaired_tokens([fifty,one]),parser_tokens([fifty_,one]),repair_status(repair_disabled),parse_status(ok),parsed_sem('1X+50'(1)))
2026-04-18T05:45:22 | parse_session | parse_case(semantic('1X+50'(2)),gen_status(ok),gen_tokens([fifty,two]),repaired_tokens([fifty,two]),parser_tokens([fifty_,two]),repair_status(repair_disabled),parse_status(ok),parsed_sem('1X+50'(2)))
2026-04-18T05:45:22 | parse_session | parse_case(semantic('1X+50'(3)),gen_status(ok),gen_tokens([fifty,three]),repaired_tokens([fifty,three]),parser_tokens([fifty_,three]),repair_status(repair_disabled),parse_status(ok),parsed_sem('1X+50'(3)))
2026-04-18T05:45:22 | parse_session | parse_case(semantic('1X+50'(4)),gen_status(ok),gen_tokens([fifty]),repaired_tokens([fifty]),parser_tokens([fifty]),repair_status(repair_disabled),parse_status(ok),parsed_sem(50))
2026-04-18T05:45:22 | parse_session | parse_case(semantic('1X+50'(5)),gen_status(ok),gen_tokens([fifty,five]),repaired_tokens([fifty,five]),parser_tokens([fifty_,five]),repair_status(repair_disabled),parse_status(ok),parsed_sem('1X+50'(5)))
2026-04-18T05:45:22 | parse_session | parse_case(semantic('1X+50'(6)),gen_status(ok),gen_tokens([fifty]),repaired_tokens([fifty]),parser_tokens([fifty]),repair_status(repair_disabled),parse_status(ok),parsed_sem(50))
2026-04-18T05:45:22 | parse_session | parse_case(semantic('1X+50'(7)),gen_status(ok),gen_tokens([fifty]),repaired_tokens([fifty]),parser_tokens([fifty]),repair_status(repair_disabled),parse_status(ok),parsed_sem(50))
2026-04-18T05:45:22 | parse_session | parse_case(semantic('1X+50'(8)),gen_status(ok),gen_tokens([fifty]),repaired_tokens([fifty]),parser_tokens([fifty]),repair_status(repair_disabled),parse_status(ok),parsed_sem(50))
2026-04-18T05:45:22 | parse_session | parse_case(semantic('1X+50'(9)),gen_status(ok),gen_tokens([fifty]),repaired_tokens([fifty]),parser_tokens([fifty]),repair_status(repair_disabled),parse_status(ok),parsed_sem(50))
2026-04-18T05:45:22 | parse_session | parse_case(semantic('1X+40'(4)),gen_status(gen_empty_yield),gen_tokens([]),repaired_tokens([]),parser_tokens([]),repair_status(repair_disabled),parse_status(parse_skipped_empty_tokens),parsed_sem(none))
2026-04-18T05:45:22 | parse_session | parse_case(semantic('1X+60'(4)),gen_status(gen_empty_yield),gen_tokens([]),repaired_tokens([]),parser_tokens([]),repair_status(repair_disabled),parse_status(parse_skipped_empty_tokens),parsed_sem(none))
2026-04-18T05:45:22 | parse_session | parse_case(semantic('1X+70'(4)),gen_status(gen_empty_yield),gen_tokens([]),repaired_tokens([]),parser_tokens([]),repair_status(repair_disabled),parse_status(parse_skipped_empty_tokens),parsed_sem(none))
2026-04-18T05:45:22 | parse_session | parse_case(semantic('1X+80'(4)),gen_status(gen_empty_yield),gen_tokens([]),repaired_tokens([]),parser_tokens([]),repair_status(repair_disabled),parse_status(parse_skipped_empty_tokens),parsed_sem(none))
2026-04-18T05:45:22 | parse_session | parse_case(semantic('1X+90'(4)),gen_status(gen_empty_yield),gen_tokens([]),repaired_tokens([]),parser_tokens([]),repair_status(repair_disabled),parse_status(parse_skipped_empty_tokens),parsed_sem(none))
2026-04-18T05:45:22 | system | parse_run_end
2026-04-19T03:34:22 | system | reverse_parse_run_start
2026-04-19T03:34:22 | configuration | reverse_parse_run(profile_name(english_numbers_profile),parser_name('MG LC Parser'),parser_load_file('../../MG-LC-Parser-with-Semantic-main/load.pl'),parser_semantics_file('../../MG-LC-Parser-with-Semantic-main/sem_from_tree.pl'),parser_lexicon_name('English_trans_pruned'),parser_lexicon_file('../../MG-LC-Parser-with-Semantic-main/grammars/English_trans_pruned.pl'),token_cases_file('../cases/token_cases.pl'),reverse_parse_out_file('../generated/reverse_parse_out.pl'),repair_enabled(false),smoothing_enabled(false),smoothing_style(none))
2026-04-19T03:34:22 | reverse_parse_session | reverse_parse_case(tokens([one]),parse_status(ok),parsed_sem(1),parse_tree([li([one],[cfin])]))
2026-04-19T03:34:22 | reverse_parse_session | reverse_parse_case(tokens([two]),parse_status(ok),parsed_sem(2),parse_tree([li([two],[cfin])]))
2026-04-19T03:34:22 | reverse_parse_session | reverse_parse_case(tokens([three]),parse_status(ok),parsed_sem(3),parse_tree([li([three],[cfin])]))
2026-04-19T03:34:22 | reverse_parse_session | reverse_parse_case(tokens([four]),parse_status(ok),parsed_sem(4),parse_tree([li([four],[cfin])]))
2026-04-19T03:34:22 | reverse_parse_session | reverse_parse_case(tokens([five]),parse_status(ok),parsed_sem(5),parse_tree([li([five],[cfin])]))
2026-04-19T03:34:22 | reverse_parse_session | reverse_parse_case(tokens([six]),parse_status(ok),parsed_sem(6),parse_tree([li([six],[cfin])]))
2026-04-19T03:34:22 | reverse_parse_session | reverse_parse_case(tokens([seven]),parse_status(ok),parsed_sem(7),parse_tree([li([seven],[cfin])]))
2026-04-19T03:34:22 | reverse_parse_session | reverse_parse_case(tokens([eight]),parse_status(ok),parsed_sem(8),parse_tree([li([eight],[cfin])]))
2026-04-19T03:34:22 | reverse_parse_session | reverse_parse_case(tokens([nine]),parse_status(ok),parsed_sem(9),parse_tree([li([nine],[cfin])]))
2026-04-19T03:34:22 | reverse_parse_session | reverse_parse_case(tokens([ten]),parse_status(ok),parsed_sem(10),parse_tree([li([ten],[cfin])]))
2026-04-19T03:34:22 | reverse_parse_session | reverse_parse_case(tokens([eleven]),parse_status(ok),parsed_sem(11),parse_tree([li([eleven],[cfin])]))
2026-04-19T03:34:22 | reverse_parse_session | reverse_parse_case(tokens([twelve]),parse_status(ok),parsed_sem(12),parse_tree([li([twelve],[cfin])]))
2026-04-19T03:34:22 | reverse_parse_session | reverse_parse_case(tokens([thirteen]),parse_status(ok),parsed_sem(13),parse_tree([li([thirteen],[cfin])]))
2026-04-19T03:34:22 | reverse_parse_session | reverse_parse_case(tokens([fifteen]),parse_status(ok),parsed_sem(15),parse_tree([li([fifteen],[cfin])]))
2026-04-19T03:34:22 | reverse_parse_session | reverse_parse_case(tokens([four,teen]),parse_status(ok),parsed_sem('1X+10'(4)),parse_tree([tree(_106244,empty,tree(_105886,li([teen],[=c1,+a,cfin]),li([four],[c1,-a])))]))
2026-04-19T03:34:22 | reverse_parse_session | reverse_parse_case(tokens([eight,een]),parse_status(ok),parsed_sem('0X+18'(8)),parse_tree([tree(_106244,empty,tree(_105886,li([een],[=c1,+b,cfin]),li([eight],[c1,-b])))]))
2026-04-19T03:34:22 | reverse_parse_session | reverse_parse_case(tokens([twenty]),parse_status(ok),parsed_sem(20),parse_tree([li([twenty],[cfin])]))
2026-04-19T03:34:22 | reverse_parse_session | reverse_parse_case(tokens([thirty]),parse_status(ok),parsed_sem(30),parse_tree([li([thirty],[cfin])]))
2026-04-19T03:34:22 | reverse_parse_session | reverse_parse_case(tokens([fifty]),parse_status(ok),parsed_sem(50),parse_tree([li([fifty],[cfin])]))
2026-04-19T03:34:22 | reverse_parse_session | reverse_parse_case(tokens([twenty_,one]),parse_status(ok),parsed_sem('1X+20'(1)),parse_tree([tree(_105818,li([twenty_],[=c1,cfin]),li([one],[c1]))]))
2026-04-19T03:34:22 | reverse_parse_session | reverse_parse_case(tokens([twenty_,two]),parse_status(ok),parsed_sem('1X+20'(2)),parse_tree([tree(_105818,li([twenty_],[=c1,cfin]),li([two],[c1]))]))
2026-04-19T03:34:22 | reverse_parse_session | reverse_parse_case(tokens([twenty_,three]),parse_status(ok),parsed_sem('1X+20'(3)),parse_tree([tree(_105818,li([twenty_],[=c1,cfin]),li([three],[c1]))]))
2026-04-19T03:34:22 | reverse_parse_session | reverse_parse_case(tokens([twenty_,four]),parse_status(ok),parsed_sem('1X+20'(4)),parse_tree([tree(_105818,li([twenty_],[=c1,cfin]),li([four],[c1]))]))
2026-04-19T03:34:22 | reverse_parse_session | reverse_parse_case(tokens([twenty_,five]),parse_status(ok),parsed_sem('1X+20'(5)),parse_tree([tree(_105818,li([twenty_],[=c1,cfin]),li([five],[c1]))]))
2026-04-19T03:34:22 | reverse_parse_session | reverse_parse_case(tokens([twenty_,six]),parse_status(ok),parsed_sem('1X+20'(6)),parse_tree([tree(_105818,li([twenty_],[=c1,cfin]),li([six],[c1]))]))
2026-04-19T03:34:22 | reverse_parse_session | reverse_parse_case(tokens([twenty_,seven]),parse_status(ok),parsed_sem('1X+20'(7)),parse_tree([tree(_105818,li([twenty_],[=c1,cfin]),li([seven],[c1]))]))
2026-04-19T03:34:22 | reverse_parse_session | reverse_parse_case(tokens([twenty_,eight]),parse_status(ok),parsed_sem('1X+20'(8)),parse_tree([tree(_105818,li([twenty_],[=c1,cfin]),li([eight],[c1]))]))
2026-04-19T03:34:22 | reverse_parse_session | reverse_parse_case(tokens([twenty_,nine]),parse_status(ok),parsed_sem('1X+20'(9)),parse_tree([tree(_105818,li([twenty_],[=c1,cfin]),li([nine],[c1]))]))
2026-04-19T03:34:22 | reverse_parse_session | reverse_parse_case(tokens([thirty_,one]),parse_status(ok),parsed_sem('1X+30'(1)),parse_tree([tree(_105818,li([thirty_],[=c1,cfin]),li([one],[c1]))]))
2026-04-19T03:34:22 | reverse_parse_session | reverse_parse_case(tokens([thirty_,two]),parse_status(ok),parsed_sem('1X+30'(2)),parse_tree([tree(_105818,li([thirty_],[=c1,cfin]),li([two],[c1]))]))
2026-04-19T03:34:22 | reverse_parse_session | reverse_parse_case(tokens([thirty_,three]),parse_status(ok),parsed_sem('1X+30'(3)),parse_tree([tree(_105818,li([thirty_],[=c1,cfin]),li([three],[c1]))]))
2026-04-19T03:34:22 | reverse_parse_session | reverse_parse_case(tokens([thirty_,four]),parse_status(ok),parsed_sem('1X+30'(4)),parse_tree([tree(_105818,li([thirty_],[=c1,cfin]),li([four],[c1]))]))
2026-04-19T03:34:22 | reverse_parse_session | reverse_parse_case(tokens([thirty_,five]),parse_status(ok),parsed_sem('1X+30'(5)),parse_tree([tree(_105818,li([thirty_],[=c1,cfin]),li([five],[c1]))]))
2026-04-19T03:34:22 | reverse_parse_session | reverse_parse_case(tokens([thirty_,six]),parse_status(ok),parsed_sem('1X+30'(6)),parse_tree([tree(_105818,li([thirty_],[=c1,cfin]),li([six],[c1]))]))
2026-04-19T03:34:22 | reverse_parse_session | reverse_parse_case(tokens([thirty_,seven]),parse_status(ok),parsed_sem('1X+30'(7)),parse_tree([tree(_105818,li([thirty_],[=c1,cfin]),li([seven],[c1]))]))
2026-04-19T03:34:22 | reverse_parse_session | reverse_parse_case(tokens([thirty_,eight]),parse_status(ok),parsed_sem('1X+30'(8)),parse_tree([tree(_105818,li([thirty_],[=c1,cfin]),li([eight],[c1]))]))
2026-04-19T03:34:22 | reverse_parse_session | reverse_parse_case(tokens([thirty_,nine]),parse_status(ok),parsed_sem('1X+30'(9)),parse_tree([tree(_105818,li([thirty_],[=c1,cfin]),li([nine],[c1]))]))
2026-04-19T03:34:22 | reverse_parse_session | reverse_parse_case(tokens([fifty_,one]),parse_status(ok),parsed_sem('1X+50'(1)),parse_tree([tree(_105818,li([fifty_],[=c1,cfin]),li([one],[c1]))]))
2026-04-19T03:34:22 | reverse_parse_session | reverse_parse_case(tokens([fifty_,two]),parse_status(ok),parsed_sem('1X+50'(2)),parse_tree([tree(_105818,li([fifty_],[=c1,cfin]),li([two],[c1]))]))
2026-04-19T03:34:22 | reverse_parse_session | reverse_parse_case(tokens([fifty_,three]),parse_status(ok),parsed_sem('1X+50'(3)),parse_tree([tree(_105818,li([fifty_],[=c1,cfin]),li([three],[c1]))]))
2026-04-19T03:34:22 | reverse_parse_session | reverse_parse_case(tokens([fifty_,four]),parse_status(ok),parsed_sem('1X+50'(4)),parse_tree([tree(_105818,li([fifty_],[=c1,cfin]),li([four],[c1]))]))
2026-04-19T03:34:22 | reverse_parse_session | reverse_parse_case(tokens([fifty_,five]),parse_status(ok),parsed_sem('1X+50'(5)),parse_tree([tree(_105818,li([fifty_],[=c1,cfin]),li([five],[c1]))]))
2026-04-19T03:34:22 | reverse_parse_session | reverse_parse_case(tokens([fifty_,six]),parse_status(ok),parsed_sem('1X+50'(6)),parse_tree([tree(_105818,li([fifty_],[=c1,cfin]),li([six],[c1]))]))
2026-04-19T03:34:22 | reverse_parse_session | reverse_parse_case(tokens([fifty_,seven]),parse_status(ok),parsed_sem('1X+50'(7)),parse_tree([tree(_105818,li([fifty_],[=c1,cfin]),li([seven],[c1]))]))
2026-04-19T03:34:22 | reverse_parse_session | reverse_parse_case(tokens([fifty_,eight]),parse_status(ok),parsed_sem('1X+50'(8)),parse_tree([tree(_105818,li([fifty_],[=c1,cfin]),li([eight],[c1]))]))
2026-04-19T03:34:22 | reverse_parse_session | reverse_parse_case(tokens([fifty_,nine]),parse_status(ok),parsed_sem('1X+50'(9)),parse_tree([tree(_105818,li([fifty_],[=c1,cfin]),li([nine],[c1]))]))
2026-04-19T03:34:22 | reverse_parse_session | reverse_parse_case(tokens([six,teen]),parse_status(parse_fail),parsed_sem(none),parse_tree(none))
2026-04-19T03:34:22 | reverse_parse_session | reverse_parse_case(tokens([seven,teen]),parse_status(parse_fail),parsed_sem(none),parse_tree(none))
2026-04-19T03:34:22 | reverse_parse_session | reverse_parse_case(tokens([nine,teen]),parse_status(parse_fail),parsed_sem(none),parse_tree(none))
2026-04-19T03:34:22 | reverse_parse_session | reverse_parse_case(tokens([teen]),parse_status(parse_fail),parsed_sem(none),parse_tree(none))
2026-04-19T03:34:22 | reverse_parse_session | reverse_parse_case(tokens([forty_,four]),parse_status(ok),parsed_sem('1X+40'(4)),parse_tree([tree(_105818,li([forty_],[=c1,cfin]),li([four],[c1]))]))
2026-04-19T03:34:22 | reverse_parse_session | reverse_parse_case(tokens([sixty_,four]),parse_status(parse_fail),parsed_sem(none),parse_tree(none))
2026-04-19T03:34:22 | system | reverse_parse_run_end
2026-04-19T03:34:23 | system | reverse_gen_run_start
2026-04-19T03:34:23 | configuration | reverse_gen_run(profile_name(english_numbers_profile),generator_name('MG Generator'),generator_main_file('../../SemanticGenerator/MG-Generator/main.pl'),generator_lexicon_name(numbers_Gen),generator_lexicon_file('../../SemanticGenerator/MG-Generator/grammars/numbers_Gen.pl'),reverse_parse_out_file('../generated/reverse_parse_out.pl'),reverse_out_file('../generated/reverse_out.pl'),repair_enabled(false),smoothing_enabled(false),smoothing_style(none))
2026-04-19T03:34:23 | reverse_gen_session | reverse_case(input_tokens([one]),parse_status(ok),parsed_sem(1),gen_status(ok),raw_gen_tokens([one]),normalized_gen_tokens([one]),sentence(one))
2026-04-19T03:34:23 | reverse_gen_session | reverse_case(input_tokens([two]),parse_status(ok),parsed_sem(2),gen_status(ok),raw_gen_tokens([two]),normalized_gen_tokens([two]),sentence(two))
2026-04-19T03:34:23 | reverse_gen_session | reverse_case(input_tokens([three]),parse_status(ok),parsed_sem(3),gen_status(ok),raw_gen_tokens([three]),normalized_gen_tokens([three]),sentence(three))
2026-04-19T03:34:23 | reverse_gen_session | reverse_case(input_tokens([four]),parse_status(ok),parsed_sem(4),gen_status(ok),raw_gen_tokens([four]),normalized_gen_tokens([four]),sentence(four))
2026-04-19T03:34:23 | reverse_gen_session | reverse_case(input_tokens([five]),parse_status(ok),parsed_sem(5),gen_status(ok),raw_gen_tokens([five]),normalized_gen_tokens([five]),sentence(five))
2026-04-19T03:34:23 | reverse_gen_session | reverse_case(input_tokens([six]),parse_status(ok),parsed_sem(6),gen_status(ok),raw_gen_tokens([six]),normalized_gen_tokens([six]),sentence(six))
2026-04-19T03:34:23 | reverse_gen_session | reverse_case(input_tokens([seven]),parse_status(ok),parsed_sem(7),gen_status(ok),raw_gen_tokens([seven]),normalized_gen_tokens([seven]),sentence(seven))
2026-04-19T03:34:23 | reverse_gen_session | reverse_case(input_tokens([eight]),parse_status(ok),parsed_sem(8),gen_status(ok),raw_gen_tokens([eight]),normalized_gen_tokens([eight]),sentence(eight))
2026-04-19T03:34:23 | reverse_gen_session | reverse_case(input_tokens([nine]),parse_status(ok),parsed_sem(9),gen_status(ok),raw_gen_tokens([nine]),normalized_gen_tokens([nine]),sentence(nine))
2026-04-19T03:34:23 | reverse_gen_session | reverse_case(input_tokens([ten]),parse_status(ok),parsed_sem(10),gen_status(ok),raw_gen_tokens([ten]),normalized_gen_tokens([ten]),sentence(ten))
2026-04-19T03:34:23 | reverse_gen_session | reverse_case(input_tokens([eleven]),parse_status(ok),parsed_sem(11),gen_status(ok),raw_gen_tokens([eleven]),normalized_gen_tokens([eleven]),sentence(eleven))
2026-04-19T03:34:23 | reverse_gen_session | reverse_case(input_tokens([twelve]),parse_status(ok),parsed_sem(12),gen_status(ok),raw_gen_tokens([twelve]),normalized_gen_tokens([twelve]),sentence(twelve))
2026-04-19T03:34:23 | reverse_gen_session | reverse_case(input_tokens([thirteen]),parse_status(ok),parsed_sem(13),gen_status(ok),raw_gen_tokens([thirteen]),normalized_gen_tokens([thirteen]),sentence(thirteen))
2026-04-19T03:34:23 | reverse_gen_session | reverse_case(input_tokens([fifteen]),parse_status(ok),parsed_sem(15),gen_status(ok),raw_gen_tokens([fifteen]),normalized_gen_tokens([fifteen]),sentence(fifteen))
2026-04-19T03:34:23 | reverse_gen_session | reverse_case(input_tokens([four,teen]),parse_status(ok),parsed_sem('1X+10'(4)),gen_status(ok),raw_gen_tokens([four,teen]),normalized_gen_tokens([four,teen]),sentence(fourteen))
2026-04-19T03:34:23 | reverse_gen_session | reverse_case(input_tokens([eight,een]),parse_status(ok),parsed_sem('0X+18'(8)),gen_status(ok),raw_gen_tokens([eight,een]),normalized_gen_tokens([eight,een]),sentence(eighteen))
2026-04-19T03:34:23 | reverse_gen_session | reverse_case(input_tokens([twenty]),parse_status(ok),parsed_sem(20),gen_status(ok),raw_gen_tokens([twenty]),normalized_gen_tokens([twenty]),sentence(twenty))
2026-04-19T03:34:23 | reverse_gen_session | reverse_case(input_tokens([thirty]),parse_status(ok),parsed_sem(30),gen_status(ok),raw_gen_tokens([thirty]),normalized_gen_tokens([thirty]),sentence(thirty))
2026-04-19T03:34:23 | reverse_gen_session | reverse_case(input_tokens([fifty]),parse_status(ok),parsed_sem(50),gen_status(ok),raw_gen_tokens([fifty]),normalized_gen_tokens([fifty]),sentence(fifty))
2026-04-19T03:34:23 | reverse_gen_session | reverse_case(input_tokens([twenty_,one]),parse_status(ok),parsed_sem('1X+20'(1)),gen_status(ok),raw_gen_tokens([twenty,one]),normalized_gen_tokens([twenty_,one]),sentence(twentyone))
2026-04-19T03:34:23 | reverse_gen_session | reverse_case(input_tokens([twenty_,two]),parse_status(ok),parsed_sem('1X+20'(2)),gen_status(ok),raw_gen_tokens([twenty,two]),normalized_gen_tokens([twenty_,two]),sentence(twentytwo))
2026-04-19T03:34:23 | reverse_gen_session | reverse_case(input_tokens([twenty_,three]),parse_status(ok),parsed_sem('1X+20'(3)),gen_status(ok),raw_gen_tokens([twenty,three]),normalized_gen_tokens([twenty_,three]),sentence(twentythree))
2026-04-19T03:34:23 | reverse_gen_session | reverse_case(input_tokens([twenty_,four]),parse_status(ok),parsed_sem('1X+20'(4)),gen_status(ok),raw_gen_tokens([twenty]),normalized_gen_tokens([twenty]),sentence(twenty))
2026-04-19T03:34:23 | reverse_gen_session | reverse_case(input_tokens([twenty_,five]),parse_status(ok),parsed_sem('1X+20'(5)),gen_status(ok),raw_gen_tokens([twenty,five]),normalized_gen_tokens([twenty_,five]),sentence(twentyfive))
2026-04-19T03:34:23 | reverse_gen_session | reverse_case(input_tokens([twenty_,six]),parse_status(ok),parsed_sem('1X+20'(6)),gen_status(ok),raw_gen_tokens([twenty]),normalized_gen_tokens([twenty]),sentence(twenty))
2026-04-19T03:34:23 | reverse_gen_session | reverse_case(input_tokens([twenty_,seven]),parse_status(ok),parsed_sem('1X+20'(7)),gen_status(ok),raw_gen_tokens([twenty]),normalized_gen_tokens([twenty]),sentence(twenty))
2026-04-19T03:34:23 | reverse_gen_session | reverse_case(input_tokens([twenty_,eight]),parse_status(ok),parsed_sem('1X+20'(8)),gen_status(ok),raw_gen_tokens([twenty]),normalized_gen_tokens([twenty]),sentence(twenty))
2026-04-19T03:34:23 | reverse_gen_session | reverse_case(input_tokens([twenty_,nine]),parse_status(ok),parsed_sem('1X+20'(9)),gen_status(ok),raw_gen_tokens([twenty]),normalized_gen_tokens([twenty]),sentence(twenty))
2026-04-19T03:34:23 | reverse_gen_session | reverse_case(input_tokens([thirty_,one]),parse_status(ok),parsed_sem('1X+30'(1)),gen_status(ok),raw_gen_tokens([thirty,one]),normalized_gen_tokens([thirty_,one]),sentence(thirtyone))
2026-04-19T03:34:23 | reverse_gen_session | reverse_case(input_tokens([thirty_,two]),parse_status(ok),parsed_sem('1X+30'(2)),gen_status(ok),raw_gen_tokens([thirty,two]),normalized_gen_tokens([thirty_,two]),sentence(thirtytwo))
2026-04-19T03:34:23 | reverse_gen_session | reverse_case(input_tokens([thirty_,three]),parse_status(ok),parsed_sem('1X+30'(3)),gen_status(ok),raw_gen_tokens([thirty,three]),normalized_gen_tokens([thirty_,three]),sentence(thirtythree))
2026-04-19T03:34:23 | reverse_gen_session | reverse_case(input_tokens([thirty_,four]),parse_status(ok),parsed_sem('1X+30'(4)),gen_status(ok),raw_gen_tokens([thirty]),normalized_gen_tokens([thirty]),sentence(thirty))
2026-04-19T03:34:23 | reverse_gen_session | reverse_case(input_tokens([thirty_,five]),parse_status(ok),parsed_sem('1X+30'(5)),gen_status(ok),raw_gen_tokens([thirty,five]),normalized_gen_tokens([thirty_,five]),sentence(thirtyfive))
2026-04-19T03:34:23 | reverse_gen_session | reverse_case(input_tokens([thirty_,six]),parse_status(ok),parsed_sem('1X+30'(6)),gen_status(ok),raw_gen_tokens([thirty]),normalized_gen_tokens([thirty]),sentence(thirty))
2026-04-19T03:34:23 | reverse_gen_session | reverse_case(input_tokens([thirty_,seven]),parse_status(ok),parsed_sem('1X+30'(7)),gen_status(ok),raw_gen_tokens([thirty]),normalized_gen_tokens([thirty]),sentence(thirty))
2026-04-19T03:34:23 | reverse_gen_session | reverse_case(input_tokens([thirty_,eight]),parse_status(ok),parsed_sem('1X+30'(8)),gen_status(ok),raw_gen_tokens([thirty]),normalized_gen_tokens([thirty]),sentence(thirty))
2026-04-19T03:34:23 | reverse_gen_session | reverse_case(input_tokens([thirty_,nine]),parse_status(ok),parsed_sem('1X+30'(9)),gen_status(ok),raw_gen_tokens([thirty]),normalized_gen_tokens([thirty]),sentence(thirty))
2026-04-19T03:34:23 | reverse_gen_session | reverse_case(input_tokens([fifty_,one]),parse_status(ok),parsed_sem('1X+50'(1)),gen_status(ok),raw_gen_tokens([fifty,one]),normalized_gen_tokens([fifty_,one]),sentence(fiftyone))
2026-04-19T03:34:23 | reverse_gen_session | reverse_case(input_tokens([fifty_,two]),parse_status(ok),parsed_sem('1X+50'(2)),gen_status(ok),raw_gen_tokens([fifty,two]),normalized_gen_tokens([fifty_,two]),sentence(fiftytwo))
2026-04-19T03:34:23 | reverse_gen_session | reverse_case(input_tokens([fifty_,three]),parse_status(ok),parsed_sem('1X+50'(3)),gen_status(ok),raw_gen_tokens([fifty,three]),normalized_gen_tokens([fifty_,three]),sentence(fiftythree))
2026-04-19T03:34:23 | reverse_gen_session | reverse_case(input_tokens([fifty_,four]),parse_status(ok),parsed_sem('1X+50'(4)),gen_status(ok),raw_gen_tokens([fifty]),normalized_gen_tokens([fifty]),sentence(fifty))
2026-04-19T03:34:23 | reverse_gen_session | reverse_case(input_tokens([fifty_,five]),parse_status(ok),parsed_sem('1X+50'(5)),gen_status(ok),raw_gen_tokens([fifty,five]),normalized_gen_tokens([fifty_,five]),sentence(fiftyfive))
2026-04-19T03:34:23 | reverse_gen_session | reverse_case(input_tokens([fifty_,six]),parse_status(ok),parsed_sem('1X+50'(6)),gen_status(ok),raw_gen_tokens([fifty]),normalized_gen_tokens([fifty]),sentence(fifty))
2026-04-19T03:34:23 | reverse_gen_session | reverse_case(input_tokens([fifty_,seven]),parse_status(ok),parsed_sem('1X+50'(7)),gen_status(ok),raw_gen_tokens([fifty]),normalized_gen_tokens([fifty]),sentence(fifty))
2026-04-19T03:34:23 | reverse_gen_session | reverse_case(input_tokens([fifty_,eight]),parse_status(ok),parsed_sem('1X+50'(8)),gen_status(ok),raw_gen_tokens([fifty]),normalized_gen_tokens([fifty]),sentence(fifty))
2026-04-19T03:34:23 | reverse_gen_session | reverse_case(input_tokens([fifty_,nine]),parse_status(ok),parsed_sem('1X+50'(9)),gen_status(ok),raw_gen_tokens([fifty]),normalized_gen_tokens([fifty]),sentence(fifty))
2026-04-19T03:34:23 | reverse_gen_session | reverse_case(input_tokens([six,teen]),parse_status(parse_fail),parsed_sem(none),gen_status(generation_not_attempted),raw_gen_tokens([]),normalized_gen_tokens([]),sentence(''))
2026-04-19T03:34:23 | reverse_gen_session | reverse_case(input_tokens([seven,teen]),parse_status(parse_fail),parsed_sem(none),gen_status(generation_not_attempted),raw_gen_tokens([]),normalized_gen_tokens([]),sentence(''))
2026-04-19T03:34:23 | reverse_gen_session | reverse_case(input_tokens([nine,teen]),parse_status(parse_fail),parsed_sem(none),gen_status(generation_not_attempted),raw_gen_tokens([]),normalized_gen_tokens([]),sentence(''))
2026-04-19T03:34:23 | reverse_gen_session | reverse_case(input_tokens([teen]),parse_status(parse_fail),parsed_sem(none),gen_status(generation_not_attempted),raw_gen_tokens([]),normalized_gen_tokens([]),sentence(''))
2026-04-19T03:34:23 | reverse_gen_session | reverse_case(input_tokens([forty_,four]),parse_status(ok),parsed_sem('1X+40'(4)),gen_status(gen_empty_yield),raw_gen_tokens([]),normalized_gen_tokens([]),sentence(''))
2026-04-19T03:34:23 | reverse_gen_session | reverse_case(input_tokens([sixty_,four]),parse_status(parse_fail),parsed_sem(none),gen_status(generation_not_attempted),raw_gen_tokens([]),normalized_gen_tokens([]),sentence(''))
2026-04-19T03:34:23 | system | reverse_gen_run_end
2026-05-20T19:41:55 | system | gen_run_start
2026-05-20T19:41:55 | configuration | gen_run(profile_name(english_numbers_profile),generator_name('MG Generator'),generator_main_file('../../SemanticGenerator/MG-Generator/main.pl'),generator_lexicon_name(numbers_Gen),generator_lexicon_file('../../SemanticGenerator/MG-Generator/grammars/numbers_Gen.pl'),semantic_cases_file('../cases/test_cases.pl'),gen_out_file('../generated/gen_out.pl'),forward_gen_tree_report_file('../generated/forward_gen_tree_report.txt'),repair_enabled(false),smoothing_enabled(false),smoothing_style(none))
2026-05-20T19:41:56 | gen_session | gen_case(semantic(1),status(ok),tokens([one]),sentence(one))
2026-05-20T19:41:56 | gen_session | gen_case(semantic(2),status(ok),tokens([two]),sentence(two))
2026-05-20T19:41:56 | gen_session | gen_case(semantic(3),status(ok),tokens([three]),sentence(three))
2026-05-20T19:41:56 | gen_session | gen_case(semantic(4),status(ok),tokens([four]),sentence(four))
2026-05-20T19:41:56 | gen_session | gen_case(semantic(5),status(ok),tokens([five]),sentence(five))
2026-05-20T19:41:56 | gen_session | gen_case(semantic(6),status(ok),tokens([six]),sentence(six))
2026-05-20T19:41:56 | gen_session | gen_case(semantic(7),status(ok),tokens([seven]),sentence(seven))
2026-05-20T19:41:56 | gen_session | gen_case(semantic(8),status(ok),tokens([eight]),sentence(eight))
2026-05-20T19:41:56 | gen_session | gen_case(semantic(9),status(ok),tokens([nine]),sentence(nine))
2026-05-20T19:41:56 | gen_session | gen_case(semantic(10),status(ok),tokens([ten]),sentence(ten))
2026-05-20T19:41:56 | gen_session | gen_case(semantic(11),status(ok),tokens([eleven]),sentence(eleven))
2026-05-20T19:41:56 | gen_session | gen_case(semantic(12),status(ok),tokens([twelve]),sentence(twelve))
2026-05-20T19:41:56 | gen_session | gen_case(semantic(13),status(ok),tokens([thirteen]),sentence(thirteen))
2026-05-20T19:41:56 | gen_session | gen_case(semantic(15),status(ok),tokens([fifteen]),sentence(fifteen))
2026-05-20T19:41:56 | gen_session | gen_case(semantic(18),status(gen_empty_yield),tokens([]),sentence(''))
2026-05-20T19:41:56 | gen_session | gen_case(semantic(20),status(ok),tokens([twenty]),sentence(twenty))
2026-05-20T19:41:56 | gen_session | gen_case(semantic(30),status(ok),tokens([thirty]),sentence(thirty))
2026-05-20T19:41:56 | gen_session | gen_case(semantic(50),status(ok),tokens([fifty]),sentence(fifty))
2026-05-20T19:41:56 | gen_session | gen_case(semantic('1X+10'(4)),status(ok),tokens([four,teen]),sentence(fourteen))
2026-05-20T19:41:56 | gen_session | gen_case(semantic('1X+10'(6)),status(ok),tokens([six,teen]),sentence(sixteen))
2026-05-20T19:41:56 | gen_session | gen_case(semantic('1X+10'(7)),status(ok),tokens([seven,teen]),sentence(seventeen))
2026-05-20T19:41:56 | gen_session | gen_case(semantic('0X+18'(8)),status(ok),tokens([eight,een]),sentence(eighteen))
2026-05-20T19:41:56 | gen_session | gen_case(semantic('1X+10'(9)),status(ok),tokens([nine,teen]),sentence(nineteen))
2026-05-20T19:41:56 | gen_session | gen_case(semantic('1X+20'(1)),status(ok),tokens([twenty,one]),sentence(twentyone))
2026-05-20T19:41:56 | gen_session | gen_case(semantic('1X+20'(2)),status(ok),tokens([twenty,two]),sentence(twentytwo))
2026-05-20T19:41:56 | gen_session | gen_case(semantic('1X+20'(3)),status(ok),tokens([twenty,three]),sentence(twentythree))
2026-05-20T19:41:56 | gen_session | gen_case(semantic('1X+20'(4)),status(ok),tokens([twenty]),sentence(twenty))
2026-05-20T19:41:56 | gen_session | gen_case(semantic('1X+20'(5)),status(ok),tokens([twenty,five]),sentence(twentyfive))
2026-05-20T19:41:56 | gen_session | gen_case(semantic('1X+20'(6)),status(ok),tokens([twenty]),sentence(twenty))
2026-05-20T19:41:56 | gen_session | gen_case(semantic('1X+20'(7)),status(ok),tokens([twenty]),sentence(twenty))
2026-05-20T19:41:56 | gen_session | gen_case(semantic('1X+20'(8)),status(ok),tokens([twenty]),sentence(twenty))
2026-05-20T19:41:56 | gen_session | gen_case(semantic('1X+20'(9)),status(ok),tokens([twenty]),sentence(twenty))
2026-05-20T19:41:56 | gen_session | gen_case(semantic('1X+30'(1)),status(ok),tokens([thirty,one]),sentence(thirtyone))
2026-05-20T19:41:56 | gen_session | gen_case(semantic('1X+30'(2)),status(ok),tokens([thirty,two]),sentence(thirtytwo))
2026-05-20T19:41:56 | gen_session | gen_case(semantic('1X+30'(3)),status(ok),tokens([thirty,three]),sentence(thirtythree))
2026-05-20T19:41:56 | gen_session | gen_case(semantic('1X+30'(4)),status(ok),tokens([thirty]),sentence(thirty))
2026-05-20T19:41:56 | gen_session | gen_case(semantic('1X+30'(5)),status(ok),tokens([thirty,five]),sentence(thirtyfive))
2026-05-20T19:41:56 | gen_session | gen_case(semantic('1X+30'(6)),status(ok),tokens([thirty]),sentence(thirty))
2026-05-20T19:41:56 | gen_session | gen_case(semantic('1X+30'(7)),status(ok),tokens([thirty]),sentence(thirty))
2026-05-20T19:41:56 | gen_session | gen_case(semantic('1X+30'(8)),status(ok),tokens([thirty]),sentence(thirty))
2026-05-20T19:41:56 | gen_session | gen_case(semantic('1X+30'(9)),status(ok),tokens([thirty]),sentence(thirty))
2026-05-20T19:41:56 | gen_session | gen_case(semantic('1X+50'(1)),status(ok),tokens([fifty,one]),sentence(fiftyone))
2026-05-20T19:41:56 | gen_session | gen_case(semantic('1X+50'(2)),status(ok),tokens([fifty,two]),sentence(fiftytwo))
2026-05-20T19:41:56 | gen_session | gen_case(semantic('1X+50'(3)),status(ok),tokens([fifty,three]),sentence(fiftythree))
2026-05-20T19:41:56 | gen_session | gen_case(semantic('1X+50'(4)),status(ok),tokens([fifty]),sentence(fifty))
2026-05-20T19:41:56 | gen_session | gen_case(semantic('1X+50'(5)),status(ok),tokens([fifty,five]),sentence(fiftyfive))
2026-05-20T19:41:56 | gen_session | gen_case(semantic('1X+50'(6)),status(ok),tokens([fifty]),sentence(fifty))
2026-05-20T19:41:56 | gen_session | gen_case(semantic('1X+50'(7)),status(ok),tokens([fifty]),sentence(fifty))
2026-05-20T19:41:56 | gen_session | gen_case(semantic('1X+50'(8)),status(ok),tokens([fifty]),sentence(fifty))
2026-05-20T19:41:56 | gen_session | gen_case(semantic('1X+50'(9)),status(ok),tokens([fifty]),sentence(fifty))
2026-05-20T19:41:56 | gen_session | gen_case(semantic('1X+40'(4)),status(gen_empty_yield),tokens([]),sentence(''))
2026-05-20T19:41:56 | gen_session | gen_case(semantic('1X+60'(4)),status(gen_empty_yield),tokens([]),sentence(''))
2026-05-20T19:41:56 | gen_session | gen_case(semantic('1X+70'(4)),status(gen_empty_yield),tokens([]),sentence(''))
2026-05-20T19:41:56 | gen_session | gen_case(semantic('1X+80'(4)),status(gen_empty_yield),tokens([]),sentence(''))
2026-05-20T19:41:56 | gen_session | gen_case(semantic('1X+90'(4)),status(gen_empty_yield),tokens([]),sentence(''))
2026-05-20T19:41:56 | system | gen_run_end
2026-05-20T19:41:56 | system | parse_run_start
2026-05-20T19:41:56 | configuration | parse_run(profile_name(english_numbers_profile),parser_name('MG LC Parser'),parser_load_file('../../MG-LC-Parser-with-Semantic-main/load.pl'),parser_semantics_file('../../MG-LC-Parser-with-Semantic-main/sem_from_tree.pl'),parser_lexicon_name('English_trans_pruned'),parser_lexicon_file('../../MG-LC-Parser-with-Semantic-main/grammars/English_trans_pruned.pl'),gen_out_file('../generated/gen_out.pl'),parse_out_file('../generated/parse_out.pl'),forward_parse_tree_report_file('../generated/forward_parse_tree_report.txt'),repair_enabled(false),smoothing_enabled(false),smoothing_style(none))
2026-05-20T19:41:56 | parse_session | parse_case(semantic(1),gen_status(ok),gen_tokens([one]),repaired_tokens([one]),parser_tokens([one]),repair_status(repair_disabled),parse_status(ok),parsed_sem(1))
2026-05-20T19:41:56 | parse_session | parse_case(semantic(2),gen_status(ok),gen_tokens([two]),repaired_tokens([two]),parser_tokens([two]),repair_status(repair_disabled),parse_status(ok),parsed_sem(2))
2026-05-20T19:41:56 | parse_session | parse_case(semantic(3),gen_status(ok),gen_tokens([three]),repaired_tokens([three]),parser_tokens([three]),repair_status(repair_disabled),parse_status(ok),parsed_sem(3))
2026-05-20T19:41:56 | parse_session | parse_case(semantic(4),gen_status(ok),gen_tokens([four]),repaired_tokens([four]),parser_tokens([four]),repair_status(repair_disabled),parse_status(ok),parsed_sem(4))
2026-05-20T19:41:56 | parse_session | parse_case(semantic(5),gen_status(ok),gen_tokens([five]),repaired_tokens([five]),parser_tokens([five]),repair_status(repair_disabled),parse_status(ok),parsed_sem(5))
2026-05-20T19:41:56 | parse_session | parse_case(semantic(6),gen_status(ok),gen_tokens([six]),repaired_tokens([six]),parser_tokens([six]),repair_status(repair_disabled),parse_status(ok),parsed_sem(6))
2026-05-20T19:41:56 | parse_session | parse_case(semantic(7),gen_status(ok),gen_tokens([seven]),repaired_tokens([seven]),parser_tokens([seven]),repair_status(repair_disabled),parse_status(ok),parsed_sem(7))
2026-05-20T19:41:56 | parse_session | parse_case(semantic(8),gen_status(ok),gen_tokens([eight]),repaired_tokens([eight]),parser_tokens([eight]),repair_status(repair_disabled),parse_status(ok),parsed_sem(8))
2026-05-20T19:41:56 | parse_session | parse_case(semantic(9),gen_status(ok),gen_tokens([nine]),repaired_tokens([nine]),parser_tokens([nine]),repair_status(repair_disabled),parse_status(ok),parsed_sem(9))
2026-05-20T19:41:56 | parse_session | parse_case(semantic(10),gen_status(ok),gen_tokens([ten]),repaired_tokens([ten]),parser_tokens([ten]),repair_status(repair_disabled),parse_status(ok),parsed_sem(10))
2026-05-20T19:41:56 | parse_session | parse_case(semantic(11),gen_status(ok),gen_tokens([eleven]),repaired_tokens([eleven]),parser_tokens([eleven]),repair_status(repair_disabled),parse_status(ok),parsed_sem(11))
2026-05-20T19:41:56 | parse_session | parse_case(semantic(12),gen_status(ok),gen_tokens([twelve]),repaired_tokens([twelve]),parser_tokens([twelve]),repair_status(repair_disabled),parse_status(ok),parsed_sem(12))
2026-05-20T19:41:56 | parse_session | parse_case(semantic(13),gen_status(ok),gen_tokens([thirteen]),repaired_tokens([thirteen]),parser_tokens([thirteen]),repair_status(repair_disabled),parse_status(ok),parsed_sem(13))
2026-05-20T19:41:56 | parse_session | parse_case(semantic(15),gen_status(ok),gen_tokens([fifteen]),repaired_tokens([fifteen]),parser_tokens([fifteen]),repair_status(repair_disabled),parse_status(ok),parsed_sem(15))
2026-05-20T19:41:56 | parse_session | parse_case(semantic(18),gen_status(gen_empty_yield),gen_tokens([]),repaired_tokens([]),parser_tokens([]),repair_status(repair_disabled),parse_status(parse_skipped_empty_tokens),parsed_sem(none))
2026-05-20T19:41:56 | parse_session | parse_case(semantic(20),gen_status(ok),gen_tokens([twenty]),repaired_tokens([twenty]),parser_tokens([twenty]),repair_status(repair_disabled),parse_status(ok),parsed_sem(20))
2026-05-20T19:41:56 | parse_session | parse_case(semantic(30),gen_status(ok),gen_tokens([thirty]),repaired_tokens([thirty]),parser_tokens([thirty]),repair_status(repair_disabled),parse_status(ok),parsed_sem(30))
2026-05-20T19:41:56 | parse_session | parse_case(semantic(50),gen_status(ok),gen_tokens([fifty]),repaired_tokens([fifty]),parser_tokens([fifty]),repair_status(repair_disabled),parse_status(ok),parsed_sem(50))
2026-05-20T19:41:56 | parse_session | parse_case(semantic('1X+10'(4)),gen_status(ok),gen_tokens([four,teen]),repaired_tokens([four,teen]),parser_tokens([four,teen]),repair_status(repair_disabled),parse_status(ok),parsed_sem('1X+10'(4)))
2026-05-20T19:41:56 | parse_session | parse_case(semantic('1X+10'(6)),gen_status(ok),gen_tokens([six,teen]),repaired_tokens([six,teen]),parser_tokens([six,teen]),repair_status(repair_disabled),parse_status(parse_fail),parsed_sem(none))
2026-05-20T19:41:56 | parse_session | parse_case(semantic('1X+10'(7)),gen_status(ok),gen_tokens([seven,teen]),repaired_tokens([seven,teen]),parser_tokens([seven,teen]),repair_status(repair_disabled),parse_status(parse_fail),parsed_sem(none))
2026-05-20T19:41:56 | parse_session | parse_case(semantic('0X+18'(8)),gen_status(ok),gen_tokens([eight,een]),repaired_tokens([eight,een]),parser_tokens([eight,een]),repair_status(repair_disabled),parse_status(ok),parsed_sem('0X+18'(8)))
2026-05-20T19:41:56 | parse_session | parse_case(semantic('1X+10'(9)),gen_status(ok),gen_tokens([nine,teen]),repaired_tokens([nine,teen]),parser_tokens([nine,teen]),repair_status(repair_disabled),parse_status(parse_fail),parsed_sem(none))
2026-05-20T19:41:56 | parse_session | parse_case(semantic('1X+20'(1)),gen_status(ok),gen_tokens([twenty,one]),repaired_tokens([twenty,one]),parser_tokens([twenty_,one]),repair_status(repair_disabled),parse_status(ok),parsed_sem('1X+20'(1)))
2026-05-20T19:41:56 | parse_session | parse_case(semantic('1X+20'(2)),gen_status(ok),gen_tokens([twenty,two]),repaired_tokens([twenty,two]),parser_tokens([twenty_,two]),repair_status(repair_disabled),parse_status(ok),parsed_sem('1X+20'(2)))
2026-05-20T19:41:56 | parse_session | parse_case(semantic('1X+20'(3)),gen_status(ok),gen_tokens([twenty,three]),repaired_tokens([twenty,three]),parser_tokens([twenty_,three]),repair_status(repair_disabled),parse_status(ok),parsed_sem('1X+20'(3)))
2026-05-20T19:41:56 | parse_session | parse_case(semantic('1X+20'(4)),gen_status(ok),gen_tokens([twenty]),repaired_tokens([twenty]),parser_tokens([twenty]),repair_status(repair_disabled),parse_status(ok),parsed_sem(20))
2026-05-20T19:41:56 | parse_session | parse_case(semantic('1X+20'(5)),gen_status(ok),gen_tokens([twenty,five]),repaired_tokens([twenty,five]),parser_tokens([twenty_,five]),repair_status(repair_disabled),parse_status(ok),parsed_sem('1X+20'(5)))
2026-05-20T19:41:56 | parse_session | parse_case(semantic('1X+20'(6)),gen_status(ok),gen_tokens([twenty]),repaired_tokens([twenty]),parser_tokens([twenty]),repair_status(repair_disabled),parse_status(ok),parsed_sem(20))
2026-05-20T19:41:56 | parse_session | parse_case(semantic('1X+20'(7)),gen_status(ok),gen_tokens([twenty]),repaired_tokens([twenty]),parser_tokens([twenty]),repair_status(repair_disabled),parse_status(ok),parsed_sem(20))
2026-05-20T19:41:56 | parse_session | parse_case(semantic('1X+20'(8)),gen_status(ok),gen_tokens([twenty]),repaired_tokens([twenty]),parser_tokens([twenty]),repair_status(repair_disabled),parse_status(ok),parsed_sem(20))
2026-05-20T19:41:56 | parse_session | parse_case(semantic('1X+20'(9)),gen_status(ok),gen_tokens([twenty]),repaired_tokens([twenty]),parser_tokens([twenty]),repair_status(repair_disabled),parse_status(ok),parsed_sem(20))
2026-05-20T19:41:56 | parse_session | parse_case(semantic('1X+30'(1)),gen_status(ok),gen_tokens([thirty,one]),repaired_tokens([thirty,one]),parser_tokens([thirty_,one]),repair_status(repair_disabled),parse_status(ok),parsed_sem('1X+30'(1)))
2026-05-20T19:41:56 | parse_session | parse_case(semantic('1X+30'(2)),gen_status(ok),gen_tokens([thirty,two]),repaired_tokens([thirty,two]),parser_tokens([thirty_,two]),repair_status(repair_disabled),parse_status(ok),parsed_sem('1X+30'(2)))
2026-05-20T19:41:56 | parse_session | parse_case(semantic('1X+30'(3)),gen_status(ok),gen_tokens([thirty,three]),repaired_tokens([thirty,three]),parser_tokens([thirty_,three]),repair_status(repair_disabled),parse_status(ok),parsed_sem('1X+30'(3)))
2026-05-20T19:41:56 | parse_session | parse_case(semantic('1X+30'(4)),gen_status(ok),gen_tokens([thirty]),repaired_tokens([thirty]),parser_tokens([thirty]),repair_status(repair_disabled),parse_status(ok),parsed_sem(30))
2026-05-20T19:41:56 | parse_session | parse_case(semantic('1X+30'(5)),gen_status(ok),gen_tokens([thirty,five]),repaired_tokens([thirty,five]),parser_tokens([thirty_,five]),repair_status(repair_disabled),parse_status(ok),parsed_sem('1X+30'(5)))
2026-05-20T19:41:56 | parse_session | parse_case(semantic('1X+30'(6)),gen_status(ok),gen_tokens([thirty]),repaired_tokens([thirty]),parser_tokens([thirty]),repair_status(repair_disabled),parse_status(ok),parsed_sem(30))
2026-05-20T19:41:56 | parse_session | parse_case(semantic('1X+30'(7)),gen_status(ok),gen_tokens([thirty]),repaired_tokens([thirty]),parser_tokens([thirty]),repair_status(repair_disabled),parse_status(ok),parsed_sem(30))
2026-05-20T19:41:56 | parse_session | parse_case(semantic('1X+30'(8)),gen_status(ok),gen_tokens([thirty]),repaired_tokens([thirty]),parser_tokens([thirty]),repair_status(repair_disabled),parse_status(ok),parsed_sem(30))
2026-05-20T19:41:56 | parse_session | parse_case(semantic('1X+30'(9)),gen_status(ok),gen_tokens([thirty]),repaired_tokens([thirty]),parser_tokens([thirty]),repair_status(repair_disabled),parse_status(ok),parsed_sem(30))
2026-05-20T19:41:56 | parse_session | parse_case(semantic('1X+50'(1)),gen_status(ok),gen_tokens([fifty,one]),repaired_tokens([fifty,one]),parser_tokens([fifty_,one]),repair_status(repair_disabled),parse_status(ok),parsed_sem('1X+50'(1)))
2026-05-20T19:41:56 | parse_session | parse_case(semantic('1X+50'(2)),gen_status(ok),gen_tokens([fifty,two]),repaired_tokens([fifty,two]),parser_tokens([fifty_,two]),repair_status(repair_disabled),parse_status(ok),parsed_sem('1X+50'(2)))
2026-05-20T19:41:56 | parse_session | parse_case(semantic('1X+50'(3)),gen_status(ok),gen_tokens([fifty,three]),repaired_tokens([fifty,three]),parser_tokens([fifty_,three]),repair_status(repair_disabled),parse_status(ok),parsed_sem('1X+50'(3)))
2026-05-20T19:41:56 | parse_session | parse_case(semantic('1X+50'(4)),gen_status(ok),gen_tokens([fifty]),repaired_tokens([fifty]),parser_tokens([fifty]),repair_status(repair_disabled),parse_status(ok),parsed_sem(50))
2026-05-20T19:41:56 | parse_session | parse_case(semantic('1X+50'(5)),gen_status(ok),gen_tokens([fifty,five]),repaired_tokens([fifty,five]),parser_tokens([fifty_,five]),repair_status(repair_disabled),parse_status(ok),parsed_sem('1X+50'(5)))
2026-05-20T19:41:56 | parse_session | parse_case(semantic('1X+50'(6)),gen_status(ok),gen_tokens([fifty]),repaired_tokens([fifty]),parser_tokens([fifty]),repair_status(repair_disabled),parse_status(ok),parsed_sem(50))
2026-05-20T19:41:56 | parse_session | parse_case(semantic('1X+50'(7)),gen_status(ok),gen_tokens([fifty]),repaired_tokens([fifty]),parser_tokens([fifty]),repair_status(repair_disabled),parse_status(ok),parsed_sem(50))
2026-05-20T19:41:56 | parse_session | parse_case(semantic('1X+50'(8)),gen_status(ok),gen_tokens([fifty]),repaired_tokens([fifty]),parser_tokens([fifty]),repair_status(repair_disabled),parse_status(ok),parsed_sem(50))
2026-05-20T19:41:56 | parse_session | parse_case(semantic('1X+50'(9)),gen_status(ok),gen_tokens([fifty]),repaired_tokens([fifty]),parser_tokens([fifty]),repair_status(repair_disabled),parse_status(ok),parsed_sem(50))
2026-05-20T19:41:56 | parse_session | parse_case(semantic('1X+40'(4)),gen_status(gen_empty_yield),gen_tokens([]),repaired_tokens([]),parser_tokens([]),repair_status(repair_disabled),parse_status(parse_skipped_empty_tokens),parsed_sem(none))
2026-05-20T19:41:56 | parse_session | parse_case(semantic('1X+60'(4)),gen_status(gen_empty_yield),gen_tokens([]),repaired_tokens([]),parser_tokens([]),repair_status(repair_disabled),parse_status(parse_skipped_empty_tokens),parsed_sem(none))
2026-05-20T19:41:56 | parse_session | parse_case(semantic('1X+70'(4)),gen_status(gen_empty_yield),gen_tokens([]),repaired_tokens([]),parser_tokens([]),repair_status(repair_disabled),parse_status(parse_skipped_empty_tokens),parsed_sem(none))
2026-05-20T19:41:56 | parse_session | parse_case(semantic('1X+80'(4)),gen_status(gen_empty_yield),gen_tokens([]),repaired_tokens([]),parser_tokens([]),repair_status(repair_disabled),parse_status(parse_skipped_empty_tokens),parsed_sem(none))
2026-05-20T19:41:56 | parse_session | parse_case(semantic('1X+90'(4)),gen_status(gen_empty_yield),gen_tokens([]),repaired_tokens([]),parser_tokens([]),repair_status(repair_disabled),parse_status(parse_skipped_empty_tokens),parsed_sem(none))
2026-05-20T19:41:56 | system | parse_run_end
2026-05-20T19:41:57 | system | reverse_parse_run_start
2026-05-20T19:41:57 | configuration | reverse_parse_run(profile_name(english_numbers_profile),parser_name('MG LC Parser'),parser_load_file('../../MG-LC-Parser-with-Semantic-main/load.pl'),parser_semantics_file('../../MG-LC-Parser-with-Semantic-main/sem_from_tree.pl'),parser_lexicon_name('English_trans_pruned'),parser_lexicon_file('../../MG-LC-Parser-with-Semantic-main/grammars/English_trans_pruned.pl'),token_cases_file('../cases/token_cases.pl'),reverse_parse_out_file('../generated/reverse_parse_out.pl'),repair_enabled(false),smoothing_enabled(false),smoothing_style(none))
2026-05-20T19:41:57 | reverse_parse_session | reverse_parse_case(tokens([one]),parse_status(ok),parsed_sem(1),parse_tree([li([one],[cfin])]))
2026-05-20T19:41:57 | reverse_parse_session | reverse_parse_case(tokens([two]),parse_status(ok),parsed_sem(2),parse_tree([li([two],[cfin])]))
2026-05-20T19:41:57 | reverse_parse_session | reverse_parse_case(tokens([three]),parse_status(ok),parsed_sem(3),parse_tree([li([three],[cfin])]))
2026-05-20T19:41:57 | reverse_parse_session | reverse_parse_case(tokens([four]),parse_status(ok),parsed_sem(4),parse_tree([li([four],[cfin])]))
2026-05-20T19:41:57 | reverse_parse_session | reverse_parse_case(tokens([five]),parse_status(ok),parsed_sem(5),parse_tree([li([five],[cfin])]))
2026-05-20T19:41:57 | reverse_parse_session | reverse_parse_case(tokens([six]),parse_status(ok),parsed_sem(6),parse_tree([li([six],[cfin])]))
2026-05-20T19:41:57 | reverse_parse_session | reverse_parse_case(tokens([seven]),parse_status(ok),parsed_sem(7),parse_tree([li([seven],[cfin])]))
2026-05-20T19:41:57 | reverse_parse_session | reverse_parse_case(tokens([eight]),parse_status(ok),parsed_sem(8),parse_tree([li([eight],[cfin])]))
2026-05-20T19:41:57 | reverse_parse_session | reverse_parse_case(tokens([nine]),parse_status(ok),parsed_sem(9),parse_tree([li([nine],[cfin])]))
2026-05-20T19:41:57 | reverse_parse_session | reverse_parse_case(tokens([ten]),parse_status(ok),parsed_sem(10),parse_tree([li([ten],[cfin])]))
2026-05-20T19:41:57 | reverse_parse_session | reverse_parse_case(tokens([eleven]),parse_status(ok),parsed_sem(11),parse_tree([li([eleven],[cfin])]))
2026-05-20T19:41:57 | reverse_parse_session | reverse_parse_case(tokens([twelve]),parse_status(ok),parsed_sem(12),parse_tree([li([twelve],[cfin])]))
2026-05-20T19:41:57 | reverse_parse_session | reverse_parse_case(tokens([thirteen]),parse_status(ok),parsed_sem(13),parse_tree([li([thirteen],[cfin])]))
2026-05-20T19:41:57 | reverse_parse_session | reverse_parse_case(tokens([fifteen]),parse_status(ok),parsed_sem(15),parse_tree([li([fifteen],[cfin])]))
2026-05-20T19:41:57 | reverse_parse_session | reverse_parse_case(tokens([four,teen]),parse_status(ok),parsed_sem('1X+10'(4)),parse_tree([tree(_106244,empty,tree(_105886,li([teen],[=c1,+a,cfin]),li([four],[c1,-a])))]))
2026-05-20T19:41:57 | reverse_parse_session | reverse_parse_case(tokens([eight,een]),parse_status(ok),parsed_sem('0X+18'(8)),parse_tree([tree(_106244,empty,tree(_105886,li([een],[=c1,+b,cfin]),li([eight],[c1,-b])))]))
2026-05-20T19:41:57 | reverse_parse_session | reverse_parse_case(tokens([twenty]),parse_status(ok),parsed_sem(20),parse_tree([li([twenty],[cfin])]))
2026-05-20T19:41:57 | reverse_parse_session | reverse_parse_case(tokens([thirty]),parse_status(ok),parsed_sem(30),parse_tree([li([thirty],[cfin])]))
2026-05-20T19:41:57 | reverse_parse_session | reverse_parse_case(tokens([fifty]),parse_status(ok),parsed_sem(50),parse_tree([li([fifty],[cfin])]))
2026-05-20T19:41:57 | reverse_parse_session | reverse_parse_case(tokens([twenty_,one]),parse_status(ok),parsed_sem('1X+20'(1)),parse_tree([tree(_105818,li([twenty_],[=c1,cfin]),li([one],[c1]))]))
2026-05-20T19:41:57 | reverse_parse_session | reverse_parse_case(tokens([twenty_,two]),parse_status(ok),parsed_sem('1X+20'(2)),parse_tree([tree(_105818,li([twenty_],[=c1,cfin]),li([two],[c1]))]))
2026-05-20T19:41:57 | reverse_parse_session | reverse_parse_case(tokens([twenty_,three]),parse_status(ok),parsed_sem('1X+20'(3)),parse_tree([tree(_105818,li([twenty_],[=c1,cfin]),li([three],[c1]))]))
2026-05-20T19:41:57 | reverse_parse_session | reverse_parse_case(tokens([twenty_,four]),parse_status(ok),parsed_sem('1X+20'(4)),parse_tree([tree(_105818,li([twenty_],[=c1,cfin]),li([four],[c1]))]))
2026-05-20T19:41:57 | reverse_parse_session | reverse_parse_case(tokens([twenty_,five]),parse_status(ok),parsed_sem('1X+20'(5)),parse_tree([tree(_105818,li([twenty_],[=c1,cfin]),li([five],[c1]))]))
2026-05-20T19:41:57 | reverse_parse_session | reverse_parse_case(tokens([twenty_,six]),parse_status(ok),parsed_sem('1X+20'(6)),parse_tree([tree(_105818,li([twenty_],[=c1,cfin]),li([six],[c1]))]))
2026-05-20T19:41:57 | reverse_parse_session | reverse_parse_case(tokens([twenty_,seven]),parse_status(ok),parsed_sem('1X+20'(7)),parse_tree([tree(_105818,li([twenty_],[=c1,cfin]),li([seven],[c1]))]))
2026-05-20T19:41:57 | reverse_parse_session | reverse_parse_case(tokens([twenty_,eight]),parse_status(ok),parsed_sem('1X+20'(8)),parse_tree([tree(_105818,li([twenty_],[=c1,cfin]),li([eight],[c1]))]))
2026-05-20T19:41:57 | reverse_parse_session | reverse_parse_case(tokens([twenty_,nine]),parse_status(ok),parsed_sem('1X+20'(9)),parse_tree([tree(_105818,li([twenty_],[=c1,cfin]),li([nine],[c1]))]))
2026-05-20T19:41:57 | reverse_parse_session | reverse_parse_case(tokens([thirty_,one]),parse_status(ok),parsed_sem('1X+30'(1)),parse_tree([tree(_105818,li([thirty_],[=c1,cfin]),li([one],[c1]))]))
2026-05-20T19:41:57 | reverse_parse_session | reverse_parse_case(tokens([thirty_,two]),parse_status(ok),parsed_sem('1X+30'(2)),parse_tree([tree(_105818,li([thirty_],[=c1,cfin]),li([two],[c1]))]))
2026-05-20T19:41:57 | reverse_parse_session | reverse_parse_case(tokens([thirty_,three]),parse_status(ok),parsed_sem('1X+30'(3)),parse_tree([tree(_105818,li([thirty_],[=c1,cfin]),li([three],[c1]))]))
2026-05-20T19:41:57 | reverse_parse_session | reverse_parse_case(tokens([thirty_,four]),parse_status(ok),parsed_sem('1X+30'(4)),parse_tree([tree(_105818,li([thirty_],[=c1,cfin]),li([four],[c1]))]))
2026-05-20T19:41:57 | reverse_parse_session | reverse_parse_case(tokens([thirty_,five]),parse_status(ok),parsed_sem('1X+30'(5)),parse_tree([tree(_105818,li([thirty_],[=c1,cfin]),li([five],[c1]))]))
2026-05-20T19:41:57 | reverse_parse_session | reverse_parse_case(tokens([thirty_,six]),parse_status(ok),parsed_sem('1X+30'(6)),parse_tree([tree(_105818,li([thirty_],[=c1,cfin]),li([six],[c1]))]))
2026-05-20T19:41:57 | reverse_parse_session | reverse_parse_case(tokens([thirty_,seven]),parse_status(ok),parsed_sem('1X+30'(7)),parse_tree([tree(_105818,li([thirty_],[=c1,cfin]),li([seven],[c1]))]))
2026-05-20T19:41:57 | reverse_parse_session | reverse_parse_case(tokens([thirty_,eight]),parse_status(ok),parsed_sem('1X+30'(8)),parse_tree([tree(_105818,li([thirty_],[=c1,cfin]),li([eight],[c1]))]))
2026-05-20T19:41:57 | reverse_parse_session | reverse_parse_case(tokens([thirty_,nine]),parse_status(ok),parsed_sem('1X+30'(9)),parse_tree([tree(_105818,li([thirty_],[=c1,cfin]),li([nine],[c1]))]))
2026-05-20T19:41:57 | reverse_parse_session | reverse_parse_case(tokens([fifty_,one]),parse_status(ok),parsed_sem('1X+50'(1)),parse_tree([tree(_105818,li([fifty_],[=c1,cfin]),li([one],[c1]))]))
2026-05-20T19:41:57 | reverse_parse_session | reverse_parse_case(tokens([fifty_,two]),parse_status(ok),parsed_sem('1X+50'(2)),parse_tree([tree(_105818,li([fifty_],[=c1,cfin]),li([two],[c1]))]))
2026-05-20T19:41:57 | reverse_parse_session | reverse_parse_case(tokens([fifty_,three]),parse_status(ok),parsed_sem('1X+50'(3)),parse_tree([tree(_105818,li([fifty_],[=c1,cfin]),li([three],[c1]))]))
2026-05-20T19:41:57 | reverse_parse_session | reverse_parse_case(tokens([fifty_,four]),parse_status(ok),parsed_sem('1X+50'(4)),parse_tree([tree(_105818,li([fifty_],[=c1,cfin]),li([four],[c1]))]))
2026-05-20T19:41:57 | reverse_parse_session | reverse_parse_case(tokens([fifty_,five]),parse_status(ok),parsed_sem('1X+50'(5)),parse_tree([tree(_105818,li([fifty_],[=c1,cfin]),li([five],[c1]))]))
2026-05-20T19:41:57 | reverse_parse_session | reverse_parse_case(tokens([fifty_,six]),parse_status(ok),parsed_sem('1X+50'(6)),parse_tree([tree(_105818,li([fifty_],[=c1,cfin]),li([six],[c1]))]))
2026-05-20T19:41:57 | reverse_parse_session | reverse_parse_case(tokens([fifty_,seven]),parse_status(ok),parsed_sem('1X+50'(7)),parse_tree([tree(_105818,li([fifty_],[=c1,cfin]),li([seven],[c1]))]))
2026-05-20T19:41:57 | reverse_parse_session | reverse_parse_case(tokens([fifty_,eight]),parse_status(ok),parsed_sem('1X+50'(8)),parse_tree([tree(_105818,li([fifty_],[=c1,cfin]),li([eight],[c1]))]))
2026-05-20T19:41:57 | reverse_parse_session | reverse_parse_case(tokens([fifty_,nine]),parse_status(ok),parsed_sem('1X+50'(9)),parse_tree([tree(_105818,li([fifty_],[=c1,cfin]),li([nine],[c1]))]))
2026-05-20T19:41:57 | reverse_parse_session | reverse_parse_case(tokens([six,teen]),parse_status(parse_fail),parsed_sem(none),parse_tree(none))
2026-05-20T19:41:57 | reverse_parse_session | reverse_parse_case(tokens([seven,teen]),parse_status(parse_fail),parsed_sem(none),parse_tree(none))
2026-05-20T19:41:57 | reverse_parse_session | reverse_parse_case(tokens([nine,teen]),parse_status(parse_fail),parsed_sem(none),parse_tree(none))
2026-05-20T19:41:57 | reverse_parse_session | reverse_parse_case(tokens([teen]),parse_status(parse_fail),parsed_sem(none),parse_tree(none))
2026-05-20T19:41:57 | reverse_parse_session | reverse_parse_case(tokens([forty_,four]),parse_status(ok),parsed_sem('1X+40'(4)),parse_tree([tree(_105818,li([forty_],[=c1,cfin]),li([four],[c1]))]))
2026-05-20T19:41:57 | reverse_parse_session | reverse_parse_case(tokens([sixty_,four]),parse_status(parse_fail),parsed_sem(none),parse_tree(none))
2026-05-20T19:41:57 | system | reverse_parse_run_end
2026-05-20T19:41:57 | system | reverse_gen_run_start
2026-05-20T19:41:57 | configuration | reverse_gen_run(profile_name(english_numbers_profile),generator_name('MG Generator'),generator_main_file('../../SemanticGenerator/MG-Generator/main.pl'),generator_lexicon_name(numbers_Gen),generator_lexicon_file('../../SemanticGenerator/MG-Generator/grammars/numbers_Gen.pl'),reverse_parse_out_file('../generated/reverse_parse_out.pl'),reverse_out_file('../generated/reverse_out.pl'),repair_enabled(false),smoothing_enabled(false),smoothing_style(none))
2026-05-20T19:41:57 | reverse_gen_session | reverse_case(input_tokens([one]),parse_status(ok),parsed_sem(1),gen_status(ok),raw_gen_tokens([one]),normalized_gen_tokens([one]),sentence(one))
2026-05-20T19:41:57 | reverse_gen_session | reverse_case(input_tokens([two]),parse_status(ok),parsed_sem(2),gen_status(ok),raw_gen_tokens([two]),normalized_gen_tokens([two]),sentence(two))
2026-05-20T19:41:57 | reverse_gen_session | reverse_case(input_tokens([three]),parse_status(ok),parsed_sem(3),gen_status(ok),raw_gen_tokens([three]),normalized_gen_tokens([three]),sentence(three))
2026-05-20T19:41:57 | reverse_gen_session | reverse_case(input_tokens([four]),parse_status(ok),parsed_sem(4),gen_status(ok),raw_gen_tokens([four]),normalized_gen_tokens([four]),sentence(four))
2026-05-20T19:41:57 | reverse_gen_session | reverse_case(input_tokens([five]),parse_status(ok),parsed_sem(5),gen_status(ok),raw_gen_tokens([five]),normalized_gen_tokens([five]),sentence(five))
2026-05-20T19:41:57 | reverse_gen_session | reverse_case(input_tokens([six]),parse_status(ok),parsed_sem(6),gen_status(ok),raw_gen_tokens([six]),normalized_gen_tokens([six]),sentence(six))
2026-05-20T19:41:57 | reverse_gen_session | reverse_case(input_tokens([seven]),parse_status(ok),parsed_sem(7),gen_status(ok),raw_gen_tokens([seven]),normalized_gen_tokens([seven]),sentence(seven))
2026-05-20T19:41:57 | reverse_gen_session | reverse_case(input_tokens([eight]),parse_status(ok),parsed_sem(8),gen_status(ok),raw_gen_tokens([eight]),normalized_gen_tokens([eight]),sentence(eight))
2026-05-20T19:41:57 | reverse_gen_session | reverse_case(input_tokens([nine]),parse_status(ok),parsed_sem(9),gen_status(ok),raw_gen_tokens([nine]),normalized_gen_tokens([nine]),sentence(nine))
2026-05-20T19:41:57 | reverse_gen_session | reverse_case(input_tokens([ten]),parse_status(ok),parsed_sem(10),gen_status(ok),raw_gen_tokens([ten]),normalized_gen_tokens([ten]),sentence(ten))
2026-05-20T19:41:57 | reverse_gen_session | reverse_case(input_tokens([eleven]),parse_status(ok),parsed_sem(11),gen_status(ok),raw_gen_tokens([eleven]),normalized_gen_tokens([eleven]),sentence(eleven))
2026-05-20T19:41:57 | reverse_gen_session | reverse_case(input_tokens([twelve]),parse_status(ok),parsed_sem(12),gen_status(ok),raw_gen_tokens([twelve]),normalized_gen_tokens([twelve]),sentence(twelve))
2026-05-20T19:41:57 | reverse_gen_session | reverse_case(input_tokens([thirteen]),parse_status(ok),parsed_sem(13),gen_status(ok),raw_gen_tokens([thirteen]),normalized_gen_tokens([thirteen]),sentence(thirteen))
2026-05-20T19:41:57 | reverse_gen_session | reverse_case(input_tokens([fifteen]),parse_status(ok),parsed_sem(15),gen_status(ok),raw_gen_tokens([fifteen]),normalized_gen_tokens([fifteen]),sentence(fifteen))
2026-05-20T19:41:57 | reverse_gen_session | reverse_case(input_tokens([four,teen]),parse_status(ok),parsed_sem('1X+10'(4)),gen_status(ok),raw_gen_tokens([four,teen]),normalized_gen_tokens([four,teen]),sentence(fourteen))
2026-05-20T19:41:57 | reverse_gen_session | reverse_case(input_tokens([eight,een]),parse_status(ok),parsed_sem('0X+18'(8)),gen_status(ok),raw_gen_tokens([eight,een]),normalized_gen_tokens([eight,een]),sentence(eighteen))
2026-05-20T19:41:57 | reverse_gen_session | reverse_case(input_tokens([twenty]),parse_status(ok),parsed_sem(20),gen_status(ok),raw_gen_tokens([twenty]),normalized_gen_tokens([twenty]),sentence(twenty))
2026-05-20T19:41:57 | reverse_gen_session | reverse_case(input_tokens([thirty]),parse_status(ok),parsed_sem(30),gen_status(ok),raw_gen_tokens([thirty]),normalized_gen_tokens([thirty]),sentence(thirty))
2026-05-20T19:41:57 | reverse_gen_session | reverse_case(input_tokens([fifty]),parse_status(ok),parsed_sem(50),gen_status(ok),raw_gen_tokens([fifty]),normalized_gen_tokens([fifty]),sentence(fifty))
2026-05-20T19:41:57 | reverse_gen_session | reverse_case(input_tokens([twenty_,one]),parse_status(ok),parsed_sem('1X+20'(1)),gen_status(ok),raw_gen_tokens([twenty,one]),normalized_gen_tokens([twenty_,one]),sentence(twentyone))
2026-05-20T19:41:57 | reverse_gen_session | reverse_case(input_tokens([twenty_,two]),parse_status(ok),parsed_sem('1X+20'(2)),gen_status(ok),raw_gen_tokens([twenty,two]),normalized_gen_tokens([twenty_,two]),sentence(twentytwo))
2026-05-20T19:41:57 | reverse_gen_session | reverse_case(input_tokens([twenty_,three]),parse_status(ok),parsed_sem('1X+20'(3)),gen_status(ok),raw_gen_tokens([twenty,three]),normalized_gen_tokens([twenty_,three]),sentence(twentythree))
2026-05-20T19:41:57 | reverse_gen_session | reverse_case(input_tokens([twenty_,four]),parse_status(ok),parsed_sem('1X+20'(4)),gen_status(ok),raw_gen_tokens([twenty]),normalized_gen_tokens([twenty]),sentence(twenty))
2026-05-20T19:41:57 | reverse_gen_session | reverse_case(input_tokens([twenty_,five]),parse_status(ok),parsed_sem('1X+20'(5)),gen_status(ok),raw_gen_tokens([twenty,five]),normalized_gen_tokens([twenty_,five]),sentence(twentyfive))
2026-05-20T19:41:57 | reverse_gen_session | reverse_case(input_tokens([twenty_,six]),parse_status(ok),parsed_sem('1X+20'(6)),gen_status(ok),raw_gen_tokens([twenty]),normalized_gen_tokens([twenty]),sentence(twenty))
2026-05-20T19:41:57 | reverse_gen_session | reverse_case(input_tokens([twenty_,seven]),parse_status(ok),parsed_sem('1X+20'(7)),gen_status(ok),raw_gen_tokens([twenty]),normalized_gen_tokens([twenty]),sentence(twenty))
2026-05-20T19:41:57 | reverse_gen_session | reverse_case(input_tokens([twenty_,eight]),parse_status(ok),parsed_sem('1X+20'(8)),gen_status(ok),raw_gen_tokens([twenty]),normalized_gen_tokens([twenty]),sentence(twenty))
2026-05-20T19:41:57 | reverse_gen_session | reverse_case(input_tokens([twenty_,nine]),parse_status(ok),parsed_sem('1X+20'(9)),gen_status(ok),raw_gen_tokens([twenty]),normalized_gen_tokens([twenty]),sentence(twenty))
2026-05-20T19:41:57 | reverse_gen_session | reverse_case(input_tokens([thirty_,one]),parse_status(ok),parsed_sem('1X+30'(1)),gen_status(ok),raw_gen_tokens([thirty,one]),normalized_gen_tokens([thirty_,one]),sentence(thirtyone))
2026-05-20T19:41:57 | reverse_gen_session | reverse_case(input_tokens([thirty_,two]),parse_status(ok),parsed_sem('1X+30'(2)),gen_status(ok),raw_gen_tokens([thirty,two]),normalized_gen_tokens([thirty_,two]),sentence(thirtytwo))
2026-05-20T19:41:57 | reverse_gen_session | reverse_case(input_tokens([thirty_,three]),parse_status(ok),parsed_sem('1X+30'(3)),gen_status(ok),raw_gen_tokens([thirty,three]),normalized_gen_tokens([thirty_,three]),sentence(thirtythree))
2026-05-20T19:41:57 | reverse_gen_session | reverse_case(input_tokens([thirty_,four]),parse_status(ok),parsed_sem('1X+30'(4)),gen_status(ok),raw_gen_tokens([thirty]),normalized_gen_tokens([thirty]),sentence(thirty))
2026-05-20T19:41:57 | reverse_gen_session | reverse_case(input_tokens([thirty_,five]),parse_status(ok),parsed_sem('1X+30'(5)),gen_status(ok),raw_gen_tokens([thirty,five]),normalized_gen_tokens([thirty_,five]),sentence(thirtyfive))
2026-05-20T19:41:57 | reverse_gen_session | reverse_case(input_tokens([thirty_,six]),parse_status(ok),parsed_sem('1X+30'(6)),gen_status(ok),raw_gen_tokens([thirty]),normalized_gen_tokens([thirty]),sentence(thirty))
2026-05-20T19:41:57 | reverse_gen_session | reverse_case(input_tokens([thirty_,seven]),parse_status(ok),parsed_sem('1X+30'(7)),gen_status(ok),raw_gen_tokens([thirty]),normalized_gen_tokens([thirty]),sentence(thirty))
2026-05-20T19:41:57 | reverse_gen_session | reverse_case(input_tokens([thirty_,eight]),parse_status(ok),parsed_sem('1X+30'(8)),gen_status(ok),raw_gen_tokens([thirty]),normalized_gen_tokens([thirty]),sentence(thirty))
2026-05-20T19:41:57 | reverse_gen_session | reverse_case(input_tokens([thirty_,nine]),parse_status(ok),parsed_sem('1X+30'(9)),gen_status(ok),raw_gen_tokens([thirty]),normalized_gen_tokens([thirty]),sentence(thirty))
2026-05-20T19:41:57 | reverse_gen_session | reverse_case(input_tokens([fifty_,one]),parse_status(ok),parsed_sem('1X+50'(1)),gen_status(ok),raw_gen_tokens([fifty,one]),normalized_gen_tokens([fifty_,one]),sentence(fiftyone))
2026-05-20T19:41:57 | reverse_gen_session | reverse_case(input_tokens([fifty_,two]),parse_status(ok),parsed_sem('1X+50'(2)),gen_status(ok),raw_gen_tokens([fifty,two]),normalized_gen_tokens([fifty_,two]),sentence(fiftytwo))
2026-05-20T19:41:57 | reverse_gen_session | reverse_case(input_tokens([fifty_,three]),parse_status(ok),parsed_sem('1X+50'(3)),gen_status(ok),raw_gen_tokens([fifty,three]),normalized_gen_tokens([fifty_,three]),sentence(fiftythree))
2026-05-20T19:41:57 | reverse_gen_session | reverse_case(input_tokens([fifty_,four]),parse_status(ok),parsed_sem('1X+50'(4)),gen_status(ok),raw_gen_tokens([fifty]),normalized_gen_tokens([fifty]),sentence(fifty))
2026-05-20T19:41:57 | reverse_gen_session | reverse_case(input_tokens([fifty_,five]),parse_status(ok),parsed_sem('1X+50'(5)),gen_status(ok),raw_gen_tokens([fifty,five]),normalized_gen_tokens([fifty_,five]),sentence(fiftyfive))
2026-05-20T19:41:57 | reverse_gen_session | reverse_case(input_tokens([fifty_,six]),parse_status(ok),parsed_sem('1X+50'(6)),gen_status(ok),raw_gen_tokens([fifty]),normalized_gen_tokens([fifty]),sentence(fifty))
2026-05-20T19:41:57 | reverse_gen_session | reverse_case(input_tokens([fifty_,seven]),parse_status(ok),parsed_sem('1X+50'(7)),gen_status(ok),raw_gen_tokens([fifty]),normalized_gen_tokens([fifty]),sentence(fifty))
2026-05-20T19:41:57 | reverse_gen_session | reverse_case(input_tokens([fifty_,eight]),parse_status(ok),parsed_sem('1X+50'(8)),gen_status(ok),raw_gen_tokens([fifty]),normalized_gen_tokens([fifty]),sentence(fifty))
2026-05-20T19:41:57 | reverse_gen_session | reverse_case(input_tokens([fifty_,nine]),parse_status(ok),parsed_sem('1X+50'(9)),gen_status(ok),raw_gen_tokens([fifty]),normalized_gen_tokens([fifty]),sentence(fifty))
2026-05-20T19:41:57 | reverse_gen_session | reverse_case(input_tokens([six,teen]),parse_status(parse_fail),parsed_sem(none),gen_status(generation_not_attempted),raw_gen_tokens([]),normalized_gen_tokens([]),sentence(''))
2026-05-20T19:41:57 | reverse_gen_session | reverse_case(input_tokens([seven,teen]),parse_status(parse_fail),parsed_sem(none),gen_status(generation_not_attempted),raw_gen_tokens([]),normalized_gen_tokens([]),sentence(''))
2026-05-20T19:41:57 | reverse_gen_session | reverse_case(input_tokens([nine,teen]),parse_status(parse_fail),parsed_sem(none),gen_status(generation_not_attempted),raw_gen_tokens([]),normalized_gen_tokens([]),sentence(''))
2026-05-20T19:41:57 | reverse_gen_session | reverse_case(input_tokens([teen]),parse_status(parse_fail),parsed_sem(none),gen_status(generation_not_attempted),raw_gen_tokens([]),normalized_gen_tokens([]),sentence(''))
2026-05-20T19:41:57 | reverse_gen_session | reverse_case(input_tokens([forty_,four]),parse_status(ok),parsed_sem('1X+40'(4)),gen_status(gen_empty_yield),raw_gen_tokens([]),normalized_gen_tokens([]),sentence(''))
2026-05-20T19:41:57 | reverse_gen_session | reverse_case(input_tokens([sixty_,four]),parse_status(parse_fail),parsed_sem(none),gen_status(generation_not_attempted),raw_gen_tokens([]),normalized_gen_tokens([]),sentence(''))
2026-05-20T19:41:57 | system | reverse_gen_run_end
2026-05-24T01:29:01 | system | gen_run_start
2026-05-24T01:29:01 | configuration | gen_run(profile_name(english_numbers_profile),generator_name('MG Generator'),generator_main_file('../../SemanticGenerator/MG-Generator/main.pl'),generator_lexicon_name(numbers_Gen),generator_lexicon_file('../../SemanticGenerator/MG-Generator/grammars/numbers_Gen.pl'),semantic_cases_file('../cases/test_cases.pl'),gen_out_file('../generated/gen_out.pl'),forward_gen_tree_report_file('../generated/forward_gen_tree_report.txt'),repair_enabled(false),smoothing_enabled(false),smoothing_style(none))
2026-05-24T01:29:02 | gen_session | gen_case(semantic(1),status(ok),tokens([one]),sentence(one))
2026-05-24T01:29:02 | gen_session | gen_case(semantic(2),status(ok),tokens([two]),sentence(two))
2026-05-24T01:29:02 | gen_session | gen_case(semantic(3),status(ok),tokens([three]),sentence(three))
2026-05-24T01:29:02 | gen_session | gen_case(semantic(4),status(ok),tokens([four]),sentence(four))
2026-05-24T01:29:02 | gen_session | gen_case(semantic(5),status(ok),tokens([five]),sentence(five))
2026-05-24T01:29:02 | gen_session | gen_case(semantic(6),status(ok),tokens([six]),sentence(six))
2026-05-24T01:29:02 | gen_session | gen_case(semantic(7),status(ok),tokens([seven]),sentence(seven))
2026-05-24T01:29:02 | gen_session | gen_case(semantic(8),status(ok),tokens([eight]),sentence(eight))
2026-05-24T01:29:02 | gen_session | gen_case(semantic(9),status(ok),tokens([nine]),sentence(nine))
2026-05-24T01:29:02 | gen_session | gen_case(semantic(10),status(ok),tokens([ten]),sentence(ten))
2026-05-24T01:29:02 | gen_session | gen_case(semantic(11),status(ok),tokens([eleven]),sentence(eleven))
2026-05-24T01:29:02 | gen_session | gen_case(semantic(12),status(ok),tokens([twelve]),sentence(twelve))
2026-05-24T01:29:02 | gen_session | gen_case(semantic(13),status(ok),tokens([thirteen]),sentence(thirteen))
2026-05-24T01:29:02 | gen_session | gen_case(semantic(15),status(ok),tokens([fifteen]),sentence(fifteen))
2026-05-24T01:29:02 | gen_session | gen_case(semantic(18),status(gen_empty_yield),tokens([]),sentence(''))
2026-05-24T01:29:02 | gen_session | gen_case(semantic(20),status(ok),tokens([twenty]),sentence(twenty))
2026-05-24T01:29:02 | gen_session | gen_case(semantic(30),status(ok),tokens([thirty]),sentence(thirty))
2026-05-24T01:29:02 | gen_session | gen_case(semantic(50),status(ok),tokens([fifty]),sentence(fifty))
2026-05-24T01:29:02 | gen_session | gen_case(semantic('1X+10'(4)),status(ok),tokens([four,teen]),sentence(fourteen))
2026-05-24T01:29:02 | gen_session | gen_case(semantic('1X+10'(6)),status(ok),tokens([six,teen]),sentence(sixteen))
2026-05-24T01:29:02 | gen_session | gen_case(semantic('1X+10'(7)),status(ok),tokens([seven,teen]),sentence(seventeen))
2026-05-24T01:29:02 | gen_session | gen_case(semantic('0X+18'(8)),status(ok),tokens([eight,een]),sentence(eighteen))
2026-05-24T01:29:02 | gen_session | gen_case(semantic('1X+10'(9)),status(ok),tokens([nine,teen]),sentence(nineteen))
2026-05-24T01:29:02 | gen_session | gen_case(semantic('1X+20'(1)),status(ok),tokens([twenty,one]),sentence(twentyone))
2026-05-24T01:29:02 | gen_session | gen_case(semantic('1X+20'(2)),status(ok),tokens([twenty,two]),sentence(twentytwo))
2026-05-24T01:29:02 | gen_session | gen_case(semantic('1X+20'(3)),status(ok),tokens([twenty,three]),sentence(twentythree))
2026-05-24T01:29:02 | gen_session | gen_case(semantic('1X+20'(4)),status(ok),tokens([twenty]),sentence(twenty))
2026-05-24T01:29:02 | gen_session | gen_case(semantic('1X+20'(5)),status(ok),tokens([twenty,five]),sentence(twentyfive))
2026-05-24T01:29:02 | gen_session | gen_case(semantic('1X+20'(6)),status(ok),tokens([twenty]),sentence(twenty))
2026-05-24T01:29:02 | gen_session | gen_case(semantic('1X+20'(7)),status(ok),tokens([twenty]),sentence(twenty))
2026-05-24T01:29:02 | gen_session | gen_case(semantic('1X+20'(8)),status(ok),tokens([twenty]),sentence(twenty))
2026-05-24T01:29:02 | gen_session | gen_case(semantic('1X+20'(9)),status(ok),tokens([twenty]),sentence(twenty))
2026-05-24T01:29:02 | gen_session | gen_case(semantic('1X+30'(1)),status(ok),tokens([thirty,one]),sentence(thirtyone))
2026-05-24T01:29:02 | gen_session | gen_case(semantic('1X+30'(2)),status(ok),tokens([thirty,two]),sentence(thirtytwo))
2026-05-24T01:29:02 | gen_session | gen_case(semantic('1X+30'(3)),status(ok),tokens([thirty,three]),sentence(thirtythree))
2026-05-24T01:29:02 | gen_session | gen_case(semantic('1X+30'(4)),status(ok),tokens([thirty]),sentence(thirty))
2026-05-24T01:29:02 | gen_session | gen_case(semantic('1X+30'(5)),status(ok),tokens([thirty,five]),sentence(thirtyfive))
2026-05-24T01:29:02 | gen_session | gen_case(semantic('1X+30'(6)),status(ok),tokens([thirty]),sentence(thirty))
2026-05-24T01:29:02 | gen_session | gen_case(semantic('1X+30'(7)),status(ok),tokens([thirty]),sentence(thirty))
2026-05-24T01:29:02 | gen_session | gen_case(semantic('1X+30'(8)),status(ok),tokens([thirty]),sentence(thirty))
2026-05-24T01:29:02 | gen_session | gen_case(semantic('1X+30'(9)),status(ok),tokens([thirty]),sentence(thirty))
2026-05-24T01:29:02 | gen_session | gen_case(semantic('1X+50'(1)),status(ok),tokens([fifty,one]),sentence(fiftyone))
2026-05-24T01:29:02 | gen_session | gen_case(semantic('1X+50'(2)),status(ok),tokens([fifty,two]),sentence(fiftytwo))
2026-05-24T01:29:02 | gen_session | gen_case(semantic('1X+50'(3)),status(ok),tokens([fifty,three]),sentence(fiftythree))
2026-05-24T01:29:02 | gen_session | gen_case(semantic('1X+50'(4)),status(ok),tokens([fifty]),sentence(fifty))
2026-05-24T01:29:02 | gen_session | gen_case(semantic('1X+50'(5)),status(ok),tokens([fifty,five]),sentence(fiftyfive))
2026-05-24T01:29:02 | gen_session | gen_case(semantic('1X+50'(6)),status(ok),tokens([fifty]),sentence(fifty))
2026-05-24T01:29:02 | gen_session | gen_case(semantic('1X+50'(7)),status(ok),tokens([fifty]),sentence(fifty))
2026-05-24T01:29:02 | gen_session | gen_case(semantic('1X+50'(8)),status(ok),tokens([fifty]),sentence(fifty))
2026-05-24T01:29:02 | gen_session | gen_case(semantic('1X+50'(9)),status(ok),tokens([fifty]),sentence(fifty))
2026-05-24T01:29:02 | gen_session | gen_case(semantic('1X+40'(4)),status(gen_empty_yield),tokens([]),sentence(''))
2026-05-24T01:29:02 | gen_session | gen_case(semantic('1X+60'(4)),status(gen_empty_yield),tokens([]),sentence(''))
2026-05-24T01:29:02 | gen_session | gen_case(semantic('1X+70'(4)),status(gen_empty_yield),tokens([]),sentence(''))
2026-05-24T01:29:02 | gen_session | gen_case(semantic('1X+80'(4)),status(gen_empty_yield),tokens([]),sentence(''))
2026-05-24T01:29:02 | gen_session | gen_case(semantic('1X+90'(4)),status(gen_empty_yield),tokens([]),sentence(''))
2026-05-24T01:29:02 | system | gen_run_end
2026-05-24T01:29:02 | system | parse_run_start
2026-05-24T01:29:02 | configuration | parse_run(profile_name(english_numbers_profile),parser_name('MG LC Parser'),parser_load_file('../../MG-LC-Parser-with-Semantic-main/load.pl'),parser_semantics_file('../../MG-LC-Parser-with-Semantic-main/sem_from_tree.pl'),parser_lexicon_name('English_trans_pruned'),parser_lexicon_file('../../MG-LC-Parser-with-Semantic-main/grammars/English_trans_pruned.pl'),gen_out_file('../generated/gen_out.pl'),parse_out_file('../generated/parse_out.pl'),forward_parse_tree_report_file('../generated/forward_parse_tree_report.txt'),repair_enabled(false),smoothing_enabled(false),smoothing_style(none))
2026-05-24T01:29:02 | parse_session | parse_case(semantic(1),gen_status(ok),gen_tokens([one]),repaired_tokens([one]),parser_tokens([one]),repair_status(repair_disabled),parse_status(ok),parsed_sem(1))
2026-05-24T01:29:02 | parse_session | parse_case(semantic(2),gen_status(ok),gen_tokens([two]),repaired_tokens([two]),parser_tokens([two]),repair_status(repair_disabled),parse_status(ok),parsed_sem(2))
2026-05-24T01:29:02 | parse_session | parse_case(semantic(3),gen_status(ok),gen_tokens([three]),repaired_tokens([three]),parser_tokens([three]),repair_status(repair_disabled),parse_status(ok),parsed_sem(3))
2026-05-24T01:29:02 | parse_session | parse_case(semantic(4),gen_status(ok),gen_tokens([four]),repaired_tokens([four]),parser_tokens([four]),repair_status(repair_disabled),parse_status(ok),parsed_sem(4))
2026-05-24T01:29:02 | parse_session | parse_case(semantic(5),gen_status(ok),gen_tokens([five]),repaired_tokens([five]),parser_tokens([five]),repair_status(repair_disabled),parse_status(ok),parsed_sem(5))
2026-05-24T01:29:02 | parse_session | parse_case(semantic(6),gen_status(ok),gen_tokens([six]),repaired_tokens([six]),parser_tokens([six]),repair_status(repair_disabled),parse_status(ok),parsed_sem(6))
2026-05-24T01:29:02 | parse_session | parse_case(semantic(7),gen_status(ok),gen_tokens([seven]),repaired_tokens([seven]),parser_tokens([seven]),repair_status(repair_disabled),parse_status(ok),parsed_sem(7))
2026-05-24T01:29:02 | parse_session | parse_case(semantic(8),gen_status(ok),gen_tokens([eight]),repaired_tokens([eight]),parser_tokens([eight]),repair_status(repair_disabled),parse_status(ok),parsed_sem(8))
2026-05-24T01:29:02 | parse_session | parse_case(semantic(9),gen_status(ok),gen_tokens([nine]),repaired_tokens([nine]),parser_tokens([nine]),repair_status(repair_disabled),parse_status(ok),parsed_sem(9))
2026-05-24T01:29:02 | parse_session | parse_case(semantic(10),gen_status(ok),gen_tokens([ten]),repaired_tokens([ten]),parser_tokens([ten]),repair_status(repair_disabled),parse_status(ok),parsed_sem(10))
2026-05-24T01:29:02 | parse_session | parse_case(semantic(11),gen_status(ok),gen_tokens([eleven]),repaired_tokens([eleven]),parser_tokens([eleven]),repair_status(repair_disabled),parse_status(ok),parsed_sem(11))
2026-05-24T01:29:02 | parse_session | parse_case(semantic(12),gen_status(ok),gen_tokens([twelve]),repaired_tokens([twelve]),parser_tokens([twelve]),repair_status(repair_disabled),parse_status(ok),parsed_sem(12))
2026-05-24T01:29:02 | parse_session | parse_case(semantic(13),gen_status(ok),gen_tokens([thirteen]),repaired_tokens([thirteen]),parser_tokens([thirteen]),repair_status(repair_disabled),parse_status(ok),parsed_sem(13))
2026-05-24T01:29:02 | parse_session | parse_case(semantic(15),gen_status(ok),gen_tokens([fifteen]),repaired_tokens([fifteen]),parser_tokens([fifteen]),repair_status(repair_disabled),parse_status(ok),parsed_sem(15))
2026-05-24T01:29:02 | parse_session | parse_case(semantic(18),gen_status(gen_empty_yield),gen_tokens([]),repaired_tokens([]),parser_tokens([]),repair_status(repair_disabled),parse_status(parse_skipped_empty_tokens),parsed_sem(none))
2026-05-24T01:29:02 | parse_session | parse_case(semantic(20),gen_status(ok),gen_tokens([twenty]),repaired_tokens([twenty]),parser_tokens([twenty]),repair_status(repair_disabled),parse_status(ok),parsed_sem(20))
2026-05-24T01:29:02 | parse_session | parse_case(semantic(30),gen_status(ok),gen_tokens([thirty]),repaired_tokens([thirty]),parser_tokens([thirty]),repair_status(repair_disabled),parse_status(ok),parsed_sem(30))
2026-05-24T01:29:02 | parse_session | parse_case(semantic(50),gen_status(ok),gen_tokens([fifty]),repaired_tokens([fifty]),parser_tokens([fifty]),repair_status(repair_disabled),parse_status(ok),parsed_sem(50))
2026-05-24T01:29:02 | parse_session | parse_case(semantic('1X+10'(4)),gen_status(ok),gen_tokens([four,teen]),repaired_tokens([four,teen]),parser_tokens([four,teen]),repair_status(repair_disabled),parse_status(ok),parsed_sem('1X+10'(4)))
2026-05-24T01:29:02 | parse_session | parse_case(semantic('1X+10'(6)),gen_status(ok),gen_tokens([six,teen]),repaired_tokens([six,teen]),parser_tokens([six,teen]),repair_status(repair_disabled),parse_status(parse_fail),parsed_sem(none))
2026-05-24T01:29:02 | parse_session | parse_case(semantic('1X+10'(7)),gen_status(ok),gen_tokens([seven,teen]),repaired_tokens([seven,teen]),parser_tokens([seven,teen]),repair_status(repair_disabled),parse_status(parse_fail),parsed_sem(none))
2026-05-24T01:29:02 | parse_session | parse_case(semantic('0X+18'(8)),gen_status(ok),gen_tokens([eight,een]),repaired_tokens([eight,een]),parser_tokens([eight,een]),repair_status(repair_disabled),parse_status(ok),parsed_sem('0X+18'(8)))
2026-05-24T01:29:02 | parse_session | parse_case(semantic('1X+10'(9)),gen_status(ok),gen_tokens([nine,teen]),repaired_tokens([nine,teen]),parser_tokens([nine,teen]),repair_status(repair_disabled),parse_status(parse_fail),parsed_sem(none))
2026-05-24T01:29:02 | parse_session | parse_case(semantic('1X+20'(1)),gen_status(ok),gen_tokens([twenty,one]),repaired_tokens([twenty,one]),parser_tokens([twenty_,one]),repair_status(repair_disabled),parse_status(ok),parsed_sem('1X+20'(1)))
2026-05-24T01:29:02 | parse_session | parse_case(semantic('1X+20'(2)),gen_status(ok),gen_tokens([twenty,two]),repaired_tokens([twenty,two]),parser_tokens([twenty_,two]),repair_status(repair_disabled),parse_status(ok),parsed_sem('1X+20'(2)))
2026-05-24T01:29:02 | parse_session | parse_case(semantic('1X+20'(3)),gen_status(ok),gen_tokens([twenty,three]),repaired_tokens([twenty,three]),parser_tokens([twenty_,three]),repair_status(repair_disabled),parse_status(ok),parsed_sem('1X+20'(3)))
2026-05-24T01:29:02 | parse_session | parse_case(semantic('1X+20'(4)),gen_status(ok),gen_tokens([twenty]),repaired_tokens([twenty]),parser_tokens([twenty]),repair_status(repair_disabled),parse_status(ok),parsed_sem(20))
2026-05-24T01:29:02 | parse_session | parse_case(semantic('1X+20'(5)),gen_status(ok),gen_tokens([twenty,five]),repaired_tokens([twenty,five]),parser_tokens([twenty_,five]),repair_status(repair_disabled),parse_status(ok),parsed_sem('1X+20'(5)))
2026-05-24T01:29:02 | parse_session | parse_case(semantic('1X+20'(6)),gen_status(ok),gen_tokens([twenty]),repaired_tokens([twenty]),parser_tokens([twenty]),repair_status(repair_disabled),parse_status(ok),parsed_sem(20))
2026-05-24T01:29:02 | parse_session | parse_case(semantic('1X+20'(7)),gen_status(ok),gen_tokens([twenty]),repaired_tokens([twenty]),parser_tokens([twenty]),repair_status(repair_disabled),parse_status(ok),parsed_sem(20))
2026-05-24T01:29:02 | parse_session | parse_case(semantic('1X+20'(8)),gen_status(ok),gen_tokens([twenty]),repaired_tokens([twenty]),parser_tokens([twenty]),repair_status(repair_disabled),parse_status(ok),parsed_sem(20))
2026-05-24T01:29:02 | parse_session | parse_case(semantic('1X+20'(9)),gen_status(ok),gen_tokens([twenty]),repaired_tokens([twenty]),parser_tokens([twenty]),repair_status(repair_disabled),parse_status(ok),parsed_sem(20))
2026-05-24T01:29:02 | parse_session | parse_case(semantic('1X+30'(1)),gen_status(ok),gen_tokens([thirty,one]),repaired_tokens([thirty,one]),parser_tokens([thirty_,one]),repair_status(repair_disabled),parse_status(ok),parsed_sem('1X+30'(1)))
2026-05-24T01:29:02 | parse_session | parse_case(semantic('1X+30'(2)),gen_status(ok),gen_tokens([thirty,two]),repaired_tokens([thirty,two]),parser_tokens([thirty_,two]),repair_status(repair_disabled),parse_status(ok),parsed_sem('1X+30'(2)))
2026-05-24T01:29:02 | parse_session | parse_case(semantic('1X+30'(3)),gen_status(ok),gen_tokens([thirty,three]),repaired_tokens([thirty,three]),parser_tokens([thirty_,three]),repair_status(repair_disabled),parse_status(ok),parsed_sem('1X+30'(3)))
2026-05-24T01:29:02 | parse_session | parse_case(semantic('1X+30'(4)),gen_status(ok),gen_tokens([thirty]),repaired_tokens([thirty]),parser_tokens([thirty]),repair_status(repair_disabled),parse_status(ok),parsed_sem(30))
2026-05-24T01:29:02 | parse_session | parse_case(semantic('1X+30'(5)),gen_status(ok),gen_tokens([thirty,five]),repaired_tokens([thirty,five]),parser_tokens([thirty_,five]),repair_status(repair_disabled),parse_status(ok),parsed_sem('1X+30'(5)))
2026-05-24T01:29:02 | parse_session | parse_case(semantic('1X+30'(6)),gen_status(ok),gen_tokens([thirty]),repaired_tokens([thirty]),parser_tokens([thirty]),repair_status(repair_disabled),parse_status(ok),parsed_sem(30))
2026-05-24T01:29:02 | parse_session | parse_case(semantic('1X+30'(7)),gen_status(ok),gen_tokens([thirty]),repaired_tokens([thirty]),parser_tokens([thirty]),repair_status(repair_disabled),parse_status(ok),parsed_sem(30))
2026-05-24T01:29:02 | parse_session | parse_case(semantic('1X+30'(8)),gen_status(ok),gen_tokens([thirty]),repaired_tokens([thirty]),parser_tokens([thirty]),repair_status(repair_disabled),parse_status(ok),parsed_sem(30))
2026-05-24T01:29:02 | parse_session | parse_case(semantic('1X+30'(9)),gen_status(ok),gen_tokens([thirty]),repaired_tokens([thirty]),parser_tokens([thirty]),repair_status(repair_disabled),parse_status(ok),parsed_sem(30))
2026-05-24T01:29:02 | parse_session | parse_case(semantic('1X+50'(1)),gen_status(ok),gen_tokens([fifty,one]),repaired_tokens([fifty,one]),parser_tokens([fifty_,one]),repair_status(repair_disabled),parse_status(ok),parsed_sem('1X+50'(1)))
2026-05-24T01:29:02 | parse_session | parse_case(semantic('1X+50'(2)),gen_status(ok),gen_tokens([fifty,two]),repaired_tokens([fifty,two]),parser_tokens([fifty_,two]),repair_status(repair_disabled),parse_status(ok),parsed_sem('1X+50'(2)))
2026-05-24T01:29:02 | parse_session | parse_case(semantic('1X+50'(3)),gen_status(ok),gen_tokens([fifty,three]),repaired_tokens([fifty,three]),parser_tokens([fifty_,three]),repair_status(repair_disabled),parse_status(ok),parsed_sem('1X+50'(3)))
2026-05-24T01:29:02 | parse_session | parse_case(semantic('1X+50'(4)),gen_status(ok),gen_tokens([fifty]),repaired_tokens([fifty]),parser_tokens([fifty]),repair_status(repair_disabled),parse_status(ok),parsed_sem(50))
2026-05-24T01:29:02 | parse_session | parse_case(semantic('1X+50'(5)),gen_status(ok),gen_tokens([fifty,five]),repaired_tokens([fifty,five]),parser_tokens([fifty_,five]),repair_status(repair_disabled),parse_status(ok),parsed_sem('1X+50'(5)))
2026-05-24T01:29:02 | parse_session | parse_case(semantic('1X+50'(6)),gen_status(ok),gen_tokens([fifty]),repaired_tokens([fifty]),parser_tokens([fifty]),repair_status(repair_disabled),parse_status(ok),parsed_sem(50))
2026-05-24T01:29:02 | parse_session | parse_case(semantic('1X+50'(7)),gen_status(ok),gen_tokens([fifty]),repaired_tokens([fifty]),parser_tokens([fifty]),repair_status(repair_disabled),parse_status(ok),parsed_sem(50))
2026-05-24T01:29:02 | parse_session | parse_case(semantic('1X+50'(8)),gen_status(ok),gen_tokens([fifty]),repaired_tokens([fifty]),parser_tokens([fifty]),repair_status(repair_disabled),parse_status(ok),parsed_sem(50))
2026-05-24T01:29:02 | parse_session | parse_case(semantic('1X+50'(9)),gen_status(ok),gen_tokens([fifty]),repaired_tokens([fifty]),parser_tokens([fifty]),repair_status(repair_disabled),parse_status(ok),parsed_sem(50))
2026-05-24T01:29:02 | parse_session | parse_case(semantic('1X+40'(4)),gen_status(gen_empty_yield),gen_tokens([]),repaired_tokens([]),parser_tokens([]),repair_status(repair_disabled),parse_status(parse_skipped_empty_tokens),parsed_sem(none))
2026-05-24T01:29:02 | parse_session | parse_case(semantic('1X+60'(4)),gen_status(gen_empty_yield),gen_tokens([]),repaired_tokens([]),parser_tokens([]),repair_status(repair_disabled),parse_status(parse_skipped_empty_tokens),parsed_sem(none))
2026-05-24T01:29:02 | parse_session | parse_case(semantic('1X+70'(4)),gen_status(gen_empty_yield),gen_tokens([]),repaired_tokens([]),parser_tokens([]),repair_status(repair_disabled),parse_status(parse_skipped_empty_tokens),parsed_sem(none))
2026-05-24T01:29:02 | parse_session | parse_case(semantic('1X+80'(4)),gen_status(gen_empty_yield),gen_tokens([]),repaired_tokens([]),parser_tokens([]),repair_status(repair_disabled),parse_status(parse_skipped_empty_tokens),parsed_sem(none))
2026-05-24T01:29:02 | parse_session | parse_case(semantic('1X+90'(4)),gen_status(gen_empty_yield),gen_tokens([]),repaired_tokens([]),parser_tokens([]),repair_status(repair_disabled),parse_status(parse_skipped_empty_tokens),parsed_sem(none))
2026-05-24T01:29:02 | system | parse_run_end
2026-05-24T01:31:02 | system | gen_run_start
2026-05-24T01:31:02 | configuration | gen_run(profile_name(english_numbers_profile),generator_name('MG Generator'),generator_main_file('../../SemanticGenerator/MG-Generator/main.pl'),generator_lexicon_name(numbers_Gen),generator_lexicon_file('../../SemanticGenerator/MG-Generator/grammars/numbers_Gen.pl'),semantic_cases_file('../cases/test_cases.pl'),gen_out_file('../generated/gen_out.pl'),forward_gen_tree_report_file('../generated/forward_gen_tree_report.txt'),repair_enabled(false),smoothing_enabled(false),smoothing_style(none))
2026-05-24T01:31:02 | gen_session | gen_case(semantic(1),status(ok),tokens([one]),sentence(one))
2026-05-24T01:31:02 | gen_session | gen_case(semantic(2),status(ok),tokens([two]),sentence(two))
2026-05-24T01:31:02 | gen_session | gen_case(semantic(3),status(ok),tokens([three]),sentence(three))
2026-05-24T01:31:02 | gen_session | gen_case(semantic(4),status(ok),tokens([four]),sentence(four))
2026-05-24T01:31:02 | gen_session | gen_case(semantic(5),status(ok),tokens([five]),sentence(five))
2026-05-24T01:31:02 | gen_session | gen_case(semantic(6),status(ok),tokens([six]),sentence(six))
2026-05-24T01:31:02 | gen_session | gen_case(semantic(7),status(ok),tokens([seven]),sentence(seven))
2026-05-24T01:31:02 | gen_session | gen_case(semantic(8),status(ok),tokens([eight]),sentence(eight))
2026-05-24T01:31:02 | gen_session | gen_case(semantic(9),status(ok),tokens([nine]),sentence(nine))
2026-05-24T01:31:02 | gen_session | gen_case(semantic(10),status(ok),tokens([ten]),sentence(ten))
2026-05-24T01:31:02 | gen_session | gen_case(semantic(11),status(ok),tokens([eleven]),sentence(eleven))
2026-05-24T01:31:02 | gen_session | gen_case(semantic(12),status(ok),tokens([twelve]),sentence(twelve))
2026-05-24T01:31:02 | gen_session | gen_case(semantic(13),status(ok),tokens([thirteen]),sentence(thirteen))
2026-05-24T01:31:02 | gen_session | gen_case(semantic(15),status(ok),tokens([fifteen]),sentence(fifteen))
2026-05-24T01:31:02 | gen_session | gen_case(semantic(18),status(gen_empty_yield),tokens([]),sentence(''))
2026-05-24T01:31:02 | gen_session | gen_case(semantic(20),status(ok),tokens([twenty]),sentence(twenty))
2026-05-24T01:31:02 | gen_session | gen_case(semantic(30),status(ok),tokens([thirty]),sentence(thirty))
2026-05-24T01:31:02 | gen_session | gen_case(semantic(50),status(ok),tokens([fifty]),sentence(fifty))
2026-05-24T01:31:02 | gen_session | gen_case(semantic('1X+10'(4)),status(ok),tokens([four,teen]),sentence(fourteen))
2026-05-24T01:31:02 | gen_session | gen_case(semantic('1X+10'(6)),status(ok),tokens([six,teen]),sentence(sixteen))
2026-05-24T01:31:02 | gen_session | gen_case(semantic('1X+10'(7)),status(ok),tokens([seven,teen]),sentence(seventeen))
2026-05-24T01:31:02 | gen_session | gen_case(semantic('0X+18'(8)),status(ok),tokens([eight,een]),sentence(eighteen))
2026-05-24T01:31:02 | gen_session | gen_case(semantic('1X+10'(9)),status(ok),tokens([nine,teen]),sentence(nineteen))
2026-05-24T01:31:02 | gen_session | gen_case(semantic('1X+20'(1)),status(ok),tokens([twenty,one]),sentence(twentyone))
2026-05-24T01:31:02 | gen_session | gen_case(semantic('1X+20'(2)),status(ok),tokens([twenty,two]),sentence(twentytwo))
2026-05-24T01:31:02 | gen_session | gen_case(semantic('1X+20'(3)),status(ok),tokens([twenty,three]),sentence(twentythree))
2026-05-24T01:31:02 | gen_session | gen_case(semantic('1X+20'(4)),status(ok),tokens([twenty]),sentence(twenty))
2026-05-24T01:31:02 | gen_session | gen_case(semantic('1X+20'(5)),status(ok),tokens([twenty,five]),sentence(twentyfive))
2026-05-24T01:31:02 | gen_session | gen_case(semantic('1X+20'(6)),status(ok),tokens([twenty]),sentence(twenty))
2026-05-24T01:31:02 | gen_session | gen_case(semantic('1X+20'(7)),status(ok),tokens([twenty]),sentence(twenty))
2026-05-24T01:31:02 | gen_session | gen_case(semantic('1X+20'(8)),status(ok),tokens([twenty]),sentence(twenty))
2026-05-24T01:31:02 | gen_session | gen_case(semantic('1X+20'(9)),status(ok),tokens([twenty]),sentence(twenty))
2026-05-24T01:31:02 | gen_session | gen_case(semantic('1X+30'(1)),status(ok),tokens([thirty,one]),sentence(thirtyone))
2026-05-24T01:31:02 | gen_session | gen_case(semantic('1X+30'(2)),status(ok),tokens([thirty,two]),sentence(thirtytwo))
2026-05-24T01:31:02 | gen_session | gen_case(semantic('1X+30'(3)),status(ok),tokens([thirty,three]),sentence(thirtythree))
2026-05-24T01:31:02 | gen_session | gen_case(semantic('1X+30'(4)),status(ok),tokens([thirty]),sentence(thirty))
2026-05-24T01:31:02 | gen_session | gen_case(semantic('1X+30'(5)),status(ok),tokens([thirty,five]),sentence(thirtyfive))
2026-05-24T01:31:02 | gen_session | gen_case(semantic('1X+30'(6)),status(ok),tokens([thirty]),sentence(thirty))
2026-05-24T01:31:02 | gen_session | gen_case(semantic('1X+30'(7)),status(ok),tokens([thirty]),sentence(thirty))
2026-05-24T01:31:02 | gen_session | gen_case(semantic('1X+30'(8)),status(ok),tokens([thirty]),sentence(thirty))
2026-05-24T01:31:02 | gen_session | gen_case(semantic('1X+30'(9)),status(ok),tokens([thirty]),sentence(thirty))
2026-05-24T01:31:02 | gen_session | gen_case(semantic('1X+50'(1)),status(ok),tokens([fifty,one]),sentence(fiftyone))
2026-05-24T01:31:02 | gen_session | gen_case(semantic('1X+50'(2)),status(ok),tokens([fifty,two]),sentence(fiftytwo))
2026-05-24T01:31:02 | gen_session | gen_case(semantic('1X+50'(3)),status(ok),tokens([fifty,three]),sentence(fiftythree))
2026-05-24T01:31:02 | gen_session | gen_case(semantic('1X+50'(4)),status(ok),tokens([fifty]),sentence(fifty))
2026-05-24T01:31:02 | gen_session | gen_case(semantic('1X+50'(5)),status(ok),tokens([fifty,five]),sentence(fiftyfive))
2026-05-24T01:31:02 | gen_session | gen_case(semantic('1X+50'(6)),status(ok),tokens([fifty]),sentence(fifty))
2026-05-24T01:31:02 | gen_session | gen_case(semantic('1X+50'(7)),status(ok),tokens([fifty]),sentence(fifty))
2026-05-24T01:31:02 | gen_session | gen_case(semantic('1X+50'(8)),status(ok),tokens([fifty]),sentence(fifty))
2026-05-24T01:31:02 | gen_session | gen_case(semantic('1X+50'(9)),status(ok),tokens([fifty]),sentence(fifty))
2026-05-24T01:31:02 | gen_session | gen_case(semantic('1X+40'(4)),status(gen_empty_yield),tokens([]),sentence(''))
2026-05-24T01:31:02 | gen_session | gen_case(semantic('1X+60'(4)),status(gen_empty_yield),tokens([]),sentence(''))
2026-05-24T01:31:02 | gen_session | gen_case(semantic('1X+70'(4)),status(gen_empty_yield),tokens([]),sentence(''))
2026-05-24T01:31:02 | gen_session | gen_case(semantic('1X+80'(4)),status(gen_empty_yield),tokens([]),sentence(''))
2026-05-24T01:31:02 | gen_session | gen_case(semantic('1X+90'(4)),status(gen_empty_yield),tokens([]),sentence(''))
2026-05-24T01:31:02 | system | gen_run_end
2026-05-24T01:31:02 | system | parse_run_start
2026-05-24T01:31:02 | configuration | parse_run(profile_name(english_numbers_profile),parser_name('MG LC Parser'),parser_load_file('../../MG-LC-Parser-with-Semantic-main/load.pl'),parser_semantics_file('../../MG-LC-Parser-with-Semantic-main/sem_from_tree.pl'),parser_lexicon_name('English_trans_pruned'),parser_lexicon_file('../../MG-LC-Parser-with-Semantic-main/grammars/English_trans_pruned.pl'),gen_out_file('../generated/gen_out.pl'),parse_out_file('../generated/parse_out.pl'),forward_parse_tree_report_file('../generated/forward_parse_tree_report.txt'),repair_enabled(false),smoothing_enabled(false),smoothing_style(none))
2026-05-24T01:31:02 | parse_session | parse_case(semantic(1),gen_status(ok),gen_tokens([one]),repaired_tokens([one]),parser_tokens([one]),repair_status(repair_disabled),parse_status(ok),parsed_sem(1))
2026-05-24T01:31:02 | parse_session | parse_case(semantic(2),gen_status(ok),gen_tokens([two]),repaired_tokens([two]),parser_tokens([two]),repair_status(repair_disabled),parse_status(ok),parsed_sem(2))
2026-05-24T01:31:02 | parse_session | parse_case(semantic(3),gen_status(ok),gen_tokens([three]),repaired_tokens([three]),parser_tokens([three]),repair_status(repair_disabled),parse_status(ok),parsed_sem(3))
2026-05-24T01:31:02 | parse_session | parse_case(semantic(4),gen_status(ok),gen_tokens([four]),repaired_tokens([four]),parser_tokens([four]),repair_status(repair_disabled),parse_status(ok),parsed_sem(4))
2026-05-24T01:31:02 | parse_session | parse_case(semantic(5),gen_status(ok),gen_tokens([five]),repaired_tokens([five]),parser_tokens([five]),repair_status(repair_disabled),parse_status(ok),parsed_sem(5))
2026-05-24T01:31:02 | parse_session | parse_case(semantic(6),gen_status(ok),gen_tokens([six]),repaired_tokens([six]),parser_tokens([six]),repair_status(repair_disabled),parse_status(ok),parsed_sem(6))
2026-05-24T01:31:02 | parse_session | parse_case(semantic(7),gen_status(ok),gen_tokens([seven]),repaired_tokens([seven]),parser_tokens([seven]),repair_status(repair_disabled),parse_status(ok),parsed_sem(7))
2026-05-24T01:31:02 | parse_session | parse_case(semantic(8),gen_status(ok),gen_tokens([eight]),repaired_tokens([eight]),parser_tokens([eight]),repair_status(repair_disabled),parse_status(ok),parsed_sem(8))
2026-05-24T01:31:02 | parse_session | parse_case(semantic(9),gen_status(ok),gen_tokens([nine]),repaired_tokens([nine]),parser_tokens([nine]),repair_status(repair_disabled),parse_status(ok),parsed_sem(9))
2026-05-24T01:31:02 | parse_session | parse_case(semantic(10),gen_status(ok),gen_tokens([ten]),repaired_tokens([ten]),parser_tokens([ten]),repair_status(repair_disabled),parse_status(ok),parsed_sem(10))
2026-05-24T01:31:02 | parse_session | parse_case(semantic(11),gen_status(ok),gen_tokens([eleven]),repaired_tokens([eleven]),parser_tokens([eleven]),repair_status(repair_disabled),parse_status(ok),parsed_sem(11))
2026-05-24T01:31:02 | parse_session | parse_case(semantic(12),gen_status(ok),gen_tokens([twelve]),repaired_tokens([twelve]),parser_tokens([twelve]),repair_status(repair_disabled),parse_status(ok),parsed_sem(12))
2026-05-24T01:31:02 | parse_session | parse_case(semantic(13),gen_status(ok),gen_tokens([thirteen]),repaired_tokens([thirteen]),parser_tokens([thirteen]),repair_status(repair_disabled),parse_status(ok),parsed_sem(13))
2026-05-24T01:31:02 | parse_session | parse_case(semantic(15),gen_status(ok),gen_tokens([fifteen]),repaired_tokens([fifteen]),parser_tokens([fifteen]),repair_status(repair_disabled),parse_status(ok),parsed_sem(15))
2026-05-24T01:31:02 | parse_session | parse_case(semantic(18),gen_status(gen_empty_yield),gen_tokens([]),repaired_tokens([]),parser_tokens([]),repair_status(repair_disabled),parse_status(parse_skipped_empty_tokens),parsed_sem(none))
2026-05-24T01:31:02 | parse_session | parse_case(semantic(20),gen_status(ok),gen_tokens([twenty]),repaired_tokens([twenty]),parser_tokens([twenty]),repair_status(repair_disabled),parse_status(ok),parsed_sem(20))
2026-05-24T01:31:02 | parse_session | parse_case(semantic(30),gen_status(ok),gen_tokens([thirty]),repaired_tokens([thirty]),parser_tokens([thirty]),repair_status(repair_disabled),parse_status(ok),parsed_sem(30))
2026-05-24T01:31:02 | parse_session | parse_case(semantic(50),gen_status(ok),gen_tokens([fifty]),repaired_tokens([fifty]),parser_tokens([fifty]),repair_status(repair_disabled),parse_status(ok),parsed_sem(50))
2026-05-24T01:31:02 | parse_session | parse_case(semantic('1X+10'(4)),gen_status(ok),gen_tokens([four,teen]),repaired_tokens([four,teen]),parser_tokens([four,teen]),repair_status(repair_disabled),parse_status(ok),parsed_sem('1X+10'(4)))
2026-05-24T01:31:02 | parse_session | parse_case(semantic('1X+10'(6)),gen_status(ok),gen_tokens([six,teen]),repaired_tokens([six,teen]),parser_tokens([six,teen]),repair_status(repair_disabled),parse_status(parse_fail),parsed_sem(none))
2026-05-24T01:31:02 | parse_session | parse_case(semantic('1X+10'(7)),gen_status(ok),gen_tokens([seven,teen]),repaired_tokens([seven,teen]),parser_tokens([seven,teen]),repair_status(repair_disabled),parse_status(parse_fail),parsed_sem(none))
2026-05-24T01:31:02 | parse_session | parse_case(semantic('0X+18'(8)),gen_status(ok),gen_tokens([eight,een]),repaired_tokens([eight,een]),parser_tokens([eight,een]),repair_status(repair_disabled),parse_status(ok),parsed_sem('0X+18'(8)))
2026-05-24T01:31:02 | parse_session | parse_case(semantic('1X+10'(9)),gen_status(ok),gen_tokens([nine,teen]),repaired_tokens([nine,teen]),parser_tokens([nine,teen]),repair_status(repair_disabled),parse_status(parse_fail),parsed_sem(none))
2026-05-24T01:31:02 | parse_session | parse_case(semantic('1X+20'(1)),gen_status(ok),gen_tokens([twenty,one]),repaired_tokens([twenty,one]),parser_tokens([twenty,one]),repair_status(repair_disabled),parse_status(parse_fail),parsed_sem(none))
2026-05-24T01:31:02 | parse_session | parse_case(semantic('1X+20'(2)),gen_status(ok),gen_tokens([twenty,two]),repaired_tokens([twenty,two]),parser_tokens([twenty,two]),repair_status(repair_disabled),parse_status(parse_fail),parsed_sem(none))
2026-05-24T01:31:02 | parse_session | parse_case(semantic('1X+20'(3)),gen_status(ok),gen_tokens([twenty,three]),repaired_tokens([twenty,three]),parser_tokens([twenty,three]),repair_status(repair_disabled),parse_status(parse_fail),parsed_sem(none))
2026-05-24T01:31:02 | parse_session | parse_case(semantic('1X+20'(4)),gen_status(ok),gen_tokens([twenty]),repaired_tokens([twenty]),parser_tokens([twenty]),repair_status(repair_disabled),parse_status(ok),parsed_sem(20))
2026-05-24T01:31:02 | parse_session | parse_case(semantic('1X+20'(5)),gen_status(ok),gen_tokens([twenty,five]),repaired_tokens([twenty,five]),parser_tokens([twenty,five]),repair_status(repair_disabled),parse_status(parse_fail),parsed_sem(none))
2026-05-24T01:31:02 | parse_session | parse_case(semantic('1X+20'(6)),gen_status(ok),gen_tokens([twenty]),repaired_tokens([twenty]),parser_tokens([twenty]),repair_status(repair_disabled),parse_status(ok),parsed_sem(20))
2026-05-24T01:31:02 | parse_session | parse_case(semantic('1X+20'(7)),gen_status(ok),gen_tokens([twenty]),repaired_tokens([twenty]),parser_tokens([twenty]),repair_status(repair_disabled),parse_status(ok),parsed_sem(20))
2026-05-24T01:31:02 | parse_session | parse_case(semantic('1X+20'(8)),gen_status(ok),gen_tokens([twenty]),repaired_tokens([twenty]),parser_tokens([twenty]),repair_status(repair_disabled),parse_status(ok),parsed_sem(20))
2026-05-24T01:31:02 | parse_session | parse_case(semantic('1X+20'(9)),gen_status(ok),gen_tokens([twenty]),repaired_tokens([twenty]),parser_tokens([twenty]),repair_status(repair_disabled),parse_status(ok),parsed_sem(20))
2026-05-24T01:31:02 | parse_session | parse_case(semantic('1X+30'(1)),gen_status(ok),gen_tokens([thirty,one]),repaired_tokens([thirty,one]),parser_tokens([thirty,one]),repair_status(repair_disabled),parse_status(parse_fail),parsed_sem(none))
2026-05-24T01:31:02 | parse_session | parse_case(semantic('1X+30'(2)),gen_status(ok),gen_tokens([thirty,two]),repaired_tokens([thirty,two]),parser_tokens([thirty,two]),repair_status(repair_disabled),parse_status(parse_fail),parsed_sem(none))
2026-05-24T01:31:02 | parse_session | parse_case(semantic('1X+30'(3)),gen_status(ok),gen_tokens([thirty,three]),repaired_tokens([thirty,three]),parser_tokens([thirty,three]),repair_status(repair_disabled),parse_status(parse_fail),parsed_sem(none))
2026-05-24T01:31:02 | parse_session | parse_case(semantic('1X+30'(4)),gen_status(ok),gen_tokens([thirty]),repaired_tokens([thirty]),parser_tokens([thirty]),repair_status(repair_disabled),parse_status(ok),parsed_sem(30))
2026-05-24T01:31:02 | parse_session | parse_case(semantic('1X+30'(5)),gen_status(ok),gen_tokens([thirty,five]),repaired_tokens([thirty,five]),parser_tokens([thirty,five]),repair_status(repair_disabled),parse_status(parse_fail),parsed_sem(none))
2026-05-24T01:31:02 | parse_session | parse_case(semantic('1X+30'(6)),gen_status(ok),gen_tokens([thirty]),repaired_tokens([thirty]),parser_tokens([thirty]),repair_status(repair_disabled),parse_status(ok),parsed_sem(30))
2026-05-24T01:31:02 | parse_session | parse_case(semantic('1X+30'(7)),gen_status(ok),gen_tokens([thirty]),repaired_tokens([thirty]),parser_tokens([thirty]),repair_status(repair_disabled),parse_status(ok),parsed_sem(30))
2026-05-24T01:31:02 | parse_session | parse_case(semantic('1X+30'(8)),gen_status(ok),gen_tokens([thirty]),repaired_tokens([thirty]),parser_tokens([thirty]),repair_status(repair_disabled),parse_status(ok),parsed_sem(30))
2026-05-24T01:31:02 | parse_session | parse_case(semantic('1X+30'(9)),gen_status(ok),gen_tokens([thirty]),repaired_tokens([thirty]),parser_tokens([thirty]),repair_status(repair_disabled),parse_status(ok),parsed_sem(30))
2026-05-24T01:31:02 | parse_session | parse_case(semantic('1X+50'(1)),gen_status(ok),gen_tokens([fifty,one]),repaired_tokens([fifty,one]),parser_tokens([fifty,one]),repair_status(repair_disabled),parse_status(parse_fail),parsed_sem(none))
2026-05-24T01:31:02 | parse_session | parse_case(semantic('1X+50'(2)),gen_status(ok),gen_tokens([fifty,two]),repaired_tokens([fifty,two]),parser_tokens([fifty,two]),repair_status(repair_disabled),parse_status(parse_fail),parsed_sem(none))
2026-05-24T01:31:02 | parse_session | parse_case(semantic('1X+50'(3)),gen_status(ok),gen_tokens([fifty,three]),repaired_tokens([fifty,three]),parser_tokens([fifty,three]),repair_status(repair_disabled),parse_status(parse_fail),parsed_sem(none))
2026-05-24T01:31:02 | parse_session | parse_case(semantic('1X+50'(4)),gen_status(ok),gen_tokens([fifty]),repaired_tokens([fifty]),parser_tokens([fifty]),repair_status(repair_disabled),parse_status(ok),parsed_sem(50))
2026-05-24T01:31:02 | parse_session | parse_case(semantic('1X+50'(5)),gen_status(ok),gen_tokens([fifty,five]),repaired_tokens([fifty,five]),parser_tokens([fifty,five]),repair_status(repair_disabled),parse_status(parse_fail),parsed_sem(none))
2026-05-24T01:31:02 | parse_session | parse_case(semantic('1X+50'(6)),gen_status(ok),gen_tokens([fifty]),repaired_tokens([fifty]),parser_tokens([fifty]),repair_status(repair_disabled),parse_status(ok),parsed_sem(50))
2026-05-24T01:31:02 | parse_session | parse_case(semantic('1X+50'(7)),gen_status(ok),gen_tokens([fifty]),repaired_tokens([fifty]),parser_tokens([fifty]),repair_status(repair_disabled),parse_status(ok),parsed_sem(50))
2026-05-24T01:31:02 | parse_session | parse_case(semantic('1X+50'(8)),gen_status(ok),gen_tokens([fifty]),repaired_tokens([fifty]),parser_tokens([fifty]),repair_status(repair_disabled),parse_status(ok),parsed_sem(50))
2026-05-24T01:31:02 | parse_session | parse_case(semantic('1X+50'(9)),gen_status(ok),gen_tokens([fifty]),repaired_tokens([fifty]),parser_tokens([fifty]),repair_status(repair_disabled),parse_status(ok),parsed_sem(50))
2026-05-24T01:31:02 | parse_session | parse_case(semantic('1X+40'(4)),gen_status(gen_empty_yield),gen_tokens([]),repaired_tokens([]),parser_tokens([]),repair_status(repair_disabled),parse_status(parse_skipped_empty_tokens),parsed_sem(none))
2026-05-24T01:31:02 | parse_session | parse_case(semantic('1X+60'(4)),gen_status(gen_empty_yield),gen_tokens([]),repaired_tokens([]),parser_tokens([]),repair_status(repair_disabled),parse_status(parse_skipped_empty_tokens),parsed_sem(none))
2026-05-24T01:31:02 | parse_session | parse_case(semantic('1X+70'(4)),gen_status(gen_empty_yield),gen_tokens([]),repaired_tokens([]),parser_tokens([]),repair_status(repair_disabled),parse_status(parse_skipped_empty_tokens),parsed_sem(none))
2026-05-24T01:31:02 | parse_session | parse_case(semantic('1X+80'(4)),gen_status(gen_empty_yield),gen_tokens([]),repaired_tokens([]),parser_tokens([]),repair_status(repair_disabled),parse_status(parse_skipped_empty_tokens),parsed_sem(none))
2026-05-24T01:31:02 | parse_session | parse_case(semantic('1X+90'(4)),gen_status(gen_empty_yield),gen_tokens([]),repaired_tokens([]),parser_tokens([]),repair_status(repair_disabled),parse_status(parse_skipped_empty_tokens),parsed_sem(none))
2026-05-24T01:31:02 | system | parse_run_end
2026-05-24T01:36:31 | system | gen_run_start
2026-05-24T01:36:31 | configuration | gen_run(profile_name(english_numbers_profile),generator_name('MG Generator'),generator_main_file('../../SemanticGenerator/MG-Generator/main.pl'),generator_lexicon_name(numbers_Gen),generator_lexicon_file('../../SemanticGenerator/MG-Generator/grammars/numbers_Gen.pl'),semantic_cases_file('../cases/test_cases.pl'),gen_out_file('../generated/gen_out.pl'),forward_gen_tree_report_file('../generated/forward_gen_tree_report.txt'),repair_enabled(false),smoothing_enabled(false),smoothing_style(none))
2026-05-24T01:36:31 | gen_session | gen_case(semantic(1),status(ok),tokens([one]),sentence(one))
2026-05-24T01:36:31 | gen_session | gen_case(semantic(2),status(ok),tokens([two]),sentence(two))
2026-05-24T01:36:31 | gen_session | gen_case(semantic(3),status(ok),tokens([three]),sentence(three))
2026-05-24T01:36:31 | gen_session | gen_case(semantic(4),status(ok),tokens([four]),sentence(four))
2026-05-24T01:36:31 | gen_session | gen_case(semantic(5),status(ok),tokens([five]),sentence(five))
2026-05-24T01:36:31 | gen_session | gen_case(semantic(6),status(ok),tokens([six]),sentence(six))
2026-05-24T01:36:31 | gen_session | gen_case(semantic(7),status(ok),tokens([seven]),sentence(seven))
2026-05-24T01:36:31 | gen_session | gen_case(semantic(8),status(ok),tokens([eight]),sentence(eight))
2026-05-24T01:36:31 | gen_session | gen_case(semantic(9),status(ok),tokens([nine]),sentence(nine))
2026-05-24T01:36:31 | gen_session | gen_case(semantic(10),status(ok),tokens([ten]),sentence(ten))
2026-05-24T01:36:31 | gen_session | gen_case(semantic(11),status(ok),tokens([eleven]),sentence(eleven))
2026-05-24T01:36:31 | gen_session | gen_case(semantic(12),status(ok),tokens([twelve]),sentence(twelve))
2026-05-24T01:36:31 | gen_session | gen_case(semantic(13),status(ok),tokens([thirteen]),sentence(thirteen))
2026-05-24T01:36:31 | gen_session | gen_case(semantic(15),status(ok),tokens([fifteen]),sentence(fifteen))
2026-05-24T01:36:31 | gen_session | gen_case(semantic(18),status(gen_empty_yield),tokens([]),sentence(''))
2026-05-24T01:36:31 | gen_session | gen_case(semantic(20),status(ok),tokens([twenty]),sentence(twenty))
2026-05-24T01:36:31 | gen_session | gen_case(semantic(30),status(ok),tokens([thirty]),sentence(thirty))
2026-05-24T01:36:31 | gen_session | gen_case(semantic(50),status(ok),tokens([fifty]),sentence(fifty))
2026-05-24T01:36:31 | gen_session | gen_case(semantic('1X+10'(4)),status(ok),tokens([four,teen]),sentence(fourteen))
2026-05-24T01:36:31 | gen_session | gen_case(semantic('1X+10'(6)),status(ok),tokens([six,teen]),sentence(sixteen))
2026-05-24T01:36:31 | gen_session | gen_case(semantic('1X+10'(7)),status(ok),tokens([seven,teen]),sentence(seventeen))
2026-05-24T01:36:31 | gen_session | gen_case(semantic('0X+18'(8)),status(ok),tokens([eight,een]),sentence(eighteen))
2026-05-24T01:36:31 | gen_session | gen_case(semantic('1X+10'(9)),status(ok),tokens([nine,teen]),sentence(nineteen))
2026-05-24T01:36:31 | gen_session | gen_case(semantic('1X+20'(1)),status(ok),tokens([twenty,one]),sentence(twentyone))
2026-05-24T01:36:31 | gen_session | gen_case(semantic('1X+20'(2)),status(ok),tokens([twenty,two]),sentence(twentytwo))
2026-05-24T01:36:31 | gen_session | gen_case(semantic('1X+20'(3)),status(ok),tokens([twenty,three]),sentence(twentythree))
2026-05-24T01:36:31 | gen_session | gen_case(semantic('1X+20'(4)),status(ok),tokens([twenty]),sentence(twenty))
2026-05-24T01:36:31 | gen_session | gen_case(semantic('1X+20'(5)),status(ok),tokens([twenty,five]),sentence(twentyfive))
2026-05-24T01:36:31 | gen_session | gen_case(semantic('1X+20'(6)),status(ok),tokens([twenty]),sentence(twenty))
2026-05-24T01:36:31 | gen_session | gen_case(semantic('1X+20'(7)),status(ok),tokens([twenty]),sentence(twenty))
2026-05-24T01:36:31 | gen_session | gen_case(semantic('1X+20'(8)),status(ok),tokens([twenty]),sentence(twenty))
2026-05-24T01:36:31 | gen_session | gen_case(semantic('1X+20'(9)),status(ok),tokens([twenty]),sentence(twenty))
2026-05-24T01:36:31 | gen_session | gen_case(semantic('1X+30'(1)),status(ok),tokens([thirty,one]),sentence(thirtyone))
2026-05-24T01:36:31 | gen_session | gen_case(semantic('1X+30'(2)),status(ok),tokens([thirty,two]),sentence(thirtytwo))
2026-05-24T01:36:31 | gen_session | gen_case(semantic('1X+30'(3)),status(ok),tokens([thirty,three]),sentence(thirtythree))
2026-05-24T01:36:31 | gen_session | gen_case(semantic('1X+30'(4)),status(ok),tokens([thirty]),sentence(thirty))
2026-05-24T01:36:31 | gen_session | gen_case(semantic('1X+30'(5)),status(ok),tokens([thirty,five]),sentence(thirtyfive))
2026-05-24T01:36:31 | gen_session | gen_case(semantic('1X+30'(6)),status(ok),tokens([thirty]),sentence(thirty))
2026-05-24T01:36:31 | gen_session | gen_case(semantic('1X+30'(7)),status(ok),tokens([thirty]),sentence(thirty))
2026-05-24T01:36:31 | gen_session | gen_case(semantic('1X+30'(8)),status(ok),tokens([thirty]),sentence(thirty))
2026-05-24T01:36:31 | gen_session | gen_case(semantic('1X+30'(9)),status(ok),tokens([thirty]),sentence(thirty))
2026-05-24T01:36:31 | gen_session | gen_case(semantic('1X+50'(1)),status(ok),tokens([fifty,one]),sentence(fiftyone))
2026-05-24T01:36:31 | gen_session | gen_case(semantic('1X+50'(2)),status(ok),tokens([fifty,two]),sentence(fiftytwo))
2026-05-24T01:36:31 | gen_session | gen_case(semantic('1X+50'(3)),status(ok),tokens([fifty,three]),sentence(fiftythree))
2026-05-24T01:36:31 | gen_session | gen_case(semantic('1X+50'(4)),status(ok),tokens([fifty]),sentence(fifty))
2026-05-24T01:36:31 | gen_session | gen_case(semantic('1X+50'(5)),status(ok),tokens([fifty,five]),sentence(fiftyfive))
2026-05-24T01:36:31 | gen_session | gen_case(semantic('1X+50'(6)),status(ok),tokens([fifty]),sentence(fifty))
2026-05-24T01:36:31 | gen_session | gen_case(semantic('1X+50'(7)),status(ok),tokens([fifty]),sentence(fifty))
2026-05-24T01:36:31 | gen_session | gen_case(semantic('1X+50'(8)),status(ok),tokens([fifty]),sentence(fifty))
2026-05-24T01:36:31 | gen_session | gen_case(semantic('1X+50'(9)),status(ok),tokens([fifty]),sentence(fifty))
2026-05-24T01:36:31 | gen_session | gen_case(semantic('1X+40'(4)),status(gen_empty_yield),tokens([]),sentence(''))
2026-05-24T01:36:31 | gen_session | gen_case(semantic('1X+60'(4)),status(gen_empty_yield),tokens([]),sentence(''))
2026-05-24T01:36:31 | gen_session | gen_case(semantic('1X+70'(4)),status(gen_empty_yield),tokens([]),sentence(''))
2026-05-24T01:36:31 | gen_session | gen_case(semantic('1X+80'(4)),status(gen_empty_yield),tokens([]),sentence(''))
2026-05-24T01:36:31 | gen_session | gen_case(semantic('1X+90'(4)),status(gen_empty_yield),tokens([]),sentence(''))
2026-05-24T01:36:31 | system | gen_run_end
2026-05-24T01:36:31 | system | parse_run_start
2026-05-24T01:36:31 | configuration | parse_run(profile_name(english_numbers_profile),parser_name('MG LC Parser'),parser_load_file('../../MG-LC-Parser-with-Semantic-main/load.pl'),parser_semantics_file('../../MG-LC-Parser-with-Semantic-main/sem_from_tree.pl'),parser_lexicon_name('English_trans_pruned'),parser_lexicon_file('../../MG-LC-Parser-with-Semantic-main/grammars/English_trans_pruned.pl'),gen_out_file('../generated/gen_out.pl'),parse_out_file('../generated/parse_out.pl'),forward_parse_tree_report_file('../generated/forward_parse_tree_report.txt'),repair_enabled(false),smoothing_enabled(false),smoothing_style(none))
2026-05-24T01:36:31 | parse_session | parse_case(semantic(1),gen_status(ok),gen_tokens([one]),repaired_tokens([one]),parser_tokens([one]),repair_status(repair_disabled),parse_status(ok),parsed_sem(1))
2026-05-24T01:36:31 | parse_session | parse_case(semantic(2),gen_status(ok),gen_tokens([two]),repaired_tokens([two]),parser_tokens([two]),repair_status(repair_disabled),parse_status(ok),parsed_sem(2))
2026-05-24T01:36:31 | parse_session | parse_case(semantic(3),gen_status(ok),gen_tokens([three]),repaired_tokens([three]),parser_tokens([three]),repair_status(repair_disabled),parse_status(ok),parsed_sem(3))
2026-05-24T01:36:31 | parse_session | parse_case(semantic(4),gen_status(ok),gen_tokens([four]),repaired_tokens([four]),parser_tokens([four]),repair_status(repair_disabled),parse_status(ok),parsed_sem(4))
2026-05-24T01:36:31 | parse_session | parse_case(semantic(5),gen_status(ok),gen_tokens([five]),repaired_tokens([five]),parser_tokens([five]),repair_status(repair_disabled),parse_status(ok),parsed_sem(5))
2026-05-24T01:36:31 | parse_session | parse_case(semantic(6),gen_status(ok),gen_tokens([six]),repaired_tokens([six]),parser_tokens([six]),repair_status(repair_disabled),parse_status(ok),parsed_sem(6))
2026-05-24T01:36:31 | parse_session | parse_case(semantic(7),gen_status(ok),gen_tokens([seven]),repaired_tokens([seven]),parser_tokens([seven]),repair_status(repair_disabled),parse_status(ok),parsed_sem(7))
2026-05-24T01:36:31 | parse_session | parse_case(semantic(8),gen_status(ok),gen_tokens([eight]),repaired_tokens([eight]),parser_tokens([eight]),repair_status(repair_disabled),parse_status(ok),parsed_sem(8))
2026-05-24T01:36:31 | parse_session | parse_case(semantic(9),gen_status(ok),gen_tokens([nine]),repaired_tokens([nine]),parser_tokens([nine]),repair_status(repair_disabled),parse_status(ok),parsed_sem(9))
2026-05-24T01:36:31 | parse_session | parse_case(semantic(10),gen_status(ok),gen_tokens([ten]),repaired_tokens([ten]),parser_tokens([ten]),repair_status(repair_disabled),parse_status(ok),parsed_sem(10))
2026-05-24T01:36:31 | parse_session | parse_case(semantic(11),gen_status(ok),gen_tokens([eleven]),repaired_tokens([eleven]),parser_tokens([eleven]),repair_status(repair_disabled),parse_status(ok),parsed_sem(11))
2026-05-24T01:36:31 | parse_session | parse_case(semantic(12),gen_status(ok),gen_tokens([twelve]),repaired_tokens([twelve]),parser_tokens([twelve]),repair_status(repair_disabled),parse_status(ok),parsed_sem(12))
2026-05-24T01:36:31 | parse_session | parse_case(semantic(13),gen_status(ok),gen_tokens([thirteen]),repaired_tokens([thirteen]),parser_tokens([thirteen]),repair_status(repair_disabled),parse_status(ok),parsed_sem(13))
2026-05-24T01:36:31 | parse_session | parse_case(semantic(15),gen_status(ok),gen_tokens([fifteen]),repaired_tokens([fifteen]),parser_tokens([fifteen]),repair_status(repair_disabled),parse_status(ok),parsed_sem(15))
2026-05-24T01:36:31 | parse_session | parse_case(semantic(18),gen_status(gen_empty_yield),gen_tokens([]),repaired_tokens([]),parser_tokens([]),repair_status(repair_disabled),parse_status(parse_skipped_empty_tokens),parsed_sem(none))
2026-05-24T01:36:31 | parse_session | parse_case(semantic(20),gen_status(ok),gen_tokens([twenty]),repaired_tokens([twenty]),parser_tokens([twenty]),repair_status(repair_disabled),parse_status(ok),parsed_sem(20))
2026-05-24T01:36:31 | parse_session | parse_case(semantic(30),gen_status(ok),gen_tokens([thirty]),repaired_tokens([thirty]),parser_tokens([thirty]),repair_status(repair_disabled),parse_status(ok),parsed_sem(30))
2026-05-24T01:36:31 | parse_session | parse_case(semantic(50),gen_status(ok),gen_tokens([fifty]),repaired_tokens([fifty]),parser_tokens([fifty]),repair_status(repair_disabled),parse_status(ok),parsed_sem(50))
2026-05-24T01:36:31 | parse_session | parse_case(semantic('1X+10'(4)),gen_status(ok),gen_tokens([four,teen]),repaired_tokens([four,teen]),parser_tokens([four,teen]),repair_status(repair_disabled),parse_status(ok),parsed_sem('1X+10'(4)))
2026-05-24T01:36:31 | parse_session | parse_case(semantic('1X+10'(6)),gen_status(ok),gen_tokens([six,teen]),repaired_tokens([six,teen]),parser_tokens([six,teen]),repair_status(repair_disabled),parse_status(parse_fail),parsed_sem(none))
2026-05-24T01:36:31 | parse_session | parse_case(semantic('1X+10'(7)),gen_status(ok),gen_tokens([seven,teen]),repaired_tokens([seven,teen]),parser_tokens([seven,teen]),repair_status(repair_disabled),parse_status(parse_fail),parsed_sem(none))
2026-05-24T01:36:31 | parse_session | parse_case(semantic('0X+18'(8)),gen_status(ok),gen_tokens([eight,een]),repaired_tokens([eight,een]),parser_tokens([eight,een]),repair_status(repair_disabled),parse_status(ok),parsed_sem('0X+18'(8)))
2026-05-24T01:36:31 | parse_session | parse_case(semantic('1X+10'(9)),gen_status(ok),gen_tokens([nine,teen]),repaired_tokens([nine,teen]),parser_tokens([nine,teen]),repair_status(repair_disabled),parse_status(parse_fail),parsed_sem(none))
2026-05-24T01:36:31 | parse_session | parse_case(semantic('1X+20'(1)),gen_status(ok),gen_tokens([twenty,one]),repaired_tokens([twenty,one]),parser_tokens([twenty,one]),repair_status(repair_disabled),parse_status(parse_fail),parsed_sem(none))
2026-05-24T01:36:31 | parse_session | parse_case(semantic('1X+20'(2)),gen_status(ok),gen_tokens([twenty,two]),repaired_tokens([twenty,two]),parser_tokens([twenty,two]),repair_status(repair_disabled),parse_status(parse_fail),parsed_sem(none))
2026-05-24T01:36:31 | parse_session | parse_case(semantic('1X+20'(3)),gen_status(ok),gen_tokens([twenty,three]),repaired_tokens([twenty,three]),parser_tokens([twenty,three]),repair_status(repair_disabled),parse_status(parse_fail),parsed_sem(none))
2026-05-24T01:36:31 | parse_session | parse_case(semantic('1X+20'(4)),gen_status(ok),gen_tokens([twenty]),repaired_tokens([twenty]),parser_tokens([twenty]),repair_status(repair_disabled),parse_status(ok),parsed_sem(20))
2026-05-24T01:36:31 | parse_session | parse_case(semantic('1X+20'(5)),gen_status(ok),gen_tokens([twenty,five]),repaired_tokens([twenty,five]),parser_tokens([twenty,five]),repair_status(repair_disabled),parse_status(parse_fail),parsed_sem(none))
2026-05-24T01:36:31 | parse_session | parse_case(semantic('1X+20'(6)),gen_status(ok),gen_tokens([twenty]),repaired_tokens([twenty]),parser_tokens([twenty]),repair_status(repair_disabled),parse_status(ok),parsed_sem(20))
2026-05-24T01:36:31 | parse_session | parse_case(semantic('1X+20'(7)),gen_status(ok),gen_tokens([twenty]),repaired_tokens([twenty]),parser_tokens([twenty]),repair_status(repair_disabled),parse_status(ok),parsed_sem(20))
2026-05-24T01:36:31 | parse_session | parse_case(semantic('1X+20'(8)),gen_status(ok),gen_tokens([twenty]),repaired_tokens([twenty]),parser_tokens([twenty]),repair_status(repair_disabled),parse_status(ok),parsed_sem(20))
2026-05-24T01:36:31 | parse_session | parse_case(semantic('1X+20'(9)),gen_status(ok),gen_tokens([twenty]),repaired_tokens([twenty]),parser_tokens([twenty]),repair_status(repair_disabled),parse_status(ok),parsed_sem(20))
2026-05-24T01:36:31 | parse_session | parse_case(semantic('1X+30'(1)),gen_status(ok),gen_tokens([thirty,one]),repaired_tokens([thirty,one]),parser_tokens([thirty,one]),repair_status(repair_disabled),parse_status(parse_fail),parsed_sem(none))
2026-05-24T01:36:31 | parse_session | parse_case(semantic('1X+30'(2)),gen_status(ok),gen_tokens([thirty,two]),repaired_tokens([thirty,two]),parser_tokens([thirty,two]),repair_status(repair_disabled),parse_status(parse_fail),parsed_sem(none))
2026-05-24T01:36:31 | parse_session | parse_case(semantic('1X+30'(3)),gen_status(ok),gen_tokens([thirty,three]),repaired_tokens([thirty,three]),parser_tokens([thirty,three]),repair_status(repair_disabled),parse_status(parse_fail),parsed_sem(none))
2026-05-24T01:36:31 | parse_session | parse_case(semantic('1X+30'(4)),gen_status(ok),gen_tokens([thirty]),repaired_tokens([thirty]),parser_tokens([thirty]),repair_status(repair_disabled),parse_status(ok),parsed_sem(30))
2026-05-24T01:36:31 | parse_session | parse_case(semantic('1X+30'(5)),gen_status(ok),gen_tokens([thirty,five]),repaired_tokens([thirty,five]),parser_tokens([thirty,five]),repair_status(repair_disabled),parse_status(parse_fail),parsed_sem(none))
2026-05-24T01:36:31 | parse_session | parse_case(semantic('1X+30'(6)),gen_status(ok),gen_tokens([thirty]),repaired_tokens([thirty]),parser_tokens([thirty]),repair_status(repair_disabled),parse_status(ok),parsed_sem(30))
2026-05-24T01:36:31 | parse_session | parse_case(semantic('1X+30'(7)),gen_status(ok),gen_tokens([thirty]),repaired_tokens([thirty]),parser_tokens([thirty]),repair_status(repair_disabled),parse_status(ok),parsed_sem(30))
2026-05-24T01:36:31 | parse_session | parse_case(semantic('1X+30'(8)),gen_status(ok),gen_tokens([thirty]),repaired_tokens([thirty]),parser_tokens([thirty]),repair_status(repair_disabled),parse_status(ok),parsed_sem(30))
2026-05-24T01:36:31 | parse_session | parse_case(semantic('1X+30'(9)),gen_status(ok),gen_tokens([thirty]),repaired_tokens([thirty]),parser_tokens([thirty]),repair_status(repair_disabled),parse_status(ok),parsed_sem(30))
2026-05-24T01:36:31 | parse_session | parse_case(semantic('1X+50'(1)),gen_status(ok),gen_tokens([fifty,one]),repaired_tokens([fifty,one]),parser_tokens([fifty,one]),repair_status(repair_disabled),parse_status(parse_fail),parsed_sem(none))
2026-05-24T01:36:31 | parse_session | parse_case(semantic('1X+50'(2)),gen_status(ok),gen_tokens([fifty,two]),repaired_tokens([fifty,two]),parser_tokens([fifty,two]),repair_status(repair_disabled),parse_status(parse_fail),parsed_sem(none))
2026-05-24T01:36:31 | parse_session | parse_case(semantic('1X+50'(3)),gen_status(ok),gen_tokens([fifty,three]),repaired_tokens([fifty,three]),parser_tokens([fifty,three]),repair_status(repair_disabled),parse_status(parse_fail),parsed_sem(none))
2026-05-24T01:36:31 | parse_session | parse_case(semantic('1X+50'(4)),gen_status(ok),gen_tokens([fifty]),repaired_tokens([fifty]),parser_tokens([fifty]),repair_status(repair_disabled),parse_status(ok),parsed_sem(50))
2026-05-24T01:36:31 | parse_session | parse_case(semantic('1X+50'(5)),gen_status(ok),gen_tokens([fifty,five]),repaired_tokens([fifty,five]),parser_tokens([fifty,five]),repair_status(repair_disabled),parse_status(parse_fail),parsed_sem(none))
2026-05-24T01:36:31 | parse_session | parse_case(semantic('1X+50'(6)),gen_status(ok),gen_tokens([fifty]),repaired_tokens([fifty]),parser_tokens([fifty]),repair_status(repair_disabled),parse_status(ok),parsed_sem(50))
2026-05-24T01:36:31 | parse_session | parse_case(semantic('1X+50'(7)),gen_status(ok),gen_tokens([fifty]),repaired_tokens([fifty]),parser_tokens([fifty]),repair_status(repair_disabled),parse_status(ok),parsed_sem(50))
2026-05-24T01:36:31 | parse_session | parse_case(semantic('1X+50'(8)),gen_status(ok),gen_tokens([fifty]),repaired_tokens([fifty]),parser_tokens([fifty]),repair_status(repair_disabled),parse_status(ok),parsed_sem(50))
2026-05-24T01:36:31 | parse_session | parse_case(semantic('1X+50'(9)),gen_status(ok),gen_tokens([fifty]),repaired_tokens([fifty]),parser_tokens([fifty]),repair_status(repair_disabled),parse_status(ok),parsed_sem(50))
2026-05-24T01:36:31 | parse_session | parse_case(semantic('1X+40'(4)),gen_status(gen_empty_yield),gen_tokens([]),repaired_tokens([]),parser_tokens([]),repair_status(repair_disabled),parse_status(parse_skipped_empty_tokens),parsed_sem(none))
2026-05-24T01:36:31 | parse_session | parse_case(semantic('1X+60'(4)),gen_status(gen_empty_yield),gen_tokens([]),repaired_tokens([]),parser_tokens([]),repair_status(repair_disabled),parse_status(parse_skipped_empty_tokens),parsed_sem(none))
2026-05-24T01:36:31 | parse_session | parse_case(semantic('1X+70'(4)),gen_status(gen_empty_yield),gen_tokens([]),repaired_tokens([]),parser_tokens([]),repair_status(repair_disabled),parse_status(parse_skipped_empty_tokens),parsed_sem(none))
2026-05-24T01:36:31 | parse_session | parse_case(semantic('1X+80'(4)),gen_status(gen_empty_yield),gen_tokens([]),repaired_tokens([]),parser_tokens([]),repair_status(repair_disabled),parse_status(parse_skipped_empty_tokens),parsed_sem(none))
2026-05-24T01:36:31 | parse_session | parse_case(semantic('1X+90'(4)),gen_status(gen_empty_yield),gen_tokens([]),repaired_tokens([]),parser_tokens([]),repair_status(repair_disabled),parse_status(parse_skipped_empty_tokens),parsed_sem(none))
2026-05-24T01:36:31 | system | parse_run_end
2026-05-24T01:37:16 | system | gen_run_start
2026-05-24T01:37:16 | configuration | gen_run(profile_name(english_numbers_profile),generator_name('MG Generator'),generator_main_file('../../SemanticGenerator/MG-Generator/main.pl'),generator_lexicon_name(numbers_Gen),generator_lexicon_file('../../SemanticGenerator/MG-Generator/grammars/numbers_Gen.pl'),semantic_cases_file('../cases/test_cases.pl'),gen_out_file('../generated/gen_out.pl'),forward_gen_tree_report_file('../generated/forward_gen_tree_report.txt'),repair_enabled(false),smoothing_enabled(false),smoothing_style(none))
2026-05-24T01:37:16 | gen_session | gen_case(semantic(1),status(ok),tokens([one]),sentence(one))
2026-05-24T01:37:16 | gen_session | gen_case(semantic(2),status(ok),tokens([two]),sentence(two))
2026-05-24T01:37:16 | gen_session | gen_case(semantic(3),status(ok),tokens([three]),sentence(three))
2026-05-24T01:37:16 | gen_session | gen_case(semantic(4),status(ok),tokens([four]),sentence(four))
2026-05-24T01:37:16 | gen_session | gen_case(semantic(5),status(ok),tokens([five]),sentence(five))
2026-05-24T01:37:16 | gen_session | gen_case(semantic(6),status(ok),tokens([six]),sentence(six))
2026-05-24T01:37:16 | gen_session | gen_case(semantic(7),status(ok),tokens([seven]),sentence(seven))
2026-05-24T01:37:16 | gen_session | gen_case(semantic(8),status(ok),tokens([eight]),sentence(eight))
2026-05-24T01:37:16 | gen_session | gen_case(semantic(9),status(ok),tokens([nine]),sentence(nine))
2026-05-24T01:37:16 | gen_session | gen_case(semantic(10),status(ok),tokens([ten]),sentence(ten))
2026-05-24T01:37:16 | gen_session | gen_case(semantic(11),status(ok),tokens([eleven]),sentence(eleven))
2026-05-24T01:37:16 | gen_session | gen_case(semantic(12),status(ok),tokens([twelve]),sentence(twelve))
2026-05-24T01:37:16 | gen_session | gen_case(semantic(13),status(ok),tokens([thirteen]),sentence(thirteen))
2026-05-24T01:37:16 | gen_session | gen_case(semantic(15),status(ok),tokens([fifteen]),sentence(fifteen))
2026-05-24T01:37:16 | gen_session | gen_case(semantic(18),status(gen_empty_yield),tokens([]),sentence(''))
2026-05-24T01:37:16 | gen_session | gen_case(semantic(20),status(ok),tokens([twenty]),sentence(twenty))
2026-05-24T01:37:16 | gen_session | gen_case(semantic(30),status(ok),tokens([thirty]),sentence(thirty))
2026-05-24T01:37:16 | gen_session | gen_case(semantic(50),status(ok),tokens([fifty]),sentence(fifty))
2026-05-24T01:37:16 | gen_session | gen_case(semantic('1X+10'(4)),status(ok),tokens([four,teen]),sentence(fourteen))
2026-05-24T01:37:16 | gen_session | gen_case(semantic('1X+10'(6)),status(ok),tokens([six,teen]),sentence(sixteen))
2026-05-24T01:37:16 | gen_session | gen_case(semantic('1X+10'(7)),status(ok),tokens([seven,teen]),sentence(seventeen))
2026-05-24T01:37:16 | gen_session | gen_case(semantic('0X+18'(8)),status(ok),tokens([eight,een]),sentence(eighteen))
2026-05-24T01:37:16 | gen_session | gen_case(semantic('1X+10'(9)),status(ok),tokens([nine,teen]),sentence(nineteen))
2026-05-24T01:37:16 | gen_session | gen_case(semantic('1X+20'(1)),status(ok),tokens([twenty,one]),sentence(twentyone))
2026-05-24T01:37:16 | gen_session | gen_case(semantic('1X+20'(2)),status(ok),tokens([twenty,two]),sentence(twentytwo))
2026-05-24T01:37:16 | gen_session | gen_case(semantic('1X+20'(3)),status(ok),tokens([twenty,three]),sentence(twentythree))
2026-05-24T01:37:16 | gen_session | gen_case(semantic('1X+20'(4)),status(ok),tokens([twenty]),sentence(twenty))
2026-05-24T01:37:16 | gen_session | gen_case(semantic('1X+20'(5)),status(ok),tokens([twenty,five]),sentence(twentyfive))
2026-05-24T01:37:16 | gen_session | gen_case(semantic('1X+20'(6)),status(ok),tokens([twenty]),sentence(twenty))
2026-05-24T01:37:16 | gen_session | gen_case(semantic('1X+20'(7)),status(ok),tokens([twenty]),sentence(twenty))
2026-05-24T01:37:16 | gen_session | gen_case(semantic('1X+20'(8)),status(ok),tokens([twenty]),sentence(twenty))
2026-05-24T01:37:16 | gen_session | gen_case(semantic('1X+20'(9)),status(ok),tokens([twenty]),sentence(twenty))
2026-05-24T01:37:16 | gen_session | gen_case(semantic('1X+30'(1)),status(ok),tokens([thirty,one]),sentence(thirtyone))
2026-05-24T01:37:16 | gen_session | gen_case(semantic('1X+30'(2)),status(ok),tokens([thirty,two]),sentence(thirtytwo))
2026-05-24T01:37:16 | gen_session | gen_case(semantic('1X+30'(3)),status(ok),tokens([thirty,three]),sentence(thirtythree))
2026-05-24T01:37:16 | gen_session | gen_case(semantic('1X+30'(4)),status(ok),tokens([thirty]),sentence(thirty))
2026-05-24T01:37:16 | gen_session | gen_case(semantic('1X+30'(5)),status(ok),tokens([thirty,five]),sentence(thirtyfive))
2026-05-24T01:37:16 | gen_session | gen_case(semantic('1X+30'(6)),status(ok),tokens([thirty]),sentence(thirty))
2026-05-24T01:37:16 | gen_session | gen_case(semantic('1X+30'(7)),status(ok),tokens([thirty]),sentence(thirty))
2026-05-24T01:37:16 | gen_session | gen_case(semantic('1X+30'(8)),status(ok),tokens([thirty]),sentence(thirty))
2026-05-24T01:37:16 | gen_session | gen_case(semantic('1X+30'(9)),status(ok),tokens([thirty]),sentence(thirty))
2026-05-24T01:37:16 | gen_session | gen_case(semantic('1X+50'(1)),status(ok),tokens([fifty,one]),sentence(fiftyone))
2026-05-24T01:37:16 | gen_session | gen_case(semantic('1X+50'(2)),status(ok),tokens([fifty,two]),sentence(fiftytwo))
2026-05-24T01:37:16 | gen_session | gen_case(semantic('1X+50'(3)),status(ok),tokens([fifty,three]),sentence(fiftythree))
2026-05-24T01:37:16 | gen_session | gen_case(semantic('1X+50'(4)),status(ok),tokens([fifty]),sentence(fifty))
2026-05-24T01:37:16 | gen_session | gen_case(semantic('1X+50'(5)),status(ok),tokens([fifty,five]),sentence(fiftyfive))
2026-05-24T01:37:16 | gen_session | gen_case(semantic('1X+50'(6)),status(ok),tokens([fifty]),sentence(fifty))
2026-05-24T01:37:16 | gen_session | gen_case(semantic('1X+50'(7)),status(ok),tokens([fifty]),sentence(fifty))
2026-05-24T01:37:16 | gen_session | gen_case(semantic('1X+50'(8)),status(ok),tokens([fifty]),sentence(fifty))
2026-05-24T01:37:16 | gen_session | gen_case(semantic('1X+50'(9)),status(ok),tokens([fifty]),sentence(fifty))
2026-05-24T01:37:16 | gen_session | gen_case(semantic('1X+40'(4)),status(gen_empty_yield),tokens([]),sentence(''))
2026-05-24T01:37:16 | gen_session | gen_case(semantic('1X+60'(4)),status(gen_empty_yield),tokens([]),sentence(''))
2026-05-24T01:37:16 | gen_session | gen_case(semantic('1X+70'(4)),status(gen_empty_yield),tokens([]),sentence(''))
2026-05-24T01:37:16 | gen_session | gen_case(semantic('1X+80'(4)),status(gen_empty_yield),tokens([]),sentence(''))
2026-05-24T01:37:16 | gen_session | gen_case(semantic('1X+90'(4)),status(gen_empty_yield),tokens([]),sentence(''))
2026-05-24T01:37:16 | system | gen_run_end
2026-05-24T01:37:16 | system | parse_run_start
2026-05-24T01:37:16 | configuration | parse_run(profile_name(english_numbers_profile),parser_name('MG LC Parser'),parser_load_file('../../MG-LC-Parser-with-Semantic-main/load.pl'),parser_semantics_file('../../MG-LC-Parser-with-Semantic-main/sem_from_tree.pl'),parser_lexicon_name('English_trans_pruned'),parser_lexicon_file('../../MG-LC-Parser-with-Semantic-main/grammars/English_trans_pruned.pl'),gen_out_file('../generated/gen_out.pl'),parse_out_file('../generated/parse_out.pl'),forward_parse_tree_report_file('../generated/forward_parse_tree_report.txt'),repair_enabled(false),smoothing_enabled(false),smoothing_style(none))
2026-05-24T01:37:16 | parse_session | parse_case(semantic(1),gen_status(ok),gen_tokens([one]),repaired_tokens([one]),parser_tokens([one]),repair_status(repair_disabled),parse_status(ok),parsed_sem(1))
2026-05-24T01:37:16 | parse_session | parse_case(semantic(2),gen_status(ok),gen_tokens([two]),repaired_tokens([two]),parser_tokens([two]),repair_status(repair_disabled),parse_status(ok),parsed_sem(2))
2026-05-24T01:37:16 | parse_session | parse_case(semantic(3),gen_status(ok),gen_tokens([three]),repaired_tokens([three]),parser_tokens([three]),repair_status(repair_disabled),parse_status(ok),parsed_sem(3))
2026-05-24T01:37:16 | parse_session | parse_case(semantic(4),gen_status(ok),gen_tokens([four]),repaired_tokens([four]),parser_tokens([four]),repair_status(repair_disabled),parse_status(ok),parsed_sem(4))
2026-05-24T01:37:16 | parse_session | parse_case(semantic(5),gen_status(ok),gen_tokens([five]),repaired_tokens([five]),parser_tokens([five]),repair_status(repair_disabled),parse_status(ok),parsed_sem(5))
2026-05-24T01:37:16 | parse_session | parse_case(semantic(6),gen_status(ok),gen_tokens([six]),repaired_tokens([six]),parser_tokens([six]),repair_status(repair_disabled),parse_status(ok),parsed_sem(6))
2026-05-24T01:37:16 | parse_session | parse_case(semantic(7),gen_status(ok),gen_tokens([seven]),repaired_tokens([seven]),parser_tokens([seven]),repair_status(repair_disabled),parse_status(ok),parsed_sem(7))
2026-05-24T01:37:16 | parse_session | parse_case(semantic(8),gen_status(ok),gen_tokens([eight]),repaired_tokens([eight]),parser_tokens([eight]),repair_status(repair_disabled),parse_status(ok),parsed_sem(8))
2026-05-24T01:37:16 | parse_session | parse_case(semantic(9),gen_status(ok),gen_tokens([nine]),repaired_tokens([nine]),parser_tokens([nine]),repair_status(repair_disabled),parse_status(ok),parsed_sem(9))
2026-05-24T01:37:16 | parse_session | parse_case(semantic(10),gen_status(ok),gen_tokens([ten]),repaired_tokens([ten]),parser_tokens([ten]),repair_status(repair_disabled),parse_status(ok),parsed_sem(10))
2026-05-24T01:37:16 | parse_session | parse_case(semantic(11),gen_status(ok),gen_tokens([eleven]),repaired_tokens([eleven]),parser_tokens([eleven]),repair_status(repair_disabled),parse_status(ok),parsed_sem(11))
2026-05-24T01:37:16 | parse_session | parse_case(semantic(12),gen_status(ok),gen_tokens([twelve]),repaired_tokens([twelve]),parser_tokens([twelve]),repair_status(repair_disabled),parse_status(ok),parsed_sem(12))
2026-05-24T01:37:16 | parse_session | parse_case(semantic(13),gen_status(ok),gen_tokens([thirteen]),repaired_tokens([thirteen]),parser_tokens([thirteen]),repair_status(repair_disabled),parse_status(ok),parsed_sem(13))
2026-05-24T01:37:16 | parse_session | parse_case(semantic(15),gen_status(ok),gen_tokens([fifteen]),repaired_tokens([fifteen]),parser_tokens([fifteen]),repair_status(repair_disabled),parse_status(ok),parsed_sem(15))
2026-05-24T01:37:16 | parse_session | parse_case(semantic(18),gen_status(gen_empty_yield),gen_tokens([]),repaired_tokens([]),parser_tokens([]),repair_status(repair_disabled),parse_status(parse_skipped_empty_tokens),parsed_sem(none))
2026-05-24T01:37:16 | parse_session | parse_case(semantic(20),gen_status(ok),gen_tokens([twenty]),repaired_tokens([twenty]),parser_tokens([twenty]),repair_status(repair_disabled),parse_status(ok),parsed_sem(20))
2026-05-24T01:37:16 | parse_session | parse_case(semantic(30),gen_status(ok),gen_tokens([thirty]),repaired_tokens([thirty]),parser_tokens([thirty]),repair_status(repair_disabled),parse_status(ok),parsed_sem(30))
2026-05-24T01:37:16 | parse_session | parse_case(semantic(50),gen_status(ok),gen_tokens([fifty]),repaired_tokens([fifty]),parser_tokens([fifty]),repair_status(repair_disabled),parse_status(ok),parsed_sem(50))
2026-05-24T01:37:16 | parse_session | parse_case(semantic('1X+10'(4)),gen_status(ok),gen_tokens([four,teen]),repaired_tokens([four,teen]),parser_tokens([four,teen]),repair_status(repair_disabled),parse_status(ok),parsed_sem('1X+10'(4)))
2026-05-24T01:37:16 | parse_session | parse_case(semantic('1X+10'(6)),gen_status(ok),gen_tokens([six,teen]),repaired_tokens([six,teen]),parser_tokens([six,teen]),repair_status(repair_disabled),parse_status(parse_fail),parsed_sem(none))
2026-05-24T01:37:16 | parse_session | parse_case(semantic('1X+10'(7)),gen_status(ok),gen_tokens([seven,teen]),repaired_tokens([seven,teen]),parser_tokens([seven,teen]),repair_status(repair_disabled),parse_status(parse_fail),parsed_sem(none))
2026-05-24T01:37:16 | parse_session | parse_case(semantic('0X+18'(8)),gen_status(ok),gen_tokens([eight,een]),repaired_tokens([eight,een]),parser_tokens([eight,een]),repair_status(repair_disabled),parse_status(ok),parsed_sem('0X+18'(8)))
2026-05-24T01:37:16 | parse_session | parse_case(semantic('1X+10'(9)),gen_status(ok),gen_tokens([nine,teen]),repaired_tokens([nine,teen]),parser_tokens([nine,teen]),repair_status(repair_disabled),parse_status(parse_fail),parsed_sem(none))
2026-05-24T01:37:16 | parse_session | parse_case(semantic('1X+20'(1)),gen_status(ok),gen_tokens([twenty,one]),repaired_tokens([twenty,one]),parser_tokens([twenty,one]),repair_status(repair_disabled),parse_status(parse_fail),parsed_sem(none))
2026-05-24T01:37:16 | parse_session | parse_case(semantic('1X+20'(2)),gen_status(ok),gen_tokens([twenty,two]),repaired_tokens([twenty,two]),parser_tokens([twenty,two]),repair_status(repair_disabled),parse_status(parse_fail),parsed_sem(none))
2026-05-24T01:37:16 | parse_session | parse_case(semantic('1X+20'(3)),gen_status(ok),gen_tokens([twenty,three]),repaired_tokens([twenty,three]),parser_tokens([twenty,three]),repair_status(repair_disabled),parse_status(parse_fail),parsed_sem(none))
2026-05-24T01:37:16 | parse_session | parse_case(semantic('1X+20'(4)),gen_status(ok),gen_tokens([twenty]),repaired_tokens([twenty]),parser_tokens([twenty]),repair_status(repair_disabled),parse_status(ok),parsed_sem(20))
2026-05-24T01:37:16 | parse_session | parse_case(semantic('1X+20'(5)),gen_status(ok),gen_tokens([twenty,five]),repaired_tokens([twenty,five]),parser_tokens([twenty,five]),repair_status(repair_disabled),parse_status(parse_fail),parsed_sem(none))
2026-05-24T01:37:16 | parse_session | parse_case(semantic('1X+20'(6)),gen_status(ok),gen_tokens([twenty]),repaired_tokens([twenty]),parser_tokens([twenty]),repair_status(repair_disabled),parse_status(ok),parsed_sem(20))
2026-05-24T01:37:16 | parse_session | parse_case(semantic('1X+20'(7)),gen_status(ok),gen_tokens([twenty]),repaired_tokens([twenty]),parser_tokens([twenty]),repair_status(repair_disabled),parse_status(ok),parsed_sem(20))
2026-05-24T01:37:16 | parse_session | parse_case(semantic('1X+20'(8)),gen_status(ok),gen_tokens([twenty]),repaired_tokens([twenty]),parser_tokens([twenty]),repair_status(repair_disabled),parse_status(ok),parsed_sem(20))
2026-05-24T01:37:16 | parse_session | parse_case(semantic('1X+20'(9)),gen_status(ok),gen_tokens([twenty]),repaired_tokens([twenty]),parser_tokens([twenty]),repair_status(repair_disabled),parse_status(ok),parsed_sem(20))
2026-05-24T01:37:16 | parse_session | parse_case(semantic('1X+30'(1)),gen_status(ok),gen_tokens([thirty,one]),repaired_tokens([thirty,one]),parser_tokens([thirty,one]),repair_status(repair_disabled),parse_status(parse_fail),parsed_sem(none))
2026-05-24T01:37:16 | parse_session | parse_case(semantic('1X+30'(2)),gen_status(ok),gen_tokens([thirty,two]),repaired_tokens([thirty,two]),parser_tokens([thirty,two]),repair_status(repair_disabled),parse_status(parse_fail),parsed_sem(none))
2026-05-24T01:37:16 | parse_session | parse_case(semantic('1X+30'(3)),gen_status(ok),gen_tokens([thirty,three]),repaired_tokens([thirty,three]),parser_tokens([thirty,three]),repair_status(repair_disabled),parse_status(parse_fail),parsed_sem(none))
2026-05-24T01:37:16 | parse_session | parse_case(semantic('1X+30'(4)),gen_status(ok),gen_tokens([thirty]),repaired_tokens([thirty]),parser_tokens([thirty]),repair_status(repair_disabled),parse_status(ok),parsed_sem(30))
2026-05-24T01:37:16 | parse_session | parse_case(semantic('1X+30'(5)),gen_status(ok),gen_tokens([thirty,five]),repaired_tokens([thirty,five]),parser_tokens([thirty,five]),repair_status(repair_disabled),parse_status(parse_fail),parsed_sem(none))
2026-05-24T01:37:16 | parse_session | parse_case(semantic('1X+30'(6)),gen_status(ok),gen_tokens([thirty]),repaired_tokens([thirty]),parser_tokens([thirty]),repair_status(repair_disabled),parse_status(ok),parsed_sem(30))
2026-05-24T01:37:16 | parse_session | parse_case(semantic('1X+30'(7)),gen_status(ok),gen_tokens([thirty]),repaired_tokens([thirty]),parser_tokens([thirty]),repair_status(repair_disabled),parse_status(ok),parsed_sem(30))
2026-05-24T01:37:16 | parse_session | parse_case(semantic('1X+30'(8)),gen_status(ok),gen_tokens([thirty]),repaired_tokens([thirty]),parser_tokens([thirty]),repair_status(repair_disabled),parse_status(ok),parsed_sem(30))
2026-05-24T01:37:16 | parse_session | parse_case(semantic('1X+30'(9)),gen_status(ok),gen_tokens([thirty]),repaired_tokens([thirty]),parser_tokens([thirty]),repair_status(repair_disabled),parse_status(ok),parsed_sem(30))
2026-05-24T01:37:16 | parse_session | parse_case(semantic('1X+50'(1)),gen_status(ok),gen_tokens([fifty,one]),repaired_tokens([fifty,one]),parser_tokens([fifty,one]),repair_status(repair_disabled),parse_status(parse_fail),parsed_sem(none))
2026-05-24T01:37:16 | parse_session | parse_case(semantic('1X+50'(2)),gen_status(ok),gen_tokens([fifty,two]),repaired_tokens([fifty,two]),parser_tokens([fifty,two]),repair_status(repair_disabled),parse_status(parse_fail),parsed_sem(none))
2026-05-24T01:37:16 | parse_session | parse_case(semantic('1X+50'(3)),gen_status(ok),gen_tokens([fifty,three]),repaired_tokens([fifty,three]),parser_tokens([fifty,three]),repair_status(repair_disabled),parse_status(parse_fail),parsed_sem(none))
2026-05-24T01:37:16 | parse_session | parse_case(semantic('1X+50'(4)),gen_status(ok),gen_tokens([fifty]),repaired_tokens([fifty]),parser_tokens([fifty]),repair_status(repair_disabled),parse_status(ok),parsed_sem(50))
2026-05-24T01:37:16 | parse_session | parse_case(semantic('1X+50'(5)),gen_status(ok),gen_tokens([fifty,five]),repaired_tokens([fifty,five]),parser_tokens([fifty,five]),repair_status(repair_disabled),parse_status(parse_fail),parsed_sem(none))
2026-05-24T01:37:16 | parse_session | parse_case(semantic('1X+50'(6)),gen_status(ok),gen_tokens([fifty]),repaired_tokens([fifty]),parser_tokens([fifty]),repair_status(repair_disabled),parse_status(ok),parsed_sem(50))
2026-05-24T01:37:16 | parse_session | parse_case(semantic('1X+50'(7)),gen_status(ok),gen_tokens([fifty]),repaired_tokens([fifty]),parser_tokens([fifty]),repair_status(repair_disabled),parse_status(ok),parsed_sem(50))
2026-05-24T01:37:16 | parse_session | parse_case(semantic('1X+50'(8)),gen_status(ok),gen_tokens([fifty]),repaired_tokens([fifty]),parser_tokens([fifty]),repair_status(repair_disabled),parse_status(ok),parsed_sem(50))
2026-05-24T01:37:16 | parse_session | parse_case(semantic('1X+50'(9)),gen_status(ok),gen_tokens([fifty]),repaired_tokens([fifty]),parser_tokens([fifty]),repair_status(repair_disabled),parse_status(ok),parsed_sem(50))
2026-05-24T01:37:16 | parse_session | parse_case(semantic('1X+40'(4)),gen_status(gen_empty_yield),gen_tokens([]),repaired_tokens([]),parser_tokens([]),repair_status(repair_disabled),parse_status(parse_skipped_empty_tokens),parsed_sem(none))
2026-05-24T01:37:16 | parse_session | parse_case(semantic('1X+60'(4)),gen_status(gen_empty_yield),gen_tokens([]),repaired_tokens([]),parser_tokens([]),repair_status(repair_disabled),parse_status(parse_skipped_empty_tokens),parsed_sem(none))
2026-05-24T01:37:16 | parse_session | parse_case(semantic('1X+70'(4)),gen_status(gen_empty_yield),gen_tokens([]),repaired_tokens([]),parser_tokens([]),repair_status(repair_disabled),parse_status(parse_skipped_empty_tokens),parsed_sem(none))
2026-05-24T01:37:16 | parse_session | parse_case(semantic('1X+80'(4)),gen_status(gen_empty_yield),gen_tokens([]),repaired_tokens([]),parser_tokens([]),repair_status(repair_disabled),parse_status(parse_skipped_empty_tokens),parsed_sem(none))
2026-05-24T01:37:16 | parse_session | parse_case(semantic('1X+90'(4)),gen_status(gen_empty_yield),gen_tokens([]),repaired_tokens([]),parser_tokens([]),repair_status(repair_disabled),parse_status(parse_skipped_empty_tokens),parsed_sem(none))
2026-05-24T01:37:16 | system | parse_run_end
2026-05-24T02:09:58 | system | gen_run_start
2026-05-24T02:09:58 | configuration | gen_run(profile_name(english_numbers_profile),generator_name('MG Generator'),generator_main_file('../../SemanticGenerator/MG-Generator/main.pl'),generator_lexicon_name(numbers_Gen),generator_lexicon_file('../../SemanticGenerator/MG-Generator/grammars/numbers_Gen.pl'),semantic_cases_file('../cases/test_cases.pl'),gen_out_file('../generated/gen_out.pl'),forward_gen_tree_report_file('../generated/forward_gen_tree_report.txt'),repair_enabled(false),smoothing_enabled(false),smoothing_style(none))
2026-05-24T02:09:58 | gen_session | gen_case(semantic(1),status(ok),tokens([one]),sentence(one))
2026-05-24T02:09:58 | gen_session | gen_case(semantic(2),status(ok),tokens([two]),sentence(two))
2026-05-24T02:09:58 | gen_session | gen_case(semantic(3),status(ok),tokens([three]),sentence(three))
2026-05-24T02:09:58 | gen_session | gen_case(semantic(4),status(ok),tokens([four]),sentence(four))
2026-05-24T02:09:58 | gen_session | gen_case(semantic(5),status(ok),tokens([five]),sentence(five))
2026-05-24T02:09:58 | gen_session | gen_case(semantic(6),status(ok),tokens([six]),sentence(six))
2026-05-24T02:09:58 | gen_session | gen_case(semantic(7),status(ok),tokens([seven]),sentence(seven))
2026-05-24T02:09:58 | gen_session | gen_case(semantic(8),status(ok),tokens([eight]),sentence(eight))
2026-05-24T02:09:58 | gen_session | gen_case(semantic(9),status(ok),tokens([nine]),sentence(nine))
2026-05-24T02:09:58 | gen_session | gen_case(semantic(10),status(ok),tokens([ten]),sentence(ten))
2026-05-24T02:09:58 | gen_session | gen_case(semantic(11),status(ok),tokens([eleven]),sentence(eleven))
2026-05-24T02:09:58 | gen_session | gen_case(semantic(12),status(ok),tokens([twelve]),sentence(twelve))
2026-05-24T02:09:58 | gen_session | gen_case(semantic(13),status(ok),tokens([thirteen]),sentence(thirteen))
2026-05-24T02:09:58 | gen_session | gen_case(semantic(15),status(ok),tokens([fifteen]),sentence(fifteen))
2026-05-24T02:09:58 | gen_session | gen_case(semantic(18),status(gen_empty_yield),tokens([]),sentence(''))
2026-05-24T02:09:58 | gen_session | gen_case(semantic(20),status(ok),tokens([twenty]),sentence(twenty))
2026-05-24T02:09:58 | gen_session | gen_case(semantic(30),status(ok),tokens([thirty]),sentence(thirty))
2026-05-24T02:09:58 | gen_session | gen_case(semantic(50),status(ok),tokens([fifty]),sentence(fifty))
2026-05-24T02:09:58 | gen_session | gen_case(semantic('1X+10'(4)),status(ok),tokens([four,teen]),sentence(fourteen))
2026-05-24T02:09:58 | gen_session | gen_case(semantic('1X+10'(6)),status(ok),tokens([six,teen]),sentence(sixteen))
2026-05-24T02:09:58 | gen_session | gen_case(semantic('1X+10'(7)),status(ok),tokens([seven,teen]),sentence(seventeen))
2026-05-24T02:09:58 | gen_session | gen_case(semantic('0X+18'(8)),status(ok),tokens([eight,een]),sentence(eighteen))
2026-05-24T02:09:58 | gen_session | gen_case(semantic('1X+10'(9)),status(ok),tokens([nine,teen]),sentence(nineteen))
2026-05-24T02:09:58 | gen_session | gen_case(semantic('1X+20'(1)),status(ok),tokens([twenty,one]),sentence(twentyone))
2026-05-24T02:09:58 | gen_session | gen_case(semantic('1X+20'(2)),status(ok),tokens([twenty,two]),sentence(twentytwo))
2026-05-24T02:09:58 | gen_session | gen_case(semantic('1X+20'(3)),status(ok),tokens([twenty,three]),sentence(twentythree))
2026-05-24T02:09:58 | gen_session | gen_case(semantic('1X+20'(4)),status(ok),tokens([twenty]),sentence(twenty))
2026-05-24T02:09:58 | gen_session | gen_case(semantic('1X+20'(5)),status(ok),tokens([twenty,five]),sentence(twentyfive))
2026-05-24T02:09:58 | gen_session | gen_case(semantic('1X+20'(6)),status(ok),tokens([twenty]),sentence(twenty))
2026-05-24T02:09:58 | gen_session | gen_case(semantic('1X+20'(7)),status(ok),tokens([twenty]),sentence(twenty))
2026-05-24T02:09:58 | gen_session | gen_case(semantic('1X+20'(8)),status(ok),tokens([twenty]),sentence(twenty))
2026-05-24T02:09:58 | gen_session | gen_case(semantic('1X+20'(9)),status(ok),tokens([twenty]),sentence(twenty))
2026-05-24T02:09:58 | gen_session | gen_case(semantic('1X+30'(1)),status(ok),tokens([thirty,one]),sentence(thirtyone))
2026-05-24T02:09:58 | gen_session | gen_case(semantic('1X+30'(2)),status(ok),tokens([thirty,two]),sentence(thirtytwo))
2026-05-24T02:09:58 | gen_session | gen_case(semantic('1X+30'(3)),status(ok),tokens([thirty,three]),sentence(thirtythree))
2026-05-24T02:09:58 | gen_session | gen_case(semantic('1X+30'(4)),status(ok),tokens([thirty]),sentence(thirty))
2026-05-24T02:09:58 | gen_session | gen_case(semantic('1X+30'(5)),status(ok),tokens([thirty,five]),sentence(thirtyfive))
2026-05-24T02:09:58 | gen_session | gen_case(semantic('1X+30'(6)),status(ok),tokens([thirty]),sentence(thirty))
2026-05-24T02:09:58 | gen_session | gen_case(semantic('1X+30'(7)),status(ok),tokens([thirty]),sentence(thirty))
2026-05-24T02:09:58 | gen_session | gen_case(semantic('1X+30'(8)),status(ok),tokens([thirty]),sentence(thirty))
2026-05-24T02:09:58 | gen_session | gen_case(semantic('1X+30'(9)),status(ok),tokens([thirty]),sentence(thirty))
2026-05-24T02:09:58 | gen_session | gen_case(semantic('1X+50'(1)),status(ok),tokens([fifty,one]),sentence(fiftyone))
2026-05-24T02:09:58 | gen_session | gen_case(semantic('1X+50'(2)),status(ok),tokens([fifty,two]),sentence(fiftytwo))
2026-05-24T02:09:58 | gen_session | gen_case(semantic('1X+50'(3)),status(ok),tokens([fifty,three]),sentence(fiftythree))
2026-05-24T02:09:58 | gen_session | gen_case(semantic('1X+50'(4)),status(ok),tokens([fifty]),sentence(fifty))
2026-05-24T02:09:58 | gen_session | gen_case(semantic('1X+50'(5)),status(ok),tokens([fifty,five]),sentence(fiftyfive))
2026-05-24T02:09:58 | gen_session | gen_case(semantic('1X+50'(6)),status(ok),tokens([fifty]),sentence(fifty))
2026-05-24T02:09:58 | gen_session | gen_case(semantic('1X+50'(7)),status(ok),tokens([fifty]),sentence(fifty))
2026-05-24T02:09:58 | gen_session | gen_case(semantic('1X+50'(8)),status(ok),tokens([fifty]),sentence(fifty))
2026-05-24T02:09:58 | gen_session | gen_case(semantic('1X+50'(9)),status(ok),tokens([fifty]),sentence(fifty))
2026-05-24T02:09:58 | gen_session | gen_case(semantic('1X+40'(4)),status(gen_empty_yield),tokens([]),sentence(''))
2026-05-24T02:09:58 | gen_session | gen_case(semantic('1X+60'(4)),status(gen_empty_yield),tokens([]),sentence(''))
2026-05-24T02:09:58 | gen_session | gen_case(semantic('1X+70'(4)),status(gen_empty_yield),tokens([]),sentence(''))
2026-05-24T02:09:58 | gen_session | gen_case(semantic('1X+80'(4)),status(gen_empty_yield),tokens([]),sentence(''))
2026-05-24T02:09:58 | gen_session | gen_case(semantic('1X+90'(4)),status(gen_empty_yield),tokens([]),sentence(''))
2026-05-24T02:09:58 | system | gen_run_end
2026-05-24T02:09:58 | system | parse_run_start
2026-05-24T02:09:58 | configuration | parse_run(profile_name(english_numbers_profile),parser_name('MG LC Parser'),parser_load_file('../../MG-LC-Parser-with-Semantic-main/load.pl'),parser_semantics_source(parser_internal_pipeline),parser_lexicon_name('English_trans_pruned'),parser_lexicon_file('../../MG-LC-Parser-with-Semantic-main/grammars/English_trans_pruned.pl'),gen_out_file('../generated/gen_out.pl'),parse_out_file('../generated/parse_out.pl'),forward_parse_tree_report_file('../generated/forward_parse_tree_report.txt'),repair_enabled(false),smoothing_enabled(false),smoothing_style(none))
2026-05-24T02:09:58 | parse_session | parse_case(semantic(1),gen_status(ok),gen_tokens([one]),repaired_tokens([one]),parser_tokens([one]),repair_status(repair_disabled),parse_status(ok),parsed_sem(1))
2026-05-24T02:09:58 | parse_session | parse_case(semantic(2),gen_status(ok),gen_tokens([two]),repaired_tokens([two]),parser_tokens([two]),repair_status(repair_disabled),parse_status(ok),parsed_sem(2))
2026-05-24T02:09:58 | parse_session | parse_case(semantic(3),gen_status(ok),gen_tokens([three]),repaired_tokens([three]),parser_tokens([three]),repair_status(repair_disabled),parse_status(ok),parsed_sem(3))
2026-05-24T02:09:58 | parse_session | parse_case(semantic(4),gen_status(ok),gen_tokens([four]),repaired_tokens([four]),parser_tokens([four]),repair_status(repair_disabled),parse_status(ok),parsed_sem(4))
2026-05-24T02:09:58 | parse_session | parse_case(semantic(5),gen_status(ok),gen_tokens([five]),repaired_tokens([five]),parser_tokens([five]),repair_status(repair_disabled),parse_status(ok),parsed_sem(5))
2026-05-24T02:09:58 | parse_session | parse_case(semantic(6),gen_status(ok),gen_tokens([six]),repaired_tokens([six]),parser_tokens([six]),repair_status(repair_disabled),parse_status(ok),parsed_sem(6))
2026-05-24T02:09:58 | parse_session | parse_case(semantic(7),gen_status(ok),gen_tokens([seven]),repaired_tokens([seven]),parser_tokens([seven]),repair_status(repair_disabled),parse_status(ok),parsed_sem(7))
2026-05-24T02:09:58 | parse_session | parse_case(semantic(8),gen_status(ok),gen_tokens([eight]),repaired_tokens([eight]),parser_tokens([eight]),repair_status(repair_disabled),parse_status(ok),parsed_sem(8))
2026-05-24T02:09:58 | parse_session | parse_case(semantic(9),gen_status(ok),gen_tokens([nine]),repaired_tokens([nine]),parser_tokens([nine]),repair_status(repair_disabled),parse_status(ok),parsed_sem(9))
2026-05-24T02:09:58 | parse_session | parse_case(semantic(10),gen_status(ok),gen_tokens([ten]),repaired_tokens([ten]),parser_tokens([ten]),repair_status(repair_disabled),parse_status(ok),parsed_sem(10))
2026-05-24T02:09:58 | parse_session | parse_case(semantic(11),gen_status(ok),gen_tokens([eleven]),repaired_tokens([eleven]),parser_tokens([eleven]),repair_status(repair_disabled),parse_status(ok),parsed_sem(11))
2026-05-24T02:09:58 | parse_session | parse_case(semantic(12),gen_status(ok),gen_tokens([twelve]),repaired_tokens([twelve]),parser_tokens([twelve]),repair_status(repair_disabled),parse_status(ok),parsed_sem(12))
2026-05-24T02:09:58 | parse_session | parse_case(semantic(13),gen_status(ok),gen_tokens([thirteen]),repaired_tokens([thirteen]),parser_tokens([thirteen]),repair_status(repair_disabled),parse_status(ok),parsed_sem(13))
2026-05-24T02:09:58 | parse_session | parse_case(semantic(15),gen_status(ok),gen_tokens([fifteen]),repaired_tokens([fifteen]),parser_tokens([fifteen]),repair_status(repair_disabled),parse_status(ok),parsed_sem(15))
2026-05-24T02:09:58 | parse_session | parse_case(semantic(18),gen_status(gen_empty_yield),gen_tokens([]),repaired_tokens([]),parser_tokens([]),repair_status(repair_disabled),parse_status(parse_skipped_empty_tokens),parsed_sem(none))
2026-05-24T02:09:58 | parse_session | parse_case(semantic(20),gen_status(ok),gen_tokens([twenty]),repaired_tokens([twenty]),parser_tokens([twenty]),repair_status(repair_disabled),parse_status(ok),parsed_sem(20))
2026-05-24T02:09:58 | parse_session | parse_case(semantic(30),gen_status(ok),gen_tokens([thirty]),repaired_tokens([thirty]),parser_tokens([thirty]),repair_status(repair_disabled),parse_status(ok),parsed_sem(30))
2026-05-24T02:09:58 | parse_session | parse_case(semantic(50),gen_status(ok),gen_tokens([fifty]),repaired_tokens([fifty]),parser_tokens([fifty]),repair_status(repair_disabled),parse_status(ok),parsed_sem(50))
2026-05-24T02:09:58 | parse_session | parse_case(semantic('1X+10'(4)),gen_status(ok),gen_tokens([four,teen]),repaired_tokens([four,teen]),parser_tokens([four,teen]),repair_status(repair_disabled),parse_status(ok),parsed_sem('1X+10'(4)))
2026-05-24T02:09:58 | parse_session | parse_case(semantic('1X+10'(6)),gen_status(ok),gen_tokens([six,teen]),repaired_tokens([six,teen]),parser_tokens([six,teen]),repair_status(repair_disabled),parse_status(parse_fail),parsed_sem(none))
2026-05-24T02:09:58 | parse_session | parse_case(semantic('1X+10'(7)),gen_status(ok),gen_tokens([seven,teen]),repaired_tokens([seven,teen]),parser_tokens([seven,teen]),repair_status(repair_disabled),parse_status(parse_fail),parsed_sem(none))
2026-05-24T02:09:58 | parse_session | parse_case(semantic('0X+18'(8)),gen_status(ok),gen_tokens([eight,een]),repaired_tokens([eight,een]),parser_tokens([eight,een]),repair_status(repair_disabled),parse_status(ok),parsed_sem('0X+18'(8)))
2026-05-24T02:09:58 | parse_session | parse_case(semantic('1X+10'(9)),gen_status(ok),gen_tokens([nine,teen]),repaired_tokens([nine,teen]),parser_tokens([nine,teen]),repair_status(repair_disabled),parse_status(parse_fail),parsed_sem(none))
2026-05-24T02:09:58 | parse_session | parse_case(semantic('1X+20'(1)),gen_status(ok),gen_tokens([twenty,one]),repaired_tokens([twenty,one]),parser_tokens([twenty,one]),repair_status(repair_disabled),parse_status(parse_fail),parsed_sem(none))
2026-05-24T02:09:58 | parse_session | parse_case(semantic('1X+20'(2)),gen_status(ok),gen_tokens([twenty,two]),repaired_tokens([twenty,two]),parser_tokens([twenty,two]),repair_status(repair_disabled),parse_status(parse_fail),parsed_sem(none))
2026-05-24T02:09:58 | parse_session | parse_case(semantic('1X+20'(3)),gen_status(ok),gen_tokens([twenty,three]),repaired_tokens([twenty,three]),parser_tokens([twenty,three]),repair_status(repair_disabled),parse_status(parse_fail),parsed_sem(none))
2026-05-24T02:09:58 | parse_session | parse_case(semantic('1X+20'(4)),gen_status(ok),gen_tokens([twenty]),repaired_tokens([twenty]),parser_tokens([twenty]),repair_status(repair_disabled),parse_status(ok),parsed_sem(20))
2026-05-24T02:09:58 | parse_session | parse_case(semantic('1X+20'(5)),gen_status(ok),gen_tokens([twenty,five]),repaired_tokens([twenty,five]),parser_tokens([twenty,five]),repair_status(repair_disabled),parse_status(parse_fail),parsed_sem(none))
2026-05-24T02:09:58 | parse_session | parse_case(semantic('1X+20'(6)),gen_status(ok),gen_tokens([twenty]),repaired_tokens([twenty]),parser_tokens([twenty]),repair_status(repair_disabled),parse_status(ok),parsed_sem(20))
2026-05-24T02:09:58 | parse_session | parse_case(semantic('1X+20'(7)),gen_status(ok),gen_tokens([twenty]),repaired_tokens([twenty]),parser_tokens([twenty]),repair_status(repair_disabled),parse_status(ok),parsed_sem(20))
2026-05-24T02:09:58 | parse_session | parse_case(semantic('1X+20'(8)),gen_status(ok),gen_tokens([twenty]),repaired_tokens([twenty]),parser_tokens([twenty]),repair_status(repair_disabled),parse_status(ok),parsed_sem(20))
2026-05-24T02:09:58 | parse_session | parse_case(semantic('1X+20'(9)),gen_status(ok),gen_tokens([twenty]),repaired_tokens([twenty]),parser_tokens([twenty]),repair_status(repair_disabled),parse_status(ok),parsed_sem(20))
2026-05-24T02:09:58 | parse_session | parse_case(semantic('1X+30'(1)),gen_status(ok),gen_tokens([thirty,one]),repaired_tokens([thirty,one]),parser_tokens([thirty,one]),repair_status(repair_disabled),parse_status(parse_fail),parsed_sem(none))
2026-05-24T02:09:58 | parse_session | parse_case(semantic('1X+30'(2)),gen_status(ok),gen_tokens([thirty,two]),repaired_tokens([thirty,two]),parser_tokens([thirty,two]),repair_status(repair_disabled),parse_status(parse_fail),parsed_sem(none))
2026-05-24T02:09:58 | parse_session | parse_case(semantic('1X+30'(3)),gen_status(ok),gen_tokens([thirty,three]),repaired_tokens([thirty,three]),parser_tokens([thirty,three]),repair_status(repair_disabled),parse_status(parse_fail),parsed_sem(none))
2026-05-24T02:09:58 | parse_session | parse_case(semantic('1X+30'(4)),gen_status(ok),gen_tokens([thirty]),repaired_tokens([thirty]),parser_tokens([thirty]),repair_status(repair_disabled),parse_status(ok),parsed_sem(30))
2026-05-24T02:09:58 | parse_session | parse_case(semantic('1X+30'(5)),gen_status(ok),gen_tokens([thirty,five]),repaired_tokens([thirty,five]),parser_tokens([thirty,five]),repair_status(repair_disabled),parse_status(parse_fail),parsed_sem(none))
2026-05-24T02:09:58 | parse_session | parse_case(semantic('1X+30'(6)),gen_status(ok),gen_tokens([thirty]),repaired_tokens([thirty]),parser_tokens([thirty]),repair_status(repair_disabled),parse_status(ok),parsed_sem(30))
2026-05-24T02:09:58 | parse_session | parse_case(semantic('1X+30'(7)),gen_status(ok),gen_tokens([thirty]),repaired_tokens([thirty]),parser_tokens([thirty]),repair_status(repair_disabled),parse_status(ok),parsed_sem(30))
2026-05-24T02:09:58 | parse_session | parse_case(semantic('1X+30'(8)),gen_status(ok),gen_tokens([thirty]),repaired_tokens([thirty]),parser_tokens([thirty]),repair_status(repair_disabled),parse_status(ok),parsed_sem(30))
2026-05-24T02:09:58 | parse_session | parse_case(semantic('1X+30'(9)),gen_status(ok),gen_tokens([thirty]),repaired_tokens([thirty]),parser_tokens([thirty]),repair_status(repair_disabled),parse_status(ok),parsed_sem(30))
2026-05-24T02:09:58 | parse_session | parse_case(semantic('1X+50'(1)),gen_status(ok),gen_tokens([fifty,one]),repaired_tokens([fifty,one]),parser_tokens([fifty,one]),repair_status(repair_disabled),parse_status(parse_fail),parsed_sem(none))
2026-05-24T02:09:58 | parse_session | parse_case(semantic('1X+50'(2)),gen_status(ok),gen_tokens([fifty,two]),repaired_tokens([fifty,two]),parser_tokens([fifty,two]),repair_status(repair_disabled),parse_status(parse_fail),parsed_sem(none))
2026-05-24T02:09:58 | parse_session | parse_case(semantic('1X+50'(3)),gen_status(ok),gen_tokens([fifty,three]),repaired_tokens([fifty,three]),parser_tokens([fifty,three]),repair_status(repair_disabled),parse_status(parse_fail),parsed_sem(none))
2026-05-24T02:09:58 | parse_session | parse_case(semantic('1X+50'(4)),gen_status(ok),gen_tokens([fifty]),repaired_tokens([fifty]),parser_tokens([fifty]),repair_status(repair_disabled),parse_status(ok),parsed_sem(50))
2026-05-24T02:09:58 | parse_session | parse_case(semantic('1X+50'(5)),gen_status(ok),gen_tokens([fifty,five]),repaired_tokens([fifty,five]),parser_tokens([fifty,five]),repair_status(repair_disabled),parse_status(parse_fail),parsed_sem(none))
2026-05-24T02:09:58 | parse_session | parse_case(semantic('1X+50'(6)),gen_status(ok),gen_tokens([fifty]),repaired_tokens([fifty]),parser_tokens([fifty]),repair_status(repair_disabled),parse_status(ok),parsed_sem(50))
2026-05-24T02:09:58 | parse_session | parse_case(semantic('1X+50'(7)),gen_status(ok),gen_tokens([fifty]),repaired_tokens([fifty]),parser_tokens([fifty]),repair_status(repair_disabled),parse_status(ok),parsed_sem(50))
2026-05-24T02:09:58 | parse_session | parse_case(semantic('1X+50'(8)),gen_status(ok),gen_tokens([fifty]),repaired_tokens([fifty]),parser_tokens([fifty]),repair_status(repair_disabled),parse_status(ok),parsed_sem(50))
2026-05-24T02:09:58 | parse_session | parse_case(semantic('1X+50'(9)),gen_status(ok),gen_tokens([fifty]),repaired_tokens([fifty]),parser_tokens([fifty]),repair_status(repair_disabled),parse_status(ok),parsed_sem(50))
2026-05-24T02:09:58 | parse_session | parse_case(semantic('1X+40'(4)),gen_status(gen_empty_yield),gen_tokens([]),repaired_tokens([]),parser_tokens([]),repair_status(repair_disabled),parse_status(parse_skipped_empty_tokens),parsed_sem(none))
2026-05-24T02:09:58 | parse_session | parse_case(semantic('1X+60'(4)),gen_status(gen_empty_yield),gen_tokens([]),repaired_tokens([]),parser_tokens([]),repair_status(repair_disabled),parse_status(parse_skipped_empty_tokens),parsed_sem(none))
2026-05-24T02:09:58 | parse_session | parse_case(semantic('1X+70'(4)),gen_status(gen_empty_yield),gen_tokens([]),repaired_tokens([]),parser_tokens([]),repair_status(repair_disabled),parse_status(parse_skipped_empty_tokens),parsed_sem(none))
2026-05-24T02:09:58 | parse_session | parse_case(semantic('1X+80'(4)),gen_status(gen_empty_yield),gen_tokens([]),repaired_tokens([]),parser_tokens([]),repair_status(repair_disabled),parse_status(parse_skipped_empty_tokens),parsed_sem(none))
2026-05-24T02:09:58 | parse_session | parse_case(semantic('1X+90'(4)),gen_status(gen_empty_yield),gen_tokens([]),repaired_tokens([]),parser_tokens([]),repair_status(repair_disabled),parse_status(parse_skipped_empty_tokens),parsed_sem(none))
2026-05-24T02:09:58 | system | parse_run_end
2026-05-24T02:19:47 | system | gen_run_start
2026-05-24T02:19:47 | configuration | gen_run(profile_name(english_numbers_profile),generator_name('MG Generator'),generator_main_file('../../SemanticGenerator/MG-Generator/main.pl'),generator_lexicon_name(numbers_Gen),generator_lexicon_file('../../SemanticGenerator/MG-Generator/grammars/numbers_Gen.pl'),semantic_cases_file('../cases/test_cases.pl'),gen_out_file('../generated/gen_out.pl'),forward_gen_tree_report_file('../generated/forward_gen_tree_report.txt'),repair_enabled(false),smoothing_enabled(false),smoothing_style(none))
2026-05-24T02:19:47 | gen_session | gen_case(semantic(1),status(ok),tokens([one]),sentence(one))
2026-05-24T02:19:47 | gen_session | gen_case(semantic(2),status(ok),tokens([two]),sentence(two))
2026-05-24T02:19:47 | gen_session | gen_case(semantic(3),status(ok),tokens([three]),sentence(three))
2026-05-24T02:19:47 | gen_session | gen_case(semantic(4),status(ok),tokens([four]),sentence(four))
2026-05-24T02:19:47 | gen_session | gen_case(semantic(5),status(ok),tokens([five]),sentence(five))
2026-05-24T02:19:47 | gen_session | gen_case(semantic(6),status(ok),tokens([six]),sentence(six))
2026-05-24T02:19:47 | gen_session | gen_case(semantic(7),status(ok),tokens([seven]),sentence(seven))
2026-05-24T02:19:47 | gen_session | gen_case(semantic(8),status(ok),tokens([eight]),sentence(eight))
2026-05-24T02:19:47 | gen_session | gen_case(semantic(9),status(ok),tokens([nine]),sentence(nine))
2026-05-24T02:19:47 | gen_session | gen_case(semantic(10),status(ok),tokens([ten]),sentence(ten))
2026-05-24T02:19:47 | gen_session | gen_case(semantic(11),status(ok),tokens([eleven]),sentence(eleven))
2026-05-24T02:19:47 | gen_session | gen_case(semantic(12),status(ok),tokens([twelve]),sentence(twelve))
2026-05-24T02:19:47 | gen_session | gen_case(semantic(13),status(ok),tokens([thirteen]),sentence(thirteen))
2026-05-24T02:19:47 | gen_session | gen_case(semantic(15),status(ok),tokens([fifteen]),sentence(fifteen))
2026-05-24T02:19:47 | gen_session | gen_case(semantic(18),status(gen_empty_yield),tokens([]),sentence(''))
2026-05-24T02:19:47 | gen_session | gen_case(semantic(20),status(ok),tokens([twenty]),sentence(twenty))
2026-05-24T02:19:47 | gen_session | gen_case(semantic(30),status(ok),tokens([thirty]),sentence(thirty))
2026-05-24T02:19:47 | gen_session | gen_case(semantic(50),status(ok),tokens([fifty]),sentence(fifty))
2026-05-24T02:19:47 | gen_session | gen_case(semantic('1X+10'(4)),status(ok),tokens([four,teen]),sentence(fourteen))
2026-05-24T02:19:47 | gen_session | gen_case(semantic('1X+10'(6)),status(ok),tokens([six,teen]),sentence(sixteen))
2026-05-24T02:19:47 | gen_session | gen_case(semantic('1X+10'(7)),status(ok),tokens([seven,teen]),sentence(seventeen))
2026-05-24T02:19:47 | gen_session | gen_case(semantic('0X+18'(8)),status(ok),tokens([eight,een]),sentence(eighteen))
2026-05-24T02:19:47 | gen_session | gen_case(semantic('1X+10'(9)),status(ok),tokens([nine,teen]),sentence(nineteen))
2026-05-24T02:19:47 | gen_session | gen_case(semantic('1X+20'(1)),status(ok),tokens([twenty,one]),sentence(twentyone))
2026-05-24T02:19:47 | gen_session | gen_case(semantic('1X+20'(2)),status(ok),tokens([twenty,two]),sentence(twentytwo))
2026-05-24T02:19:47 | gen_session | gen_case(semantic('1X+20'(3)),status(ok),tokens([twenty,three]),sentence(twentythree))
2026-05-24T02:19:47 | gen_session | gen_case(semantic('1X+20'(4)),status(ok),tokens([twenty]),sentence(twenty))
2026-05-24T02:19:47 | gen_session | gen_case(semantic('1X+20'(5)),status(ok),tokens([twenty,five]),sentence(twentyfive))
2026-05-24T02:19:47 | gen_session | gen_case(semantic('1X+20'(6)),status(ok),tokens([twenty]),sentence(twenty))
2026-05-24T02:19:47 | gen_session | gen_case(semantic('1X+20'(7)),status(ok),tokens([twenty]),sentence(twenty))
2026-05-24T02:19:47 | gen_session | gen_case(semantic('1X+20'(8)),status(ok),tokens([twenty]),sentence(twenty))
2026-05-24T02:19:47 | gen_session | gen_case(semantic('1X+20'(9)),status(ok),tokens([twenty]),sentence(twenty))
2026-05-24T02:19:47 | gen_session | gen_case(semantic('1X+30'(1)),status(ok),tokens([thirty,one]),sentence(thirtyone))
2026-05-24T02:19:47 | gen_session | gen_case(semantic('1X+30'(2)),status(ok),tokens([thirty,two]),sentence(thirtytwo))
2026-05-24T02:19:47 | gen_session | gen_case(semantic('1X+30'(3)),status(ok),tokens([thirty,three]),sentence(thirtythree))
2026-05-24T02:19:47 | gen_session | gen_case(semantic('1X+30'(4)),status(ok),tokens([thirty]),sentence(thirty))
2026-05-24T02:19:47 | gen_session | gen_case(semantic('1X+30'(5)),status(ok),tokens([thirty,five]),sentence(thirtyfive))
2026-05-24T02:19:47 | gen_session | gen_case(semantic('1X+30'(6)),status(ok),tokens([thirty]),sentence(thirty))
2026-05-24T02:19:47 | gen_session | gen_case(semantic('1X+30'(7)),status(ok),tokens([thirty]),sentence(thirty))
2026-05-24T02:19:47 | gen_session | gen_case(semantic('1X+30'(8)),status(ok),tokens([thirty]),sentence(thirty))
2026-05-24T02:19:47 | gen_session | gen_case(semantic('1X+30'(9)),status(ok),tokens([thirty]),sentence(thirty))
2026-05-24T02:19:47 | gen_session | gen_case(semantic('1X+50'(1)),status(ok),tokens([fifty,one]),sentence(fiftyone))
2026-05-24T02:19:47 | gen_session | gen_case(semantic('1X+50'(2)),status(ok),tokens([fifty,two]),sentence(fiftytwo))
2026-05-24T02:19:47 | gen_session | gen_case(semantic('1X+50'(3)),status(ok),tokens([fifty,three]),sentence(fiftythree))
2026-05-24T02:19:47 | gen_session | gen_case(semantic('1X+50'(4)),status(ok),tokens([fifty]),sentence(fifty))
2026-05-24T02:19:47 | gen_session | gen_case(semantic('1X+50'(5)),status(ok),tokens([fifty,five]),sentence(fiftyfive))
2026-05-24T02:19:47 | gen_session | gen_case(semantic('1X+50'(6)),status(ok),tokens([fifty]),sentence(fifty))
2026-05-24T02:19:47 | gen_session | gen_case(semantic('1X+50'(7)),status(ok),tokens([fifty]),sentence(fifty))
2026-05-24T02:19:47 | gen_session | gen_case(semantic('1X+50'(8)),status(ok),tokens([fifty]),sentence(fifty))
2026-05-24T02:19:47 | gen_session | gen_case(semantic('1X+50'(9)),status(ok),tokens([fifty]),sentence(fifty))
2026-05-24T02:19:47 | gen_session | gen_case(semantic('1X+40'(4)),status(gen_empty_yield),tokens([]),sentence(''))
2026-05-24T02:19:47 | gen_session | gen_case(semantic('1X+60'(4)),status(gen_empty_yield),tokens([]),sentence(''))
2026-05-24T02:19:47 | gen_session | gen_case(semantic('1X+70'(4)),status(gen_empty_yield),tokens([]),sentence(''))
2026-05-24T02:19:47 | gen_session | gen_case(semantic('1X+80'(4)),status(gen_empty_yield),tokens([]),sentence(''))
2026-05-24T02:19:47 | gen_session | gen_case(semantic('1X+90'(4)),status(gen_empty_yield),tokens([]),sentence(''))
2026-05-24T02:19:47 | system | gen_run_end
2026-05-24T02:19:47 | system | parse_run_start
2026-05-24T02:19:47 | configuration | parse_run(profile_name(english_numbers_profile),parser_name('MG LC Parser'),parser_load_file('../../MG-LC-Parser-with-Semantic-main/load.pl'),parser_semantics_source(parser_internal_pipeline),parser_lexicon_name('English_trans_pruned'),parser_lexicon_file('../../MG-LC-Parser-with-Semantic-main/grammars/English_trans_pruned.pl'),gen_out_file('../generated/gen_out.pl'),parse_out_file('../generated/parse_out.pl'),forward_parse_tree_report_file('../generated/forward_parse_tree_report.txt'),repair_enabled(false),smoothing_enabled(false),smoothing_style(none))
2026-05-24T02:19:47 | parse_session | parse_case(semantic(1),gen_status(ok),gen_tokens([one]),repaired_tokens([one]),parser_tokens([one]),repair_status(repair_disabled),parse_status(ok),parsed_sem(1))
2026-05-24T02:19:47 | parse_session | parse_case(semantic(2),gen_status(ok),gen_tokens([two]),repaired_tokens([two]),parser_tokens([two]),repair_status(repair_disabled),parse_status(ok),parsed_sem(2))
2026-05-24T02:19:47 | parse_session | parse_case(semantic(3),gen_status(ok),gen_tokens([three]),repaired_tokens([three]),parser_tokens([three]),repair_status(repair_disabled),parse_status(ok),parsed_sem(3))
2026-05-24T02:19:47 | parse_session | parse_case(semantic(4),gen_status(ok),gen_tokens([four]),repaired_tokens([four]),parser_tokens([four]),repair_status(repair_disabled),parse_status(ok),parsed_sem(4))
2026-05-24T02:19:47 | parse_session | parse_case(semantic(5),gen_status(ok),gen_tokens([five]),repaired_tokens([five]),parser_tokens([five]),repair_status(repair_disabled),parse_status(ok),parsed_sem(5))
2026-05-24T02:19:47 | parse_session | parse_case(semantic(6),gen_status(ok),gen_tokens([six]),repaired_tokens([six]),parser_tokens([six]),repair_status(repair_disabled),parse_status(ok),parsed_sem(6))
2026-05-24T02:19:47 | parse_session | parse_case(semantic(7),gen_status(ok),gen_tokens([seven]),repaired_tokens([seven]),parser_tokens([seven]),repair_status(repair_disabled),parse_status(ok),parsed_sem(7))
2026-05-24T02:19:47 | parse_session | parse_case(semantic(8),gen_status(ok),gen_tokens([eight]),repaired_tokens([eight]),parser_tokens([eight]),repair_status(repair_disabled),parse_status(ok),parsed_sem(8))
2026-05-24T02:19:47 | parse_session | parse_case(semantic(9),gen_status(ok),gen_tokens([nine]),repaired_tokens([nine]),parser_tokens([nine]),repair_status(repair_disabled),parse_status(ok),parsed_sem(9))
2026-05-24T02:19:47 | parse_session | parse_case(semantic(10),gen_status(ok),gen_tokens([ten]),repaired_tokens([ten]),parser_tokens([ten]),repair_status(repair_disabled),parse_status(ok),parsed_sem(10))
2026-05-24T02:19:47 | parse_session | parse_case(semantic(11),gen_status(ok),gen_tokens([eleven]),repaired_tokens([eleven]),parser_tokens([eleven]),repair_status(repair_disabled),parse_status(ok),parsed_sem(11))
2026-05-24T02:19:47 | parse_session | parse_case(semantic(12),gen_status(ok),gen_tokens([twelve]),repaired_tokens([twelve]),parser_tokens([twelve]),repair_status(repair_disabled),parse_status(ok),parsed_sem(12))
2026-05-24T02:19:47 | parse_session | parse_case(semantic(13),gen_status(ok),gen_tokens([thirteen]),repaired_tokens([thirteen]),parser_tokens([thirteen]),repair_status(repair_disabled),parse_status(ok),parsed_sem(13))
2026-05-24T02:19:47 | parse_session | parse_case(semantic(15),gen_status(ok),gen_tokens([fifteen]),repaired_tokens([fifteen]),parser_tokens([fifteen]),repair_status(repair_disabled),parse_status(ok),parsed_sem(15))
2026-05-24T02:19:47 | parse_session | parse_case(semantic(18),gen_status(gen_empty_yield),gen_tokens([]),repaired_tokens([]),parser_tokens([]),repair_status(repair_disabled),parse_status(parse_skipped_empty_tokens),parsed_sem(none))
2026-05-24T02:19:47 | parse_session | parse_case(semantic(20),gen_status(ok),gen_tokens([twenty]),repaired_tokens([twenty]),parser_tokens([twenty]),repair_status(repair_disabled),parse_status(ok),parsed_sem(20))
2026-05-24T02:19:47 | parse_session | parse_case(semantic(30),gen_status(ok),gen_tokens([thirty]),repaired_tokens([thirty]),parser_tokens([thirty]),repair_status(repair_disabled),parse_status(ok),parsed_sem(30))
2026-05-24T02:19:47 | parse_session | parse_case(semantic(50),gen_status(ok),gen_tokens([fifty]),repaired_tokens([fifty]),parser_tokens([fifty]),repair_status(repair_disabled),parse_status(ok),parsed_sem(50))
2026-05-24T02:19:47 | parse_session | parse_case(semantic('1X+10'(4)),gen_status(ok),gen_tokens([four,teen]),repaired_tokens([four,teen]),parser_tokens([four,teen]),repair_status(repair_disabled),parse_status(ok),parsed_sem('1X+10'(4)))
2026-05-24T02:19:47 | parse_session | parse_case(semantic('1X+10'(6)),gen_status(ok),gen_tokens([six,teen]),repaired_tokens([six,teen]),parser_tokens([six,teen]),repair_status(repair_disabled),parse_status(parse_fail),parsed_sem(none))
2026-05-24T02:19:47 | parse_session | parse_case(semantic('1X+10'(7)),gen_status(ok),gen_tokens([seven,teen]),repaired_tokens([seven,teen]),parser_tokens([seven,teen]),repair_status(repair_disabled),parse_status(parse_fail),parsed_sem(none))
2026-05-24T02:19:47 | parse_session | parse_case(semantic('0X+18'(8)),gen_status(ok),gen_tokens([eight,een]),repaired_tokens([eight,een]),parser_tokens([eight,een]),repair_status(repair_disabled),parse_status(ok),parsed_sem('0X+18'(8)))
2026-05-24T02:19:47 | parse_session | parse_case(semantic('1X+10'(9)),gen_status(ok),gen_tokens([nine,teen]),repaired_tokens([nine,teen]),parser_tokens([nine,teen]),repair_status(repair_disabled),parse_status(parse_fail),parsed_sem(none))
2026-05-24T02:19:47 | parse_session | parse_case(semantic('1X+20'(1)),gen_status(ok),gen_tokens([twenty,one]),repaired_tokens([twenty,one]),parser_tokens([twenty,one]),repair_status(repair_disabled),parse_status(parse_fail),parsed_sem(none))
2026-05-24T02:19:47 | parse_session | parse_case(semantic('1X+20'(2)),gen_status(ok),gen_tokens([twenty,two]),repaired_tokens([twenty,two]),parser_tokens([twenty,two]),repair_status(repair_disabled),parse_status(parse_fail),parsed_sem(none))
2026-05-24T02:19:47 | parse_session | parse_case(semantic('1X+20'(3)),gen_status(ok),gen_tokens([twenty,three]),repaired_tokens([twenty,three]),parser_tokens([twenty,three]),repair_status(repair_disabled),parse_status(parse_fail),parsed_sem(none))
2026-05-24T02:19:47 | parse_session | parse_case(semantic('1X+20'(4)),gen_status(ok),gen_tokens([twenty]),repaired_tokens([twenty]),parser_tokens([twenty]),repair_status(repair_disabled),parse_status(ok),parsed_sem(20))
2026-05-24T02:19:47 | parse_session | parse_case(semantic('1X+20'(5)),gen_status(ok),gen_tokens([twenty,five]),repaired_tokens([twenty,five]),parser_tokens([twenty,five]),repair_status(repair_disabled),parse_status(parse_fail),parsed_sem(none))
2026-05-24T02:19:47 | parse_session | parse_case(semantic('1X+20'(6)),gen_status(ok),gen_tokens([twenty]),repaired_tokens([twenty]),parser_tokens([twenty]),repair_status(repair_disabled),parse_status(ok),parsed_sem(20))
2026-05-24T02:19:47 | parse_session | parse_case(semantic('1X+20'(7)),gen_status(ok),gen_tokens([twenty]),repaired_tokens([twenty]),parser_tokens([twenty]),repair_status(repair_disabled),parse_status(ok),parsed_sem(20))
2026-05-24T02:19:47 | parse_session | parse_case(semantic('1X+20'(8)),gen_status(ok),gen_tokens([twenty]),repaired_tokens([twenty]),parser_tokens([twenty]),repair_status(repair_disabled),parse_status(ok),parsed_sem(20))
2026-05-24T02:19:47 | parse_session | parse_case(semantic('1X+20'(9)),gen_status(ok),gen_tokens([twenty]),repaired_tokens([twenty]),parser_tokens([twenty]),repair_status(repair_disabled),parse_status(ok),parsed_sem(20))
2026-05-24T02:19:47 | parse_session | parse_case(semantic('1X+30'(1)),gen_status(ok),gen_tokens([thirty,one]),repaired_tokens([thirty,one]),parser_tokens([thirty,one]),repair_status(repair_disabled),parse_status(parse_fail),parsed_sem(none))
2026-05-24T02:19:47 | parse_session | parse_case(semantic('1X+30'(2)),gen_status(ok),gen_tokens([thirty,two]),repaired_tokens([thirty,two]),parser_tokens([thirty,two]),repair_status(repair_disabled),parse_status(parse_fail),parsed_sem(none))
2026-05-24T02:19:47 | parse_session | parse_case(semantic('1X+30'(3)),gen_status(ok),gen_tokens([thirty,three]),repaired_tokens([thirty,three]),parser_tokens([thirty,three]),repair_status(repair_disabled),parse_status(parse_fail),parsed_sem(none))
2026-05-24T02:19:47 | parse_session | parse_case(semantic('1X+30'(4)),gen_status(ok),gen_tokens([thirty]),repaired_tokens([thirty]),parser_tokens([thirty]),repair_status(repair_disabled),parse_status(ok),parsed_sem(30))
2026-05-24T02:19:47 | parse_session | parse_case(semantic('1X+30'(5)),gen_status(ok),gen_tokens([thirty,five]),repaired_tokens([thirty,five]),parser_tokens([thirty,five]),repair_status(repair_disabled),parse_status(parse_fail),parsed_sem(none))
2026-05-24T02:19:47 | parse_session | parse_case(semantic('1X+30'(6)),gen_status(ok),gen_tokens([thirty]),repaired_tokens([thirty]),parser_tokens([thirty]),repair_status(repair_disabled),parse_status(ok),parsed_sem(30))
2026-05-24T02:19:47 | parse_session | parse_case(semantic('1X+30'(7)),gen_status(ok),gen_tokens([thirty]),repaired_tokens([thirty]),parser_tokens([thirty]),repair_status(repair_disabled),parse_status(ok),parsed_sem(30))
2026-05-24T02:19:47 | parse_session | parse_case(semantic('1X+30'(8)),gen_status(ok),gen_tokens([thirty]),repaired_tokens([thirty]),parser_tokens([thirty]),repair_status(repair_disabled),parse_status(ok),parsed_sem(30))
2026-05-24T02:19:47 | parse_session | parse_case(semantic('1X+30'(9)),gen_status(ok),gen_tokens([thirty]),repaired_tokens([thirty]),parser_tokens([thirty]),repair_status(repair_disabled),parse_status(ok),parsed_sem(30))
2026-05-24T02:19:47 | parse_session | parse_case(semantic('1X+50'(1)),gen_status(ok),gen_tokens([fifty,one]),repaired_tokens([fifty,one]),parser_tokens([fifty,one]),repair_status(repair_disabled),parse_status(parse_fail),parsed_sem(none))
2026-05-24T02:19:47 | parse_session | parse_case(semantic('1X+50'(2)),gen_status(ok),gen_tokens([fifty,two]),repaired_tokens([fifty,two]),parser_tokens([fifty,two]),repair_status(repair_disabled),parse_status(parse_fail),parsed_sem(none))
2026-05-24T02:19:47 | parse_session | parse_case(semantic('1X+50'(3)),gen_status(ok),gen_tokens([fifty,three]),repaired_tokens([fifty,three]),parser_tokens([fifty,three]),repair_status(repair_disabled),parse_status(parse_fail),parsed_sem(none))
2026-05-24T02:19:47 | parse_session | parse_case(semantic('1X+50'(4)),gen_status(ok),gen_tokens([fifty]),repaired_tokens([fifty]),parser_tokens([fifty]),repair_status(repair_disabled),parse_status(ok),parsed_sem(50))
2026-05-24T02:19:47 | parse_session | parse_case(semantic('1X+50'(5)),gen_status(ok),gen_tokens([fifty,five]),repaired_tokens([fifty,five]),parser_tokens([fifty,five]),repair_status(repair_disabled),parse_status(parse_fail),parsed_sem(none))
2026-05-24T02:19:47 | parse_session | parse_case(semantic('1X+50'(6)),gen_status(ok),gen_tokens([fifty]),repaired_tokens([fifty]),parser_tokens([fifty]),repair_status(repair_disabled),parse_status(ok),parsed_sem(50))
2026-05-24T02:19:47 | parse_session | parse_case(semantic('1X+50'(7)),gen_status(ok),gen_tokens([fifty]),repaired_tokens([fifty]),parser_tokens([fifty]),repair_status(repair_disabled),parse_status(ok),parsed_sem(50))
2026-05-24T02:19:47 | parse_session | parse_case(semantic('1X+50'(8)),gen_status(ok),gen_tokens([fifty]),repaired_tokens([fifty]),parser_tokens([fifty]),repair_status(repair_disabled),parse_status(ok),parsed_sem(50))
2026-05-24T02:19:47 | parse_session | parse_case(semantic('1X+50'(9)),gen_status(ok),gen_tokens([fifty]),repaired_tokens([fifty]),parser_tokens([fifty]),repair_status(repair_disabled),parse_status(ok),parsed_sem(50))
2026-05-24T02:19:47 | parse_session | parse_case(semantic('1X+40'(4)),gen_status(gen_empty_yield),gen_tokens([]),repaired_tokens([]),parser_tokens([]),repair_status(repair_disabled),parse_status(parse_skipped_empty_tokens),parsed_sem(none))
2026-05-24T02:19:47 | parse_session | parse_case(semantic('1X+60'(4)),gen_status(gen_empty_yield),gen_tokens([]),repaired_tokens([]),parser_tokens([]),repair_status(repair_disabled),parse_status(parse_skipped_empty_tokens),parsed_sem(none))
2026-05-24T02:19:47 | parse_session | parse_case(semantic('1X+70'(4)),gen_status(gen_empty_yield),gen_tokens([]),repaired_tokens([]),parser_tokens([]),repair_status(repair_disabled),parse_status(parse_skipped_empty_tokens),parsed_sem(none))
2026-05-24T02:19:47 | parse_session | parse_case(semantic('1X+80'(4)),gen_status(gen_empty_yield),gen_tokens([]),repaired_tokens([]),parser_tokens([]),repair_status(repair_disabled),parse_status(parse_skipped_empty_tokens),parsed_sem(none))
2026-05-24T02:19:47 | parse_session | parse_case(semantic('1X+90'(4)),gen_status(gen_empty_yield),gen_tokens([]),repaired_tokens([]),parser_tokens([]),repair_status(repair_disabled),parse_status(parse_skipped_empty_tokens),parsed_sem(none))
2026-05-24T02:19:47 | system | parse_run_end
2026-05-24T02:26:54 | system | gen_run_start
2026-05-24T02:26:54 | configuration | gen_run(profile_name(english_numbers_profile),generator_name('MG Generator'),generator_main_file('../../SemanticGenerator/MG-Generator/main.pl'),generator_lexicon_name(numbers_Gen),generator_lexicon_file('../../SemanticGenerator/MG-Generator/grammars/numbers_Gen.pl'),semantic_cases_file('../cases/test_cases.pl'),gen_out_file('../generated/gen_out.pl'),forward_gen_tree_report_file('../generated/forward_gen_tree_report.txt'),repair_enabled(false),smoothing_enabled(false),smoothing_style(none))
2026-05-24T02:26:54 | gen_session | gen_case(semantic(1),status(ok),tokens([one]),sentence(one))
2026-05-24T02:26:54 | gen_session | gen_case(semantic(2),status(ok),tokens([two]),sentence(two))
2026-05-24T02:26:54 | gen_session | gen_case(semantic(3),status(ok),tokens([three]),sentence(three))
2026-05-24T02:26:54 | gen_session | gen_case(semantic(4),status(ok),tokens([four]),sentence(four))
2026-05-24T02:26:54 | gen_session | gen_case(semantic(5),status(ok),tokens([five]),sentence(five))
2026-05-24T02:26:54 | gen_session | gen_case(semantic(6),status(ok),tokens([six]),sentence(six))
2026-05-24T02:26:54 | gen_session | gen_case(semantic(7),status(ok),tokens([seven]),sentence(seven))
2026-05-24T02:26:54 | gen_session | gen_case(semantic(8),status(ok),tokens([eight]),sentence(eight))
2026-05-24T02:26:54 | gen_session | gen_case(semantic(9),status(ok),tokens([nine]),sentence(nine))
2026-05-24T02:26:54 | gen_session | gen_case(semantic(10),status(ok),tokens([ten]),sentence(ten))
2026-05-24T02:26:54 | gen_session | gen_case(semantic(11),status(ok),tokens([eleven]),sentence(eleven))
2026-05-24T02:26:54 | gen_session | gen_case(semantic(12),status(ok),tokens([twelve]),sentence(twelve))
2026-05-24T02:26:54 | gen_session | gen_case(semantic(13),status(ok),tokens([thirteen]),sentence(thirteen))
2026-05-24T02:26:54 | gen_session | gen_case(semantic(15),status(ok),tokens([fifteen]),sentence(fifteen))
2026-05-24T02:26:54 | gen_session | gen_case(semantic(18),status(gen_empty_yield),tokens([]),sentence(''))
2026-05-24T02:26:54 | gen_session | gen_case(semantic(20),status(ok),tokens([twenty]),sentence(twenty))
2026-05-24T02:26:54 | gen_session | gen_case(semantic(30),status(ok),tokens([thirty]),sentence(thirty))
2026-05-24T02:26:54 | gen_session | gen_case(semantic(50),status(ok),tokens([fifty]),sentence(fifty))
2026-05-24T02:26:54 | gen_session | gen_case(semantic('1X+10'(4)),status(ok),tokens([four,teen]),sentence(fourteen))
2026-05-24T02:26:54 | gen_session | gen_case(semantic('1X+10'(6)),status(ok),tokens([six,teen]),sentence(sixteen))
2026-05-24T02:26:54 | gen_session | gen_case(semantic('1X+10'(7)),status(ok),tokens([seven,teen]),sentence(seventeen))
2026-05-24T02:26:54 | gen_session | gen_case(semantic('0X+18'(8)),status(ok),tokens([eight,een]),sentence(eighteen))
2026-05-24T02:26:54 | gen_session | gen_case(semantic('1X+10'(9)),status(ok),tokens([nine,teen]),sentence(nineteen))
2026-05-24T02:26:54 | gen_session | gen_case(semantic('1X+20'(1)),status(ok),tokens([twenty,one]),sentence(twentyone))
2026-05-24T02:26:54 | gen_session | gen_case(semantic('1X+20'(2)),status(ok),tokens([twenty,two]),sentence(twentytwo))
2026-05-24T02:26:54 | gen_session | gen_case(semantic('1X+20'(3)),status(ok),tokens([twenty,three]),sentence(twentythree))
2026-05-24T02:26:54 | gen_session | gen_case(semantic('1X+20'(4)),status(ok),tokens([twenty]),sentence(twenty))
2026-05-24T02:26:54 | gen_session | gen_case(semantic('1X+20'(5)),status(ok),tokens([twenty,five]),sentence(twentyfive))
2026-05-24T02:26:54 | gen_session | gen_case(semantic('1X+20'(6)),status(ok),tokens([twenty]),sentence(twenty))
2026-05-24T02:26:54 | gen_session | gen_case(semantic('1X+20'(7)),status(ok),tokens([twenty]),sentence(twenty))
2026-05-24T02:26:54 | gen_session | gen_case(semantic('1X+20'(8)),status(ok),tokens([twenty]),sentence(twenty))
2026-05-24T02:26:54 | gen_session | gen_case(semantic('1X+20'(9)),status(ok),tokens([twenty]),sentence(twenty))
2026-05-24T02:26:54 | gen_session | gen_case(semantic('1X+30'(1)),status(ok),tokens([thirty,one]),sentence(thirtyone))
2026-05-24T02:26:54 | gen_session | gen_case(semantic('1X+30'(2)),status(ok),tokens([thirty,two]),sentence(thirtytwo))
2026-05-24T02:26:54 | gen_session | gen_case(semantic('1X+30'(3)),status(ok),tokens([thirty,three]),sentence(thirtythree))
2026-05-24T02:26:54 | gen_session | gen_case(semantic('1X+30'(4)),status(ok),tokens([thirty]),sentence(thirty))
2026-05-24T02:26:54 | gen_session | gen_case(semantic('1X+30'(5)),status(ok),tokens([thirty,five]),sentence(thirtyfive))
2026-05-24T02:26:54 | gen_session | gen_case(semantic('1X+30'(6)),status(ok),tokens([thirty]),sentence(thirty))
2026-05-24T02:26:54 | gen_session | gen_case(semantic('1X+30'(7)),status(ok),tokens([thirty]),sentence(thirty))
2026-05-24T02:26:54 | gen_session | gen_case(semantic('1X+30'(8)),status(ok),tokens([thirty]),sentence(thirty))
2026-05-24T02:26:54 | gen_session | gen_case(semantic('1X+30'(9)),status(ok),tokens([thirty]),sentence(thirty))
2026-05-24T02:26:54 | gen_session | gen_case(semantic('1X+50'(1)),status(ok),tokens([fifty,one]),sentence(fiftyone))
2026-05-24T02:26:54 | gen_session | gen_case(semantic('1X+50'(2)),status(ok),tokens([fifty,two]),sentence(fiftytwo))
2026-05-24T02:26:54 | gen_session | gen_case(semantic('1X+50'(3)),status(ok),tokens([fifty,three]),sentence(fiftythree))
2026-05-24T02:26:54 | gen_session | gen_case(semantic('1X+50'(4)),status(ok),tokens([fifty]),sentence(fifty))
2026-05-24T02:26:54 | gen_session | gen_case(semantic('1X+50'(5)),status(ok),tokens([fifty,five]),sentence(fiftyfive))
2026-05-24T02:26:54 | gen_session | gen_case(semantic('1X+50'(6)),status(ok),tokens([fifty]),sentence(fifty))
2026-05-24T02:26:54 | gen_session | gen_case(semantic('1X+50'(7)),status(ok),tokens([fifty]),sentence(fifty))
2026-05-24T02:26:54 | gen_session | gen_case(semantic('1X+50'(8)),status(ok),tokens([fifty]),sentence(fifty))
2026-05-24T02:26:54 | gen_session | gen_case(semantic('1X+50'(9)),status(ok),tokens([fifty]),sentence(fifty))
2026-05-24T02:26:54 | gen_session | gen_case(semantic('1X+40'(4)),status(gen_empty_yield),tokens([]),sentence(''))
2026-05-24T02:26:54 | gen_session | gen_case(semantic('1X+60'(4)),status(gen_empty_yield),tokens([]),sentence(''))
2026-05-24T02:26:54 | gen_session | gen_case(semantic('1X+70'(4)),status(gen_empty_yield),tokens([]),sentence(''))
2026-05-24T02:26:54 | gen_session | gen_case(semantic('1X+80'(4)),status(gen_empty_yield),tokens([]),sentence(''))
2026-05-24T02:26:54 | gen_session | gen_case(semantic('1X+90'(4)),status(gen_empty_yield),tokens([]),sentence(''))
2026-05-24T02:26:54 | system | gen_run_end
2026-05-24T02:26:54 | system | parse_run_start
2026-05-24T02:26:54 | configuration | parse_run(profile_name(english_numbers_profile),parser_name('MG LC Parser'),parser_load_file('../../MG-LC-Parser-with-Semantic-main/load.pl'),parser_semantics_source(parser_internal_pipeline),parser_lexicon_name('English_trans_pruned'),parser_lexicon_file('../../MG-LC-Parser-with-Semantic-main/grammars/English_trans_pruned.pl'),gen_out_file('../generated/gen_out.pl'),parse_out_file('../generated/parse_out.pl'),forward_parse_tree_report_file('../generated/forward_parse_tree_report.txt'),repair_enabled(false),smoothing_enabled(false),smoothing_style(none))
2026-05-24T02:26:54 | parse_session | parse_case(semantic(1),gen_status(ok),gen_tokens([one]),repaired_tokens([one]),parser_tokens([one]),repair_status(repair_disabled),parse_status(ok),parsed_sem(1))
2026-05-24T02:26:54 | parse_session | parse_case(semantic(2),gen_status(ok),gen_tokens([two]),repaired_tokens([two]),parser_tokens([two]),repair_status(repair_disabled),parse_status(ok),parsed_sem(2))
2026-05-24T02:26:54 | parse_session | parse_case(semantic(3),gen_status(ok),gen_tokens([three]),repaired_tokens([three]),parser_tokens([three]),repair_status(repair_disabled),parse_status(ok),parsed_sem(3))
2026-05-24T02:26:54 | parse_session | parse_case(semantic(4),gen_status(ok),gen_tokens([four]),repaired_tokens([four]),parser_tokens([four]),repair_status(repair_disabled),parse_status(ok),parsed_sem(4))
2026-05-24T02:26:54 | parse_session | parse_case(semantic(5),gen_status(ok),gen_tokens([five]),repaired_tokens([five]),parser_tokens([five]),repair_status(repair_disabled),parse_status(ok),parsed_sem(5))
2026-05-24T02:26:54 | parse_session | parse_case(semantic(6),gen_status(ok),gen_tokens([six]),repaired_tokens([six]),parser_tokens([six]),repair_status(repair_disabled),parse_status(ok),parsed_sem(6))
2026-05-24T02:26:54 | parse_session | parse_case(semantic(7),gen_status(ok),gen_tokens([seven]),repaired_tokens([seven]),parser_tokens([seven]),repair_status(repair_disabled),parse_status(ok),parsed_sem(7))
2026-05-24T02:26:54 | parse_session | parse_case(semantic(8),gen_status(ok),gen_tokens([eight]),repaired_tokens([eight]),parser_tokens([eight]),repair_status(repair_disabled),parse_status(ok),parsed_sem(8))
2026-05-24T02:26:54 | parse_session | parse_case(semantic(9),gen_status(ok),gen_tokens([nine]),repaired_tokens([nine]),parser_tokens([nine]),repair_status(repair_disabled),parse_status(ok),parsed_sem(9))
2026-05-24T02:26:54 | parse_session | parse_case(semantic(10),gen_status(ok),gen_tokens([ten]),repaired_tokens([ten]),parser_tokens([ten]),repair_status(repair_disabled),parse_status(ok),parsed_sem(10))
2026-05-24T02:26:54 | parse_session | parse_case(semantic(11),gen_status(ok),gen_tokens([eleven]),repaired_tokens([eleven]),parser_tokens([eleven]),repair_status(repair_disabled),parse_status(ok),parsed_sem(11))
2026-05-24T02:26:54 | parse_session | parse_case(semantic(12),gen_status(ok),gen_tokens([twelve]),repaired_tokens([twelve]),parser_tokens([twelve]),repair_status(repair_disabled),parse_status(ok),parsed_sem(12))
2026-05-24T02:26:54 | parse_session | parse_case(semantic(13),gen_status(ok),gen_tokens([thirteen]),repaired_tokens([thirteen]),parser_tokens([thirteen]),repair_status(repair_disabled),parse_status(ok),parsed_sem(13))
2026-05-24T02:26:54 | parse_session | parse_case(semantic(15),gen_status(ok),gen_tokens([fifteen]),repaired_tokens([fifteen]),parser_tokens([fifteen]),repair_status(repair_disabled),parse_status(ok),parsed_sem(15))
2026-05-24T02:26:54 | parse_session | parse_case(semantic(18),gen_status(gen_empty_yield),gen_tokens([]),repaired_tokens([]),parser_tokens([]),repair_status(repair_disabled),parse_status(parse_skipped_empty_tokens),parsed_sem(none))
2026-05-24T02:26:54 | parse_session | parse_case(semantic(20),gen_status(ok),gen_tokens([twenty]),repaired_tokens([twenty]),parser_tokens([twenty]),repair_status(repair_disabled),parse_status(ok),parsed_sem(20))
2026-05-24T02:26:54 | parse_session | parse_case(semantic(30),gen_status(ok),gen_tokens([thirty]),repaired_tokens([thirty]),parser_tokens([thirty]),repair_status(repair_disabled),parse_status(ok),parsed_sem(30))
2026-05-24T02:26:54 | parse_session | parse_case(semantic(50),gen_status(ok),gen_tokens([fifty]),repaired_tokens([fifty]),parser_tokens([fifty]),repair_status(repair_disabled),parse_status(ok),parsed_sem(50))
2026-05-24T02:26:54 | parse_session | parse_case(semantic('1X+10'(4)),gen_status(ok),gen_tokens([four,teen]),repaired_tokens([four,teen]),parser_tokens([four,teen]),repair_status(repair_disabled),parse_status(ok),parsed_sem('1X+10'(4)))
2026-05-24T02:26:54 | parse_session | parse_case(semantic('1X+10'(6)),gen_status(ok),gen_tokens([six,teen]),repaired_tokens([six,teen]),parser_tokens([six,teen]),repair_status(repair_disabled),parse_status(parse_fail),parsed_sem(none))
2026-05-24T02:26:55 | parse_session | parse_case(semantic('1X+10'(7)),gen_status(ok),gen_tokens([seven,teen]),repaired_tokens([seven,teen]),parser_tokens([seven,teen]),repair_status(repair_disabled),parse_status(parse_fail),parsed_sem(none))
2026-05-24T02:26:55 | parse_session | parse_case(semantic('0X+18'(8)),gen_status(ok),gen_tokens([eight,een]),repaired_tokens([eight,een]),parser_tokens([eight,een]),repair_status(repair_disabled),parse_status(ok),parsed_sem('0X+18'(8)))
2026-05-24T02:26:55 | parse_session | parse_case(semantic('1X+10'(9)),gen_status(ok),gen_tokens([nine,teen]),repaired_tokens([nine,teen]),parser_tokens([nine,teen]),repair_status(repair_disabled),parse_status(parse_fail),parsed_sem(none))
2026-05-24T02:26:55 | parse_session | parse_case(semantic('1X+20'(1)),gen_status(ok),gen_tokens([twenty,one]),repaired_tokens([twenty,one]),parser_tokens([twenty,one]),repair_status(repair_disabled),parse_status(parse_fail),parsed_sem(none))
2026-05-24T02:26:55 | parse_session | parse_case(semantic('1X+20'(2)),gen_status(ok),gen_tokens([twenty,two]),repaired_tokens([twenty,two]),parser_tokens([twenty,two]),repair_status(repair_disabled),parse_status(parse_fail),parsed_sem(none))
2026-05-24T02:26:55 | parse_session | parse_case(semantic('1X+20'(3)),gen_status(ok),gen_tokens([twenty,three]),repaired_tokens([twenty,three]),parser_tokens([twenty,three]),repair_status(repair_disabled),parse_status(parse_fail),parsed_sem(none))
2026-05-24T02:26:55 | parse_session | parse_case(semantic('1X+20'(4)),gen_status(ok),gen_tokens([twenty]),repaired_tokens([twenty]),parser_tokens([twenty]),repair_status(repair_disabled),parse_status(ok),parsed_sem(20))
2026-05-24T02:26:55 | parse_session | parse_case(semantic('1X+20'(5)),gen_status(ok),gen_tokens([twenty,five]),repaired_tokens([twenty,five]),parser_tokens([twenty,five]),repair_status(repair_disabled),parse_status(parse_fail),parsed_sem(none))
2026-05-24T02:26:55 | parse_session | parse_case(semantic('1X+20'(6)),gen_status(ok),gen_tokens([twenty]),repaired_tokens([twenty]),parser_tokens([twenty]),repair_status(repair_disabled),parse_status(ok),parsed_sem(20))
2026-05-24T02:26:55 | parse_session | parse_case(semantic('1X+20'(7)),gen_status(ok),gen_tokens([twenty]),repaired_tokens([twenty]),parser_tokens([twenty]),repair_status(repair_disabled),parse_status(ok),parsed_sem(20))
2026-05-24T02:26:55 | parse_session | parse_case(semantic('1X+20'(8)),gen_status(ok),gen_tokens([twenty]),repaired_tokens([twenty]),parser_tokens([twenty]),repair_status(repair_disabled),parse_status(ok),parsed_sem(20))
2026-05-24T02:26:55 | parse_session | parse_case(semantic('1X+20'(9)),gen_status(ok),gen_tokens([twenty]),repaired_tokens([twenty]),parser_tokens([twenty]),repair_status(repair_disabled),parse_status(ok),parsed_sem(20))
2026-05-24T02:26:55 | parse_session | parse_case(semantic('1X+30'(1)),gen_status(ok),gen_tokens([thirty,one]),repaired_tokens([thirty,one]),parser_tokens([thirty,one]),repair_status(repair_disabled),parse_status(parse_fail),parsed_sem(none))
2026-05-24T02:26:55 | parse_session | parse_case(semantic('1X+30'(2)),gen_status(ok),gen_tokens([thirty,two]),repaired_tokens([thirty,two]),parser_tokens([thirty,two]),repair_status(repair_disabled),parse_status(parse_fail),parsed_sem(none))
2026-05-24T02:26:55 | parse_session | parse_case(semantic('1X+30'(3)),gen_status(ok),gen_tokens([thirty,three]),repaired_tokens([thirty,three]),parser_tokens([thirty,three]),repair_status(repair_disabled),parse_status(parse_fail),parsed_sem(none))
2026-05-24T02:26:55 | parse_session | parse_case(semantic('1X+30'(4)),gen_status(ok),gen_tokens([thirty]),repaired_tokens([thirty]),parser_tokens([thirty]),repair_status(repair_disabled),parse_status(ok),parsed_sem(30))
2026-05-24T02:26:55 | parse_session | parse_case(semantic('1X+30'(5)),gen_status(ok),gen_tokens([thirty,five]),repaired_tokens([thirty,five]),parser_tokens([thirty,five]),repair_status(repair_disabled),parse_status(parse_fail),parsed_sem(none))
2026-05-24T02:26:55 | parse_session | parse_case(semantic('1X+30'(6)),gen_status(ok),gen_tokens([thirty]),repaired_tokens([thirty]),parser_tokens([thirty]),repair_status(repair_disabled),parse_status(ok),parsed_sem(30))
2026-05-24T02:26:55 | parse_session | parse_case(semantic('1X+30'(7)),gen_status(ok),gen_tokens([thirty]),repaired_tokens([thirty]),parser_tokens([thirty]),repair_status(repair_disabled),parse_status(ok),parsed_sem(30))
2026-05-24T02:26:55 | parse_session | parse_case(semantic('1X+30'(8)),gen_status(ok),gen_tokens([thirty]),repaired_tokens([thirty]),parser_tokens([thirty]),repair_status(repair_disabled),parse_status(ok),parsed_sem(30))
2026-05-24T02:26:55 | parse_session | parse_case(semantic('1X+30'(9)),gen_status(ok),gen_tokens([thirty]),repaired_tokens([thirty]),parser_tokens([thirty]),repair_status(repair_disabled),parse_status(ok),parsed_sem(30))
2026-05-24T02:26:55 | parse_session | parse_case(semantic('1X+50'(1)),gen_status(ok),gen_tokens([fifty,one]),repaired_tokens([fifty,one]),parser_tokens([fifty,one]),repair_status(repair_disabled),parse_status(parse_fail),parsed_sem(none))
2026-05-24T02:26:55 | parse_session | parse_case(semantic('1X+50'(2)),gen_status(ok),gen_tokens([fifty,two]),repaired_tokens([fifty,two]),parser_tokens([fifty,two]),repair_status(repair_disabled),parse_status(parse_fail),parsed_sem(none))
2026-05-24T02:26:55 | parse_session | parse_case(semantic('1X+50'(3)),gen_status(ok),gen_tokens([fifty,three]),repaired_tokens([fifty,three]),parser_tokens([fifty,three]),repair_status(repair_disabled),parse_status(parse_fail),parsed_sem(none))
2026-05-24T02:26:55 | parse_session | parse_case(semantic('1X+50'(4)),gen_status(ok),gen_tokens([fifty]),repaired_tokens([fifty]),parser_tokens([fifty]),repair_status(repair_disabled),parse_status(ok),parsed_sem(50))
2026-05-24T02:26:55 | parse_session | parse_case(semantic('1X+50'(5)),gen_status(ok),gen_tokens([fifty,five]),repaired_tokens([fifty,five]),parser_tokens([fifty,five]),repair_status(repair_disabled),parse_status(parse_fail),parsed_sem(none))
2026-05-24T02:26:55 | parse_session | parse_case(semantic('1X+50'(6)),gen_status(ok),gen_tokens([fifty]),repaired_tokens([fifty]),parser_tokens([fifty]),repair_status(repair_disabled),parse_status(ok),parsed_sem(50))
2026-05-24T02:26:55 | parse_session | parse_case(semantic('1X+50'(7)),gen_status(ok),gen_tokens([fifty]),repaired_tokens([fifty]),parser_tokens([fifty]),repair_status(repair_disabled),parse_status(ok),parsed_sem(50))
2026-05-24T02:26:55 | parse_session | parse_case(semantic('1X+50'(8)),gen_status(ok),gen_tokens([fifty]),repaired_tokens([fifty]),parser_tokens([fifty]),repair_status(repair_disabled),parse_status(ok),parsed_sem(50))
2026-05-24T02:26:55 | parse_session | parse_case(semantic('1X+50'(9)),gen_status(ok),gen_tokens([fifty]),repaired_tokens([fifty]),parser_tokens([fifty]),repair_status(repair_disabled),parse_status(ok),parsed_sem(50))
2026-05-24T02:26:55 | parse_session | parse_case(semantic('1X+40'(4)),gen_status(gen_empty_yield),gen_tokens([]),repaired_tokens([]),parser_tokens([]),repair_status(repair_disabled),parse_status(parse_skipped_empty_tokens),parsed_sem(none))
2026-05-24T02:26:55 | parse_session | parse_case(semantic('1X+60'(4)),gen_status(gen_empty_yield),gen_tokens([]),repaired_tokens([]),parser_tokens([]),repair_status(repair_disabled),parse_status(parse_skipped_empty_tokens),parsed_sem(none))
2026-05-24T02:26:55 | parse_session | parse_case(semantic('1X+70'(4)),gen_status(gen_empty_yield),gen_tokens([]),repaired_tokens([]),parser_tokens([]),repair_status(repair_disabled),parse_status(parse_skipped_empty_tokens),parsed_sem(none))
2026-05-24T02:26:55 | parse_session | parse_case(semantic('1X+80'(4)),gen_status(gen_empty_yield),gen_tokens([]),repaired_tokens([]),parser_tokens([]),repair_status(repair_disabled),parse_status(parse_skipped_empty_tokens),parsed_sem(none))
2026-05-24T02:26:55 | parse_session | parse_case(semantic('1X+90'(4)),gen_status(gen_empty_yield),gen_tokens([]),repaired_tokens([]),parser_tokens([]),repair_status(repair_disabled),parse_status(parse_skipped_empty_tokens),parsed_sem(none))
2026-05-24T02:26:55 | system | parse_run_end
