2026-01-30T09:42:20 | system | start_bidir
2026-01-30T09:42:20 | bidir | gen_to_parse(ok,sem(8),sent(eight))
2026-01-30T09:42:20 | bidir | gen_to_parse(ok,sem(13),sent(thirteen))
2026-01-30T09:42:20 | bidir | gen_to_parse(fail_gen,sem(plus30(5)),status(no_solution))
2026-01-30T09:42:20 | bidir | gen_to_parse(fail_gen,sem(mal10plus(4,7)),status(no_solution))
2026-01-30T09:42:20 | bidir | parse_accepts(tokens([seven]))
2026-01-30T09:42:20 | bidir | parse_accepts(tokens([twenty]))
2026-01-30T09:42:20 | bidir | parse_rejects(tokens([bacon]))
2026-01-30T09:42:20 | system | end_bidir
2026-01-30T10:05:02 | system | start_bidir
2026-01-30T10:05:02 | bidir | gen_to_parse(ok,sem(8),sent(eight))
2026-01-30T10:05:02 | bidir | gen_to_parse(ok,sem(13),sent(thirteen))
2026-01-30T10:05:02 | bidir | gen_to_parse(fail_gen,sem(plus30(5)),status(no_solution))
2026-01-30T10:05:02 | bidir | gen_to_parse(fail_gen,sem(mal10plus(4,7)),status(no_solution))
2026-01-30T10:05:02 | bidir | parse_accepts(tokens([seven]))
2026-01-30T10:05:02 | bidir | parse_accepts(tokens([twenty]))
2026-01-30T10:05:02 | bidir | parse_rejects(tokens([bacon]))
2026-01-30T10:05:02 | system | end_bidir
2026-01-30T10:05:39 | system | start_bidir
2026-01-30T10:05:39 | bidir | gen_output(sem(8),sentence(eight),tokens([eight]))
2026-01-30T10:05:39 | bidir | gen_to_parse(ok,sem(8),sentence(eight),tokens([eight]))
2026-01-30T10:05:39 | bidir | gen_output(sem(13),sentence(thirteen),tokens([thirteen]))
2026-01-30T10:05:39 | bidir | gen_to_parse(ok,sem(13),sentence(thirteen),tokens([thirteen]))
2026-01-30T10:05:39 | bidir | gen_output(sem(2),sentence(two),tokens([two]))
2026-01-30T10:05:39 | bidir | gen_to_parse(ok,sem(2),sentence(two),tokens([two]))
2026-01-30T10:05:39 | bidir | gen_to_parse(fail_gen,sem(plus30(5)),status(no_solution))
2026-01-30T10:05:39 | bidir | gen_to_parse(fail_gen,sem(mal10plus(4,7)),status(no_solution))
2026-01-30T10:05:39 | bidir | parse_accepts(tokens([seven]))
2026-01-30T10:05:39 | bidir | parse_accepts(tokens([twenty]))
2026-01-30T10:05:39 | bidir | parse_rejects(tokens([bacon]))
2026-01-30T10:05:39 | system | end_bidir
2026-01-30T10:50:48 | system | start_bidir
2026-01-30T10:50:48 | bidir | gen_output(sem(8),sentence(eight),tokens([eight]))
2026-01-30T10:50:48 | bidir | gen_to_parse(ok,sem(8),sentence(eight),tokens([eight]))
2026-01-30T10:50:49 | bidir | gen_output(sem(13),sentence(thirteen),tokens([thirteen]))
2026-01-30T10:50:49 | bidir | gen_to_parse(ok,sem(13),sentence(thirteen),tokens([thirteen]))
2026-01-30T10:50:49 | bidir | gen_output(sem(2),sentence(two),tokens([two]))
2026-01-30T10:50:49 | bidir | gen_to_parse(ok,sem(2),sentence(two),tokens([two]))
2026-01-30T10:50:49 | bidir | gen_to_parse(fail_gen,sem(plus30(5)),status(no_solution))
2026-01-30T10:50:49 | bidir | gen_to_parse(fail_gen,sem(mal10plus(4,7)),status(no_solution))
2026-01-30T10:50:49 | bidir | parse_accepts(tokens([seven]))
2026-01-30T10:50:49 | bidir | parse_accepts(tokens([twenty]))
2026-01-30T10:50:49 | bidir | parse_rejects(tokens([bacon]))
2026-01-30T10:50:49 | system | end_bidir
2026-01-30T10:51:05 | system | start_bidir
2026-01-30T10:51:05 | bidir | gen_output(sem(8),sentence(eight),tokens([eight]))
2026-01-30T10:51:05 | bidir | gen_to_parse(ok,sem(8),sentence(eight),tokens([eight]))
2026-01-30T10:51:05 | bidir | gen_output(sem(13),sentence(thirteen),tokens([thirteen]))
2026-01-30T10:51:05 | bidir | gen_to_parse(ok,sem(13),sentence(thirteen),tokens([thirteen]))
2026-01-30T10:51:05 | bidir | gen_output(sem(2),sentence(two),tokens([two]))
2026-01-30T10:51:05 | bidir | gen_to_parse(ok,sem(2),sentence(two),tokens([two]))
2026-01-30T10:51:05 | bidir | gen_to_parse(fail_gen,sem(plus30(5)),status(no_solution))
2026-01-30T10:51:05 | bidir | gen_to_parse(fail_gen,sem(mal10plus(4,7)),status(no_solution))
2026-01-30T10:51:05 | bidir | parse_accepts(tokens([seven]))
2026-01-30T10:51:05 | bidir | parse_accepts(tokens([twenty]))
2026-01-30T10:51:05 | bidir | parse_rejects(tokens([bacon]))
2026-01-30T10:51:05 | system | end_bidir
2026-01-30T11:40:07 | system | start_bidir
2026-01-30T11:44:39 | system | start_semantic_bidir
2026-01-30T12:11:20 | system | start_sem_bidir
2026-01-30T12:11:36 | system | start_sem_bidir
2026-01-30T12:12:46 | system | start_sem_bidir
2026-01-30T12:12:46 | bidir | sem_mismatch(gen_sem(8),parsed_sem(li([eight],[cfin],8)),sentence(eight))
2026-01-30T12:12:46 | bidir | sem_mismatch(gen_sem(13),parsed_sem(li([thirteen],[cfin],13)),sentence(thirteen))
2026-01-30T12:12:46 | bidir | sem_mismatch(gen_sem(2),parsed_sem(li([two],[cfin],2)),sentence(two))
2026-01-30T12:12:46 | bidir | gen_fail(sem(plus30(5)),status(no_solution))
2026-01-30T12:12:46 | bidir | gen_fail(sem(mal10plus(4,7)),status(no_solution))
2026-01-30T12:12:46 | system | end_sem_bidir
2026-01-30T12:17:32 | system | start_sem_bidir
2026-01-30T12:17:32 | bidir | sem_mismatch(gen_sem(8),parsed_sem(li([eight],[cfin],8)),sentence(eight))
2026-01-30T12:17:32 | bidir | sem_mismatch(gen_sem(13),parsed_sem(li([thirteen],[cfin],13)),sentence(thirteen))
2026-01-30T12:17:32 | bidir | sem_mismatch(gen_sem(2),parsed_sem(li([two],[cfin],2)),sentence(two))
2026-01-30T12:17:32 | bidir | gen_fail(sem(plus30(5)),status(no_solution))
2026-01-30T12:17:32 | bidir | gen_fail(sem(mal10plus(4,7)),status(no_solution))
2026-01-30T12:17:32 | system | end_sem_bidir
2026-01-30T12:18:26 | system | start_sem_bidir
2026-01-30T12:18:59 | system | start_sem_bidir
2026-01-30T12:19:00 | system | start_sem_bidir
2026-01-30T12:19:01 | system | start_sem_bidir
2026-01-30T12:19:45 | system | start_sem_bidir
2026-01-30T12:20:04 | system | start_sem_bidir
2026-01-30T12:20:04 | bidir | sem_bidir_ok(gen_sem(8),parsed_sem(8),sentence(eight))
2026-01-30T12:20:04 | bidir | sem_bidir_ok(gen_sem(13),parsed_sem(13),sentence(thirteen))
2026-01-30T12:20:04 | bidir | sem_bidir_ok(gen_sem(2),parsed_sem(2),sentence(two))
2026-01-30T12:20:04 | bidir | gen_fail(sem(plus30(5)),status(no_solution))
2026-01-30T12:20:04 | bidir | gen_fail(sem(mal10plus(4,7)),status(no_solution))
2026-01-30T12:20:04 | system | end_sem_bidir
2026-02-01T08:54:52 | system | start_sem_bidir
2026-02-01T08:55:15 | system | start_sem_bidir
2026-02-01T08:58:46 | system | start_sem_bidir
2026-02-01T08:58:46 | bidir | sem_bidir_ok(gen_sem(8),parsed_sem(8),sentence(eight))
2026-02-01T08:58:46 | bidir | sem_bidir_ok(gen_sem(13),parsed_sem(13),sentence(thirteen))
2026-02-01T08:58:46 | bidir | sem_bidir_ok(gen_sem(2),parsed_sem(2),sentence(two))
2026-02-01T08:58:46 | bidir | gen_fail(sem(plus30(5)),status(no_solution))
2026-02-01T08:58:46 | bidir | gen_fail(sem(mal10plus(4,7)),status(no_solution))
2026-02-01T08:58:46 | system | end_sem_bidir
2026-02-01T09:02:30 | bidir | sem_bidir_ok(gen_sem(20),parsed_sem(20),sentence(twenty))
2026-02-01T09:02:48 | bidir | gen_fail(sem(47),status(no_solution))
2026-02-01T09:03:02 | bidir | gen_fail(sem(99),status(no_solution))
2026-02-01T09:03:12 | bidir | gen_fail(sem(90),status(no_solution))
2026-02-01T09:03:22 | bidir | gen_fail(sem(21),status(no_solution))
2026-02-01T09:03:30 | bidir | sem_bidir_ok(gen_sem(20),parsed_sem(20),sentence(twenty))
2026-02-01T09:05:23 | system | start_sem_bidir
2026-02-01T09:05:23 | bidir | sem_bidir_ok(gen_sem(8),parsed_sem(8),sentence(eight))
2026-02-01T09:05:23 | bidir | sem_bidir_ok(gen_sem(13),parsed_sem(13),sentence(thirteen))
2026-02-01T09:05:23 | bidir | sem_bidir_ok(gen_sem(2),parsed_sem(2),sentence(two))
2026-02-01T09:05:23 | bidir | gen_fail(sem(plus30(5)),status(no_solution))
2026-02-01T09:05:23 | bidir | gen_fail(sem(mal10plus(4,7)),status(no_solution))
2026-02-01T09:05:23 | system | end_sem_bidir
2026-02-01T09:05:32 | system | start_sem_bidir
2026-02-01T09:05:32 | bidir | sem_bidir_ok(gen_sem(8),parsed_sem(8),sentence(eight))
2026-02-01T09:05:32 | bidir | sem_bidir_ok(gen_sem(13),parsed_sem(13),sentence(thirteen))
2026-02-01T09:05:32 | bidir | sem_bidir_ok(gen_sem(2),parsed_sem(2),sentence(two))
2026-02-01T09:05:32 | bidir | sem_bidir_ok(gen_sem(20),parsed_sem(20),sentence(twenty))
2026-02-01T09:05:32 | bidir | gen_fail(sem(21),status(no_solution))
2026-02-01T09:05:32 | bidir | gen_fail(sem(47),status(no_solution))
2026-02-01T09:05:32 | bidir | gen_fail(sem(70),status(no_solution))
2026-02-01T09:05:32 | bidir | gen_fail(sem(99),status(no_solution))
2026-02-01T09:05:32 | bidir | gen_fail(sem(plus30(5)),status(no_solution))
2026-02-01T09:05:32 | bidir | gen_fail(sem(mal10plus(4,7)),status(no_solution))
2026-02-01T09:05:32 | system | end_sem_bidir
2026-02-01T09:25:08 | bidir | parse_fail(sem(0),sentence(''))
2026-02-01T09:25:08 | bidir | sem_bidir_ok(gen_sem(1),parsed_sem(1),sentence(one))
2026-02-01T09:25:08 | bidir | sem_bidir_ok(gen_sem(2),parsed_sem(2),sentence(two))
2026-02-01T09:25:08 | bidir | sem_bidir_ok(gen_sem(3),parsed_sem(3),sentence(three))
2026-02-01T09:25:08 | bidir | sem_bidir_ok(gen_sem(5),parsed_sem(5),sentence(five))
2026-02-01T09:25:08 | bidir | sem_bidir_ok(gen_sem(7),parsed_sem(7),sentence(seven))
2026-02-01T09:25:08 | bidir | sem_bidir_ok(gen_sem(8),parsed_sem(8),sentence(eight))
2026-02-01T09:25:08 | bidir | sem_bidir_ok(gen_sem(9),parsed_sem(9),sentence(nine))
2026-02-01T09:25:08 | bidir | sem_bidir_ok(gen_sem(10),parsed_sem(10),sentence(ten))
2026-02-01T09:25:08 | bidir | sem_bidir_ok(gen_sem(11),parsed_sem(11),sentence(eleven))
2026-02-01T09:25:08 | bidir | sem_bidir_ok(gen_sem(12),parsed_sem(12),sentence(twelve))
2026-02-01T09:25:08 | bidir | sem_bidir_ok(gen_sem(13),parsed_sem(13),sentence(thirteen))
2026-02-01T09:25:08 | bidir | sem_bidir_ok(gen_sem(15),parsed_sem(15),sentence(fifteen))
2026-02-01T09:25:08 | bidir | sem_bidir_ok(gen_sem(20),parsed_sem(20),sentence(twenty))
2026-02-01T09:25:08 | bidir | sem_bidir_ok(gen_sem(30),parsed_sem(30),sentence(thirty))
2026-02-01T09:25:08 | bidir | sem_bidir_ok(gen_sem(40),parsed_sem(40),sentence(forty))
2026-02-01T09:25:08 | bidir | sem_bidir_ok(gen_sem(50),parsed_sem(50),sentence(fifty))
2026-02-01T09:48:31 | bidir | sem_bidir_ok(gen_sem(50),parsed_sem(50),sentence(fifty))
2026-02-01T09:48:37 | bidir | gen_fail(sem(47),status(no_solution))
2026-02-01T09:48:43 | bidir | gen_fail(sem(21),status(no_solution))
2026-02-01T09:54:08 | bidir | sem_bidir_parse_fail(sem(21),sentence('twenty one'))
2026-02-01T09:54:19 | bidir | sem_bidir_parse_fail(sem(47),sentence('forty seven'))
2026-02-01T09:54:53 | bidir | sem_bidir_ok(sem(8),sentence(eight))
2026-02-01T09:55:02 | bidir | sem_bidir_ok(sem(13),sentence(thirteen))
2026-02-01T09:55:13 | bidir | sem_bidir_mismatch(sem(99),parsed(9),sentence(nine))
2026-02-01T09:55:27 | bidir | sem_bidir_parse_fail(sem(21),sentence('twenty one'))
2026-02-01T09:55:49 | bidir | sem_bidir_parse_fail(sem(47),sentence('forty seven'))
2026-02-01T10:10:34 | bidir | sem_bidir_mismatch(sem(47),parsed(7),sentence(seven))
2026-02-01T10:10:38 | bidir | sem_bidir_mismatch(sem(21),parsed(1),sentence(one))
2026-02-01T10:10:49 | bidir | sem_bidir_mismatch(sem(99),parsed(9),sentence(nine))
2026-02-01T10:10:55 | bidir | sem_bidir_ok(sem(13),sentence(thirteen))
2026-02-01T11:39:03 | system | start_sem_bidir
2026-02-01T11:39:03 | system | end_sem_bidir
2026-02-01T13:39:07 | system | start_sem_bidir
2026-02-01T13:39:07 | system | end_sem_bidir
2026-02-01T18:52:00 | system | start_sem_bidir
2026-02-01T18:52:00 | system | end_sem_bidir
2026-02-01T18:52:30 | system | start_sem_bidir
2026-02-01T18:52:30 | system | end_sem_bidir
2026-02-01T18:52:59 | system | start_sem_bidir
2026-02-01T18:52:59 | system | end_sem_bidir
2026-02-01T19:05:19 | system | start_sem_bidir
2026-02-01T19:05:19 | system | end_sem_bidir
2026-02-03T14:49:00 | system | start_sem_bidir
2026-02-03T14:49:00 | system | end_sem_bidir
2026-02-03T14:52:37 | system | start_sem_bidir
2026-02-03T14:52:37 | system | end_sem_bidir
2026-02-03T16:52:08 | system | start_sem_bidir
2026-02-03T16:52:08 | bidir | bidir_result(direction(gen_to_parse),semantic(2),sentence(two),parsed_sem(2),status(ok))
2026-02-03T16:52:08 | bidir | bidir_result(direction(gen_to_parse),semantic(8),sentence(eight),parsed_sem(8),status(ok))
2026-02-03T16:52:08 | bidir | bidir_result(direction(gen_to_parse),semantic(13),sentence(thirteen),parsed_sem(13),status(ok))
2026-02-03T16:52:08 | bidir | bidir_result(direction(gen_to_parse),semantic(20),sentence(twenty),parsed_sem(20),status(ok))
2026-02-03T16:52:08 | bidir | bidir_result(direction(gen_to_parse),semantic(21),status(gen_fail),reason(no_lexical_entry),gen_status(no_solution))
2026-02-03T16:52:08 | bidir | bidir_result(direction(gen_to_parse),semantic(47),status(gen_fail),reason(no_lexical_entry),gen_status(no_solution))
2026-02-03T16:52:08 | bidir | bidir_result(direction(gen_to_parse),semantic(70),status(gen_fail),reason(no_lexical_entry),gen_status(no_solution))
2026-02-03T16:52:08 | bidir | bidir_result(direction(gen_to_parse),semantic(99),status(gen_fail),reason(no_lexical_entry),gen_status(no_solution))
2026-02-03T16:52:08 | bidir | bidir_result(direction(gen_to_parse),semantic(plus30(5)),status(gen_fail),reason(no_lexical_entry),gen_status(no_solution))
2026-02-03T16:52:08 | bidir | bidir_result(direction(gen_to_parse),semantic(mal10plus(4,7)),status(gen_fail),reason(no_lexical_entry),gen_status(no_solution))
2026-02-03T16:52:08 | system | end_sem_bidir
2026-02-03T16:53:22 | bidir | bidir_result(direction(parse_to_gen),input_sentence("eight"),semantic(8),generated_sentence(eight),status(ok))
2026-02-03T17:23:57 | system | start_sem_bidir
2026-02-03T17:23:57 | bidir | bidir_result(direction(gen_to_parse),semantic(2),sentence(two),parsed_sem(2),root_check(root_match),tree_check(tree_mismatch),status(semantic_ok))
2026-02-03T17:23:57 | bidir | bidir_result(direction(gen_to_parse),semantic(8),sentence(eight),parsed_sem(8),root_check(root_match),tree_check(tree_mismatch),status(semantic_ok))
2026-02-03T17:23:57 | bidir | bidir_result(direction(gen_to_parse),semantic(13),sentence(thirteen),parsed_sem(13),root_check(root_match),tree_check(tree_mismatch),status(semantic_ok))
2026-02-03T17:23:57 | bidir | bidir_result(direction(gen_to_parse),semantic(20),sentence(twenty),parsed_sem(20),root_check(root_match),tree_check(tree_mismatch),status(semantic_ok))
2026-02-03T17:23:57 | bidir | bidir_result(direction(gen_to_parse),semantic(21),status(gen_fail),reason(no_lexical_entry),gen_status(no_solution))
2026-02-03T17:23:57 | bidir | bidir_result(direction(gen_to_parse),semantic(47),status(gen_fail),reason(no_lexical_entry),gen_status(no_solution))
2026-02-03T17:23:57 | bidir | bidir_result(direction(gen_to_parse),semantic(70),status(gen_fail),reason(no_lexical_entry),gen_status(no_solution))
2026-02-03T17:23:57 | bidir | bidir_result(direction(gen_to_parse),semantic(99),status(gen_fail),reason(no_lexical_entry),gen_status(no_solution))
2026-02-03T17:23:57 | bidir | bidir_result(direction(gen_to_parse),semantic(plus30(5)),status(gen_fail),reason(no_lexical_entry),gen_status(no_solution))
2026-02-03T17:23:57 | bidir | bidir_result(direction(gen_to_parse),semantic(mal10plus(4,7)),status(gen_fail),reason(no_lexical_entry),gen_status(no_solution))
2026-02-03T17:23:57 | system | end_sem_bidir
2026-02-03T17:27:59 | bidir | bidir_result(direction(parse_to_gen),input_sentence("eight"),semantic(8),generated_sentence(eight),root_check(root_match),status(ok))
2026-02-03T17:44:08 | system | start_sem_bidir
2026-02-03T17:44:08 | bidir | bidir_result(direction(gen_to_parse),semantic(2),sentence(two),parsed_sem(2),root_check(root_mismatch),tree_check(tree_mismatch),gen_time(0.0),parse_time(0.0),status(semantic_ok))
2026-02-03T17:44:08 | bidir | bidir_result(direction(gen_to_parse),semantic(8),sentence(eight),parsed_sem(8),root_check(root_mismatch),tree_check(tree_mismatch),gen_time(0.0),parse_time(0.0),status(semantic_ok))
2026-02-03T17:44:08 | bidir | bidir_result(direction(gen_to_parse),semantic(13),sentence(thirteen),parsed_sem(13),root_check(root_mismatch),tree_check(tree_mismatch),gen_time(0.0),parse_time(0.0),status(semantic_ok))
2026-02-03T17:44:08 | bidir | bidir_result(direction(gen_to_parse),semantic(20),sentence(twenty),parsed_sem(20),root_check(root_mismatch),tree_check(tree_mismatch),gen_time(0.0),parse_time(0.0),status(semantic_ok))
2026-02-03T17:44:08 | bidir | bidir_result(direction(gen_to_parse),semantic(21),status(gen_fail),reason(no_lexical_entry),gen_status(no_solution),gen_time(0.0))
2026-02-03T17:44:08 | bidir | bidir_result(direction(gen_to_parse),semantic(47),status(gen_fail),reason(no_lexical_entry),gen_status(no_solution),gen_time(0.0))
2026-02-03T17:44:08 | bidir | bidir_result(direction(gen_to_parse),semantic(70),status(gen_fail),reason(no_lexical_entry),gen_status(no_solution),gen_time(0.0))
2026-02-03T17:44:08 | bidir | bidir_result(direction(gen_to_parse),semantic(99),status(gen_fail),reason(no_lexical_entry),gen_status(no_solution),gen_time(0.0))
2026-02-03T17:44:08 | bidir | bidir_result(direction(gen_to_parse),semantic(plus30(5)),status(gen_fail),reason(no_lexical_entry),gen_status(no_solution),gen_time(0.0))
2026-02-03T17:44:08 | bidir | bidir_result(direction(gen_to_parse),semantic(mal10plus(4,7)),status(gen_fail),reason(no_lexical_entry),gen_status(no_solution),gen_time(0.0))
2026-02-03T17:44:08 | bidir | bidir_result(direction(parse_to_gen),input_sentence("eight"),semantic(8),generated_sentence(eight),root_check(root_mismatch),parse_time(0.0),gen_time(0.0),status(ok))
2026-02-03T17:44:08 | bidir | bidir_result(direction(parse_to_gen),input_sentence("thirteen"),semantic(13),generated_sentence(thirteen),root_check(root_mismatch),parse_time(0.0),gen_time(0.0),status(ok))
2026-02-03T17:44:08 | bidir | bidir_result(direction(parse_to_gen),input_sentence("twenty"),semantic(20),generated_sentence(twenty),root_check(root_mismatch),parse_time(0.0),gen_time(0.0),status(ok))
2026-02-03T17:44:08 | system | end_sem_bidir
2026-02-03T17:47:43 | system | start_sem_bidir
2026-02-03T17:47:43 | bidir | bidir_result(direction(gen_to_parse),semantic(2),sentence(two),parsed_sem(2),root_check(root_mismatch),tree_check(tree_mismatch),gen_time(0.0),parse_time(0.0),status(semantic_ok))
2026-02-03T17:47:43 | bidir | bidir_result(direction(gen_to_parse),semantic(8),sentence(eight),parsed_sem(8),root_check(root_mismatch),tree_check(tree_mismatch),gen_time(0.0),parse_time(0.0),status(semantic_ok))
2026-02-03T17:47:43 | bidir | bidir_result(direction(gen_to_parse),semantic(13),sentence(thirteen),parsed_sem(13),root_check(root_mismatch),tree_check(tree_mismatch),gen_time(0.0),parse_time(0.0),status(semantic_ok))
2026-02-03T17:47:43 | bidir | bidir_result(direction(gen_to_parse),semantic(20),sentence(twenty),parsed_sem(20),root_check(root_mismatch),tree_check(tree_mismatch),gen_time(0.0),parse_time(0.0),status(semantic_ok))
2026-02-03T17:47:43 | bidir | bidir_result(direction(gen_to_parse),semantic(21),status(gen_fail),reason(no_lexical_entry),gen_status(no_solution),gen_time(0.0))
2026-02-03T17:47:43 | bidir | bidir_result(direction(gen_to_parse),semantic(47),status(gen_fail),reason(no_lexical_entry),gen_status(no_solution),gen_time(0.0))
2026-02-03T17:47:43 | bidir | bidir_result(direction(gen_to_parse),semantic(70),status(gen_fail),reason(no_lexical_entry),gen_status(no_solution),gen_time(0.0))
2026-02-03T17:47:43 | bidir | bidir_result(direction(gen_to_parse),semantic(99),status(gen_fail),reason(no_lexical_entry),gen_status(no_solution),gen_time(0.0))
2026-02-03T17:47:43 | bidir | bidir_result(direction(gen_to_parse),semantic(plus30(5)),status(gen_fail),reason(no_lexical_entry),gen_status(no_solution),gen_time(0.0))
2026-02-03T17:47:43 | bidir | bidir_result(direction(gen_to_parse),semantic(mal10plus(4,7)),status(gen_fail),reason(no_lexical_entry),gen_status(no_solution),gen_time(0.0))
2026-02-03T17:47:43 | bidir | bidir_result(direction(parse_to_gen),input_sentence("eight"),semantic(8),generated_sentence(eight),root_check(root_mismatch),parse_time(0.0),gen_time(0.0),status(ok))
2026-02-03T17:47:43 | bidir | bidir_result(direction(parse_to_gen),input_sentence("thirteen"),semantic(13),generated_sentence(thirteen),root_check(root_mismatch),parse_time(0.0),gen_time(0.0),status(ok))
2026-02-03T17:47:43 | bidir | bidir_result(direction(parse_to_gen),input_sentence("twenty"),semantic(20),generated_sentence(twenty),root_check(root_mismatch),parse_time(0.0),gen_time(0.0),status(ok))
2026-02-03T17:47:43 | system | end_sem_bidir
2026-02-03T18:08:27 | system | start_sem_bidir
2026-02-03T18:10:24 | system | start_sem_bidir
2026-02-03T18:12:09 | system | start_sem_bidir
2026-02-03T18:12:09 | bidir | bidir_result(direction(gen_to_parse),semantic(2),sentence(two),parsed_sem(2),root_check(root_mismatch),tree_check(tree_mismatch),gen_time(0.0),parse_time(0.0),status(semantic_ok))
2026-02-03T18:12:09 | bidir | bidir_result(direction(gen_to_parse),semantic(8),sentence(eight),parsed_sem(8),root_check(root_mismatch),tree_check(tree_mismatch),gen_time(0.0),parse_time(0.0),status(semantic_ok))
2026-02-03T18:12:09 | bidir | bidir_result(direction(gen_to_parse),semantic(13),sentence(thirteen),parsed_sem(13),root_check(root_mismatch),tree_check(tree_mismatch),gen_time(0.0),parse_time(0.0),status(semantic_ok))
2026-02-03T18:12:09 | bidir | bidir_result(direction(gen_to_parse),semantic(20),sentence(twenty),parsed_sem(20),root_check(root_mismatch),tree_check(tree_mismatch),gen_time(0.0),parse_time(0.0),status(semantic_ok))
2026-02-03T18:12:09 | bidir | bidir_result(direction(gen_to_parse),semantic(21),status(gen_fail),reason(no_lexical_entry),gen_status(no_solution),gen_time(0.0))
2026-02-03T18:12:09 | bidir | bidir_result(direction(gen_to_parse),semantic(47),status(gen_fail),reason(no_lexical_entry),gen_status(no_solution),gen_time(0.0))
2026-02-03T18:12:09 | bidir | bidir_result(direction(gen_to_parse),semantic(70),status(gen_fail),reason(no_lexical_entry),gen_status(no_solution),gen_time(0.0))
2026-02-03T18:12:09 | bidir | bidir_result(direction(gen_to_parse),semantic(99),status(gen_fail),reason(no_lexical_entry),gen_status(no_solution),gen_time(0.0))
2026-02-03T18:12:09 | bidir | bidir_result(direction(gen_to_parse),semantic(plus30(5)),status(gen_fail),reason(no_lexical_entry),gen_status(no_solution),gen_time(0.0))
2026-02-03T18:12:09 | bidir | bidir_result(direction(gen_to_parse),semantic(mal10plus(4,7)),status(gen_fail),reason(no_lexical_entry),gen_status(no_solution),gen_time(0.0))
2026-02-03T18:12:09 | bidir | bidir_result(direction(parse_to_gen),input_sentence("eight"),semantic(8),generated_sentence(eight),root_check(root_mismatch),parse_time(0.0),gen_time(0.0),status(ok))
2026-02-03T18:12:09 | bidir | bidir_result(direction(parse_to_gen),input_sentence("thirteen"),semantic(13),generated_sentence(thirteen),root_check(root_mismatch),parse_time(0.0),gen_time(0.0),status(ok))
2026-02-03T18:12:09 | bidir | bidir_result(direction(parse_to_gen),input_sentence("twenty"),semantic(20),generated_sentence(twenty),root_check(root_mismatch),parse_time(0.0),gen_time(0.0),status(ok))
2026-02-03T18:12:09 | system | end_sem_bidir
2026-02-03T18:25:43 | system | start_sem_bidir
2026-02-03T18:25:43 | bidir | bidir_result(direction(gen_to_parse),semantic(2),sentence(two),parsed_sem(2),root_check(root_mismatch),tree_check(tree_mismatch),gen_time(0.0),parse_time(0.0),status(semantic_ok))
2026-02-03T18:25:43 | bidir | bidir_result(direction(gen_to_parse),semantic(8),sentence(eight),parsed_sem(8),root_check(root_mismatch),tree_check(tree_mismatch),gen_time(0.0),parse_time(0.0),status(semantic_ok))
2026-02-03T18:25:43 | bidir | bidir_result(direction(gen_to_parse),semantic(13),sentence(thirteen),parsed_sem(13),root_check(root_mismatch),tree_check(tree_mismatch),gen_time(0.0),parse_time(0.0),status(semantic_ok))
2026-02-03T18:25:43 | bidir | bidir_result(direction(gen_to_parse),semantic(20),sentence(twenty),parsed_sem(20),root_check(root_mismatch),tree_check(tree_mismatch),gen_time(0.0),parse_time(0.0),status(semantic_ok))
2026-02-03T18:25:43 | bidir | bidir_result(direction(gen_to_parse),semantic(21),status(gen_fail),reason(no_lexical_entry),gen_status(no_solution),gen_time(0.0))
2026-02-03T18:25:43 | bidir | bidir_result(direction(gen_to_parse),semantic(47),status(gen_fail),reason(no_lexical_entry),gen_status(no_solution),gen_time(0.0))
2026-02-03T18:25:43 | bidir | bidir_result(direction(gen_to_parse),semantic(70),status(gen_fail),reason(no_lexical_entry),gen_status(no_solution),gen_time(0.0))
2026-02-03T18:25:43 | bidir | bidir_result(direction(gen_to_parse),semantic(99),status(gen_fail),reason(no_lexical_entry),gen_status(no_solution),gen_time(0.0))
2026-02-03T18:25:43 | bidir | bidir_result(direction(gen_to_parse),semantic(plus30(5)),status(gen_fail),reason(no_lexical_entry),gen_status(no_solution),gen_time(0.0))
2026-02-03T18:25:43 | bidir | bidir_result(direction(gen_to_parse),semantic(mal10plus(4,7)),status(gen_fail),reason(no_lexical_entry),gen_status(no_solution),gen_time(0.0))
2026-02-03T18:25:43 | bidir | bidir_result(direction(parse_to_gen),input_sentence("eight"),semantic(8),generated_sentence(eight),root_check(root_mismatch),parse_time(0.0),gen_time(0.0),status(ok))
2026-02-03T18:25:43 | bidir | bidir_result(direction(parse_to_gen),input_sentence("thirteen"),semantic(13),generated_sentence(thirteen),root_check(root_mismatch),parse_time(0.0),gen_time(0.0),status(ok))
2026-02-03T18:25:43 | bidir | bidir_result(direction(parse_to_gen),input_sentence("twenty"),semantic(20),generated_sentence(twenty),root_check(root_mismatch),parse_time(0.0),gen_time(0.0),status(ok))
2026-02-03T18:25:43 | system | end_sem_bidir
2026-02-05T13:00:07 | system | start_sem_bidir
2026-02-05T13:00:07 | bidir | bidir_result(direction(gen_to_parse),semantic(2),sentence(two),parsed_sem(2),root_check(root_mismatch),tree_check(tree_mismatch),gen_time(0.0),parse_time(0.0),status(semantic_ok))
2026-02-05T13:00:07 | bidir | bidir_result(direction(gen_to_parse),semantic(8),sentence(eight),parsed_sem(8),root_check(root_mismatch),tree_check(tree_mismatch),gen_time(0.0),parse_time(0.0),status(semantic_ok))
2026-02-05T13:00:07 | bidir | bidir_result(direction(gen_to_parse),semantic(13),sentence(thirteen),parsed_sem(13),root_check(root_mismatch),tree_check(tree_mismatch),gen_time(0.0),parse_time(0.0),status(semantic_ok))
2026-02-05T13:00:07 | bidir | bidir_result(direction(gen_to_parse),semantic(20),sentence(twenty),parsed_sem(20),root_check(root_mismatch),tree_check(tree_mismatch),gen_time(0.0),parse_time(0.0),status(semantic_ok))
2026-02-05T13:00:07 | bidir | bidir_result(direction(gen_to_parse),semantic(21),status(gen_fail),reason(no_lexical_entry),gen_status(no_solution),gen_time(0.0))
2026-02-05T13:00:07 | bidir | bidir_result(direction(gen_to_parse),semantic(47),status(gen_fail),reason(no_lexical_entry),gen_status(no_solution),gen_time(0.0))
2026-02-05T13:00:07 | bidir | bidir_result(direction(gen_to_parse),semantic(70),status(gen_fail),reason(no_lexical_entry),gen_status(no_solution),gen_time(0.0))
2026-02-05T13:00:07 | bidir | bidir_result(direction(gen_to_parse),semantic(99),status(gen_fail),reason(no_lexical_entry),gen_status(no_solution),gen_time(0.0))
2026-02-05T13:00:07 | bidir | bidir_result(direction(gen_to_parse),semantic(plus30(5)),status(gen_fail),reason(no_lexical_entry),gen_status(no_solution),gen_time(0.0))
2026-02-05T13:00:07 | bidir | bidir_result(direction(gen_to_parse),semantic(mal10plus(4,7)),status(gen_fail),reason(no_lexical_entry),gen_status(no_solution),gen_time(0.0))
2026-02-05T13:00:07 | bidir | bidir_result(direction(parse_to_gen),input_sentence("eight"),semantic(8),generated_sentence(eight),root_check(root_mismatch),parse_time(0.0),gen_time(0.0),status(ok))
2026-02-05T13:00:07 | bidir | bidir_result(direction(parse_to_gen),input_sentence("thirteen"),semantic(13),generated_sentence(thirteen),root_check(root_mismatch),parse_time(0.0),gen_time(0.0),status(ok))
2026-02-05T13:00:07 | bidir | bidir_result(direction(parse_to_gen),input_sentence("twenty"),semantic(20),generated_sentence(twenty),root_check(root_mismatch),parse_time(0.0),gen_time(0.0),status(ok))
2026-02-05T13:00:07 | system | end_sem_bidir
2026-02-05T13:09:49 | system | start_suite(parser)
2026-02-05T13:11:05 | system | start_suite(parser)
2026-02-21T00:28:30 | system | start_sem_bidir
2026-02-21T00:29:42 | system | start_sem_bidir
2026-02-21T00:29:42 | bidir | bidir_result(direction(gen_to_parse),semantic(2),sentence(two),parsed_sem(2),root_check(root_mismatch),tree_check(tree_mismatch),gen_time(0.0),parse_time(0.0),status(semantic_ok))
2026-02-21T00:29:42 | bidir | bidir_result(direction(gen_to_parse),semantic(8),sentence(eight),parsed_sem(8),root_check(root_mismatch),tree_check(tree_mismatch),gen_time(0.0),parse_time(0.0),status(semantic_ok))
2026-02-21T00:29:42 | bidir | bidir_result(direction(gen_to_parse),semantic(13),sentence(thirteen),parsed_sem(13),root_check(root_mismatch),tree_check(tree_mismatch),gen_time(0.0),parse_time(0.0),status(semantic_ok))
2026-02-21T00:29:42 | bidir | bidir_result(direction(gen_to_parse),semantic(20),sentence(twenty),parsed_sem(20),root_check(root_mismatch),tree_check(tree_mismatch),gen_time(0.0),parse_time(0.0),status(semantic_ok))
2026-02-21T00:29:42 | bidir | bidir_result(direction(gen_to_parse),semantic(21),status(gen_fail),reason(no_lexical_entry),gen_status(no_solution),gen_time(0.0))
2026-02-21T00:29:42 | bidir | bidir_result(direction(gen_to_parse),semantic(47),status(gen_fail),reason(no_lexical_entry),gen_status(no_solution),gen_time(0.0))
2026-02-21T00:29:42 | bidir | bidir_result(direction(gen_to_parse),semantic(70),status(gen_fail),reason(no_lexical_entry),gen_status(no_solution),gen_time(0.0))
2026-02-21T00:29:42 | bidir | bidir_result(direction(gen_to_parse),semantic(99),status(gen_fail),reason(no_lexical_entry),gen_status(no_solution),gen_time(0.0))
2026-02-21T00:29:42 | bidir | bidir_result(direction(gen_to_parse),semantic(plus30(5)),status(gen_fail),reason(no_lexical_entry),gen_status(no_solution),gen_time(0.0))
2026-02-21T00:29:42 | bidir | bidir_result(direction(gen_to_parse),semantic(mal10plus(4,7)),status(gen_fail),reason(no_lexical_entry),gen_status(no_solution),gen_time(0.0))
2026-02-21T00:29:42 | bidir | bidir_result(direction(parse_to_gen),input_sentence("eight"),semantic(8),generated_sentence(eight),root_check(root_mismatch),parse_time(0.0),gen_time(0.0),status(ok))
2026-02-21T00:29:42 | bidir | bidir_result(direction(parse_to_gen),input_sentence("thirteen"),semantic(13),generated_sentence(thirteen),root_check(root_mismatch),parse_time(0.0),gen_time(0.0),status(ok))
2026-02-21T00:29:42 | bidir | bidir_result(direction(parse_to_gen),input_sentence("twenty"),semantic(20),generated_sentence(twenty),root_check(root_mismatch),parse_time(0.0),gen_time(0.0),status(ok))
2026-02-21T00:29:42 | system | end_sem_bidir
2026-02-21T00:32:06 | system | start_sem_bidir
2026-02-21T00:32:06 | bidir | bidir_result(direction(gen_to_parse),semantic(1),sentence(one),tokens([one]),parsed_sem([li([one],[cfin])]),root_check(root_mismatch),tree_check(tree_mismatch),gen_time(0.0),parse_time(0.0),status(semantic_mismatch))
2026-02-21T00:32:06 | bidir | bidir_result(direction(gen_to_parse),semantic(2),sentence(two),tokens([two]),parsed_sem([li([two],[cfin])]),root_check(root_mismatch),tree_check(tree_mismatch),gen_time(0.0),parse_time(0.0),status(semantic_mismatch))
2026-02-21T00:32:06 | bidir | bidir_result(direction(gen_to_parse),semantic(8),sentence(eight),tokens([eight]),parsed_sem([li([eight],[cfin])]),root_check(root_mismatch),tree_check(tree_mismatch),gen_time(0.0),parse_time(0.0),status(semantic_mismatch))
2026-02-21T00:32:06 | bidir | bidir_result(direction(gen_to_parse),semantic(13),sentence(thirteen),tokens([thirteen]),parsed_sem([li([thirteen],[cfin])]),root_check(root_mismatch),tree_check(tree_mismatch),gen_time(0.0),parse_time(0.0),status(semantic_mismatch))
2026-02-21T00:32:06 | bidir | bidir_result(direction(gen_to_parse),semantic(20),sentence(twenty),tokens([twenty]),parsed_sem([li([twenty],[cfin])]),root_check(root_mismatch),tree_check(tree_mismatch),gen_time(0.0),parse_time(0.0),status(semantic_mismatch))
2026-02-21T00:32:06 | bidir | bidir_result(direction(gen_to_parse),semantic('1X+10'(4)),status(gen_fail),gen_status(no_solution),gen_time(0.0))
2026-02-21T00:32:06 | bidir | bidir_result(direction(gen_to_parse),semantic('0X+18'(8)),status(gen_fail),gen_status(no_solution),gen_time(0.0))
2026-02-21T00:32:06 | bidir | bidir_result(direction(parse_to_gen),input_tokens([seven]),semantic([li([seven],[cfin])]),status(gen_fail),gen_status(no_solution),parse_time(0.0),gen_time(0.0))
2026-02-21T00:32:06 | bidir | bidir_result(direction(parse_to_gen),input_tokens([twenty]),semantic([li([twenty],[cfin])]),status(gen_fail),gen_status(no_solution),parse_time(0.0),gen_time(0.0))
2026-02-21T00:32:06 | bidir | bidir_result(direction(parse_to_gen),input_tokens([twenty_,four]),semantic([tree(_67242,li([twenty_],[=c1,cfin]),li([four],[c1]))]),status(gen_fail),gen_status(no_solution),parse_time(0.0),gen_time(0.0))
2026-02-21T00:32:06 | bidir | bidir_result(direction(parse_to_gen),input_tokens([four,teen]),semantic([tree(_68934,empty,tree(_68576,li([teen],[=c1,+a,cfin]),li([four],[c1,-a])))]),status(gen_fail),gen_status(no_solution),parse_time(0.0),gen_time(0.0))
2026-02-21T00:32:06 | bidir | bidir_result(direction(parse_to_gen),input_tokens([eight,een]),semantic([tree(_70466,empty,tree(_70108,li([een],[=c1,+b,cfin]),li([eight],[c1,-b])))]),status(gen_fail),gen_status(no_solution),parse_time(0.0),gen_time(0.0))
2026-02-21T00:32:06 | bidir | bidir_result(direction(parse_to_gen),input_tokens([six,ty]),semantic([tree(_71998,empty,tree(_71640,li([ty],[=c1,+d,cfin]),li([six],[c1,-d])))]),status(gen_fail),gen_status(no_solution),parse_time(0.0),gen_time(0.0))
2026-02-21T00:32:06 | bidir | bidir_result(direction(parse_to_gen),input_tokens([six,ty_,six]),semantic([tree(_73134,tree(_73452,li([ty_],[=c1,=c2d,cfin]),li([six],[c1])),li([six],[c2d]))]),status(gen_fail),gen_status(no_solution),parse_time(0.0),gen_time(0.0))
2026-02-21T00:32:06 | system | end_sem_bidir
2026-02-28T09:09:12 | bidir | bidir_result(direction(gen_to_parse),semantic('1X+20'(1)),status(gen_fail),gen_status(no_solution),gen_time(0.0))
2026-02-28T09:09:56 | bidir | bidir_result(direction(gen_to_parse),semantic('0X+18'(8)),status(gen_fail),gen_status(no_solution),gen_time(0.0))
2026-02-28T09:10:00 | bidir | bidir_result(direction(gen_to_parse),semantic('0X+18'(8)),status(gen_fail),gen_status(no_solution),gen_time(0.0))
2026-02-28T09:12:46 | bidir | bidir_result(direction(gen_to_parse),semantic('1X+20'(1)),status(gen_fail),gen_status(no_solution),gen_time(0.0))
2026-02-28T09:12:57 | bidir | bidir_result(direction(gen_to_parse),semantic('0X+18'(8)),status(gen_fail),gen_status(no_solution),gen_time(0.0))
2026-02-28T09:13:04 | system | start_sem_bidir
2026-02-28T09:13:04 | bidir | bidir_result(direction(gen_to_parse),semantic(1),sentence(one),gen_tokens([one]),tokens([one]),parsed_sem(1),root_check(root_mismatch),tree_check(tree_mismatch),gen_time(0.0),parse_time(0.0),status(semantic_ok))
2026-02-28T09:13:04 | bidir | bidir_result(direction(gen_to_parse),semantic(2),sentence(two),gen_tokens([two]),tokens([two]),parsed_sem(2),root_check(root_mismatch),tree_check(tree_mismatch),gen_time(0.0),parse_time(0.0),status(semantic_ok))
2026-02-28T09:13:04 | bidir | bidir_result(direction(gen_to_parse),semantic(8),sentence(eight),gen_tokens([eight]),tokens([eight]),parsed_sem(8),root_check(root_mismatch),tree_check(tree_mismatch),gen_time(0.0),parse_time(0.0),status(semantic_ok))
2026-02-28T09:13:04 | bidir | bidir_result(direction(gen_to_parse),semantic(13),sentence(thirteen),gen_tokens([thirteen]),tokens([thirteen]),parsed_sem(13),root_check(root_mismatch),tree_check(tree_mismatch),gen_time(0.0),parse_time(0.0),status(semantic_ok))
2026-02-28T09:13:04 | bidir | bidir_result(direction(gen_to_parse),semantic(20),sentence(twenty),gen_tokens([twenty]),tokens([twenty]),parsed_sem(20),root_check(root_mismatch),tree_check(tree_mismatch),gen_time(0.0),parse_time(0.0),status(semantic_ok))
2026-02-28T09:13:04 | bidir | bidir_result(direction(gen_to_parse),semantic('1X+10'(4)),status(gen_fail),gen_status(no_solution),gen_time(0.0))
2026-02-28T09:13:04 | bidir | bidir_result(direction(gen_to_parse),semantic('0X+18'(8)),status(gen_fail),gen_status(no_solution),gen_time(0.0))
2026-02-28T09:13:04 | bidir | bidir_result(direction(parse_to_gen),input_tokens([seven]),semantic(7),generated_sentence(seven),root_check(root_mismatch),parse_time(0.0),gen_time(0.0),status(ok))
2026-02-28T09:13:04 | bidir | bidir_result(direction(parse_to_gen),input_tokens([twenty]),semantic(20),generated_sentence(twenty),root_check(root_mismatch),parse_time(0.0),gen_time(0.0),status(ok))
2026-02-28T09:13:04 | bidir | bidir_result(direction(parse_to_gen),input_tokens([twenty_,four]),semantic('1X+20'(4)),status(gen_fail),gen_status(no_solution),parse_time(0.0),gen_time(0.0))
2026-02-28T09:13:04 | bidir | bidir_result(direction(parse_to_gen),input_tokens([four,teen]),semantic('1X+10'(4)),status(gen_fail),gen_status(no_solution),parse_time(0.0),gen_time(0.0))
2026-02-28T09:13:04 | bidir | bidir_result(direction(parse_to_gen),input_tokens([eight,een]),semantic('0X+18'(8)),status(gen_fail),gen_status(no_solution),parse_time(0.0),gen_time(0.0))
2026-02-28T09:13:04 | bidir | bidir_result(direction(parse_to_gen),input_tokens([six,ty]),semantic('10X'(6)),status(gen_fail),gen_status(no_solution),parse_time(0.0),gen_time(0.0))
2026-02-28T09:13:04 | bidir | bidir_result(direction(parse_to_gen),input_tokens([six,ty_,six]),semantic('1X+10Y'(6,6)),status(gen_fail),gen_status(no_solution),parse_time(0.0),gen_time(0.0))
2026-02-28T09:13:04 | system | end_sem_bidir
2026-02-28T09:41:08 | system | start_suite(numbers_gen)
2026-02-28T09:41:08 | gen | gen_result(input(1),status(ok),sentence(one),lambda(1),tree(li([one],[c1],1)))
2026-02-28T09:41:08 | gen | gen_result(input(20),status(ok),sentence(twenty),lambda(20),tree(li([twenty],[c3e],20)))
2026-02-28T09:41:08 | gen | gen_result(input('0X+100Y'(3,0)),status(no_solution),sentence(''),lambda(none),tree(none))
2026-02-28T09:41:08 | gen | gen_result(input('1X+20'(4)),status(no_solution),sentence(''),lambda(none),tree(none))
2026-02-28T09:41:08 | gen | gen_result(input('0X+18'(8)),status(no_solution),sentence(''),lambda(none),tree(none))
2026-02-28T09:41:08 | gen | gen_result(input('1X+10Y'(6,6)),status(no_solution),sentence(''),lambda(none),tree(none))
2026-02-28T09:41:08 | gen | gen_result(input('1X+10'(4)),status(no_solution),sentence(''),lambda(none),tree(none))
2026-02-28T09:41:08 | gen | gen_result(input('1X+100Y'('1X+10Y'(6,4),5)),status(no_solution),sentence(''),lambda(none),tree(none))
2026-02-28T09:41:08 | gen | gen_result(input(bacon),status(no_solution),sentence(''),lambda(none),tree(none))
2026-02-28T09:41:08 | system | end_suite(numbers_gen)
2026-02-28T09:42:32 | gen | trace_start(input('1X+20'(4)))
2026-02-28T10:19:56 | system | start_sem_bidir
2026-02-28T10:26:43 | system | start_sem_bidir
2026-02-28T10:27:03 | system | start_sem_bidir
2026-02-28T10:43:28 | system | start_sem_bidir
2026-02-28T10:43:28 | bidir | bidir_result(direction(gen_to_parse),semantic(1),status(gen_fail),gen_status(error(error(existence_error(procedure,lambdaSelect:checkLambda/5),context(lambdaSelect:lambdaFitting/3,_174)))),gen_time(0.0))
2026-02-28T10:43:28 | bidir | bidir_result(direction(gen_to_parse),semantic(2),status(gen_fail),gen_status(error(error(existence_error(procedure,lambdaSelect:checkLambda/5),context(lambdaSelect:lambdaFitting/3,_1594)))),gen_time(0.0))
2026-02-28T10:43:28 | bidir | bidir_result(direction(gen_to_parse),semantic(8),status(gen_fail),gen_status(error(error(existence_error(procedure,lambdaSelect:checkLambda/5),context(lambdaSelect:lambdaFitting/3,_3014)))),gen_time(0.0))
2026-02-28T10:43:28 | bidir | bidir_result(direction(gen_to_parse),semantic(13),status(gen_fail),gen_status(error(error(existence_error(procedure,lambdaSelect:checkLambda/5),context(lambdaSelect:lambdaFitting/3,_4434)))),gen_time(0.0))
2026-02-28T10:43:28 | bidir | bidir_result(direction(gen_to_parse),semantic(20),status(gen_fail),gen_status(error(error(existence_error(procedure,lambdaSelect:checkLambda/5),context(lambdaSelect:lambdaFitting/3,_5854)))),gen_time(0.0))
2026-02-28T10:43:28 | bidir | bidir_result(direction(gen_to_parse),semantic('1X+10'(4)),status(gen_fail),gen_status(error(error(existence_error(procedure,lambdaSelect:checkLambda/5),context(lambdaSelect:lambdaFitting/3,_7284)))),gen_time(0.0))
2026-02-28T10:43:28 | bidir | bidir_result(direction(gen_to_parse),semantic('0X+18'(8)),status(gen_fail),gen_status(error(error(existence_error(procedure,lambdaSelect:checkLambda/5),context(lambdaSelect:lambdaFitting/3,_8714)))),gen_time(0.0))
2026-02-28T10:43:28 | bidir | bidir_result(direction(gen_to_parse),semantic('1X+20'(4)),status(gen_fail),gen_status(error(error(existence_error(procedure,lambdaSelect:checkLambda/5),context(lambdaSelect:lambdaFitting/3,_178)))),gen_time(0.0))
2026-02-28T10:49:21 | system | start_sem_bidir
2026-02-28T10:49:21 | bidir | bidir_result(direction(gen_to_parse),semantic(1),status(gen_fail),gen_status(error(error(existence_error(procedure,lambdaSelect:checkLambda/5),context(lambdaSelect:lambdaFitting/3,_174)))),gen_time(0.0))
2026-02-28T10:49:21 | bidir | bidir_result(direction(gen_to_parse),semantic(2),status(gen_fail),gen_status(error(error(existence_error(procedure,lambdaSelect:checkLambda/5),context(lambdaSelect:lambdaFitting/3,_1594)))),gen_time(0.0))
2026-02-28T10:49:21 | bidir | bidir_result(direction(gen_to_parse),semantic(8),status(gen_fail),gen_status(error(error(existence_error(procedure,lambdaSelect:checkLambda/5),context(lambdaSelect:lambdaFitting/3,_3014)))),gen_time(0.0))
2026-02-28T10:49:21 | bidir | bidir_result(direction(gen_to_parse),semantic(13),status(gen_fail),gen_status(error(error(existence_error(procedure,lambdaSelect:checkLambda/5),context(lambdaSelect:lambdaFitting/3,_4434)))),gen_time(0.0))
2026-02-28T10:49:21 | bidir | bidir_result(direction(gen_to_parse),semantic(20),status(gen_fail),gen_status(error(error(existence_error(procedure,lambdaSelect:checkLambda/5),context(lambdaSelect:lambdaFitting/3,_5854)))),gen_time(0.0))
2026-02-28T10:49:21 | bidir | bidir_result(direction(gen_to_parse),semantic('1X+10'(4)),status(gen_fail),gen_status(error(error(existence_error(procedure,lambdaSelect:checkLambda/5),context(lambdaSelect:lambdaFitting/3,_7284)))),gen_time(0.0))
2026-02-28T10:49:21 | bidir | bidir_result(direction(gen_to_parse),semantic('0X+18'(8)),status(gen_fail),gen_status(error(error(existence_error(procedure,lambdaSelect:checkLambda/5),context(lambdaSelect:lambdaFitting/3,_8714)))),gen_time(0.0))
2026-02-28T10:49:21 | bidir | bidir_result(direction(gen_to_parse),semantic('1X+20'(4)),status(gen_fail),gen_status(error(error(existence_error(procedure,lambdaSelect:checkLambda/5),context(lambdaSelect:lambdaFitting/3,_178)))),gen_time(0.0))
2026-02-28T10:49:37 | system | start_sem_bidir
2026-02-28T10:49:37 | bidir | bidir_result(direction(gen_to_parse),semantic(1),status(gen_fail),gen_status(error(error(existence_error(procedure,lambdaSelect:checkLambda/5),context(lambdaSelect:lambdaFitting/3,_7532)))),gen_time(0.0))
2026-02-28T10:49:37 | bidir | bidir_result(direction(gen_to_parse),semantic(2),status(gen_fail),gen_status(error(error(existence_error(procedure,lambdaSelect:checkLambda/5),context(lambdaSelect:lambdaFitting/3,_8952)))),gen_time(0.0))
2026-02-28T10:49:37 | bidir | bidir_result(direction(gen_to_parse),semantic(8),status(gen_fail),gen_status(error(error(existence_error(procedure,lambdaSelect:checkLambda/5),context(lambdaSelect:lambdaFitting/3,_10372)))),gen_time(0.0))
2026-02-28T10:49:37 | bidir | bidir_result(direction(gen_to_parse),semantic(13),status(gen_fail),gen_status(error(error(existence_error(procedure,lambdaSelect:checkLambda/5),context(lambdaSelect:lambdaFitting/3,_11792)))),gen_time(0.0))
2026-02-28T10:49:37 | bidir | bidir_result(direction(gen_to_parse),semantic(20),status(gen_fail),gen_status(error(error(existence_error(procedure,lambdaSelect:checkLambda/5),context(lambdaSelect:lambdaFitting/3,_13212)))),gen_time(0.0))
2026-02-28T10:49:37 | bidir | bidir_result(direction(gen_to_parse),semantic('1X+10'(4)),status(gen_fail),gen_status(error(error(existence_error(procedure,lambdaSelect:checkLambda/5),context(lambdaSelect:lambdaFitting/3,_14642)))),gen_time(0.0))
2026-02-28T10:49:37 | bidir | bidir_result(direction(gen_to_parse),semantic('0X+18'(8)),status(gen_fail),gen_status(error(error(existence_error(procedure,lambdaSelect:checkLambda/5),context(lambdaSelect:lambdaFitting/3,_178)))),gen_time(0.0))
2026-02-28T10:49:37 | bidir | bidir_result(direction(gen_to_parse),semantic('1X+20'(4)),status(gen_fail),gen_status(error(error(existence_error(procedure,lambdaSelect:checkLambda/5),context(lambdaSelect:lambdaFitting/3,_1608)))),gen_time(0.0))
2026-02-28T10:54:13 | system | start_sem_bidir
2026-02-28T11:11:05 | system | start_sem_bidir
2026-03-05T16:36:38 | bidir | bidir_result(direction(gen_to_parse),semantic(1),status(gen_fail),gen_status(error(error(existence_error(procedure,lambdaSelect:(::)/2),context(lambdaSelect:checkLambda/5,_3062)))),gen_time(0.0))
2026-03-05T16:36:54 | bidir | bidir_result(direction(gen_to_parse),semantic(1),status(gen_fail),gen_status(error(error(existence_error(procedure,lambdaSelect:(::)/2),context(lambdaSelect:checkLambda/5,_6358)))),gen_time(0.0))
2026-03-05T16:37:15 | system | start_sem_bidir
2026-03-05T16:37:15 | bidir | bidir_result(direction(gen_to_parse),semantic(1),status(gen_fail),gen_status(error(error(existence_error(procedure,lambdaSelect:(::)/2),context(lambdaSelect:checkLambda/5,_132)))),gen_time(0.0))
2026-03-05T16:37:15 | bidir | bidir_result(direction(gen_to_parse),semantic(2),status(gen_fail),gen_status(error(error(existence_error(procedure,lambdaSelect:(::)/2),context(lambdaSelect:checkLambda/5,_870)))),gen_time(0.0))
2026-03-05T16:37:15 | bidir | bidir_result(direction(gen_to_parse),semantic(8),status(gen_fail),gen_status(error(error(existence_error(procedure,lambdaSelect:(::)/2),context(lambdaSelect:checkLambda/5,_1608)))),gen_time(0.0))
2026-03-05T16:37:15 | bidir | bidir_result(direction(gen_to_parse),semantic(13),status(gen_fail),gen_status(error(error(existence_error(procedure,lambdaSelect:(::)/2),context(lambdaSelect:checkLambda/5,_2346)))),gen_time(0.0))
2026-03-05T16:37:15 | bidir | bidir_result(direction(gen_to_parse),semantic(20),status(gen_fail),gen_status(error(error(existence_error(procedure,lambdaSelect:(::)/2),context(lambdaSelect:checkLambda/5,_3084)))),gen_time(0.0))
2026-03-05T16:37:15 | bidir | bidir_result(direction(gen_to_parse),semantic('1X+10'(4)),status(gen_fail),gen_status(error(error(existence_error(procedure,lambdaSelect:(::)/2),context(lambdaSelect:checkLambda/5,_3874)))),gen_time(0.0))
2026-03-05T16:37:15 | bidir | bidir_result(direction(gen_to_parse),semantic('0X+18'(8)),status(gen_fail),gen_status(error(error(existence_error(procedure,lambdaSelect:(::)/2),context(lambdaSelect:checkLambda/5,_4664)))),gen_time(0.0))
2026-03-05T16:37:15 | bidir | bidir_result(direction(gen_to_parse),semantic('1X+20'(4)),status(gen_fail),gen_status(error(error(existence_error(procedure,lambdaSelect:(::)/2),context(lambdaSelect:checkLambda/5,_5454)))),gen_time(0.0))
2026-03-05T16:56:23 | system | start_sem_bidir
2026-03-05T16:56:23 | bidir | bidir_result(direction(gen_to_parse),semantic(1),status(gen_fail),gen_status(error(error(existence_error(procedure,lex_gen:(::)/2),context(lambdaSelect:(::)/2,_132)))),gen_time(0.0))
2026-03-05T16:56:23 | bidir | bidir_result(direction(gen_to_parse),semantic(2),status(gen_fail),gen_status(error(error(existence_error(procedure,lex_gen:(::)/2),context(lambdaSelect:(::)/2,_882)))),gen_time(0.0))
2026-03-05T16:56:23 | bidir | bidir_result(direction(gen_to_parse),semantic(8),status(gen_fail),gen_status(error(error(existence_error(procedure,lex_gen:(::)/2),context(lambdaSelect:(::)/2,_1632)))),gen_time(0.0))
2026-03-05T16:56:23 | bidir | bidir_result(direction(gen_to_parse),semantic(13),status(gen_fail),gen_status(error(error(existence_error(procedure,lex_gen:(::)/2),context(lambdaSelect:(::)/2,_2382)))),gen_time(0.0))
2026-03-05T16:56:23 | bidir | bidir_result(direction(gen_to_parse),semantic(20),status(gen_fail),gen_status(error(error(existence_error(procedure,lex_gen:(::)/2),context(lambdaSelect:(::)/2,_3132)))),gen_time(0.0))
2026-03-05T16:56:23 | bidir | bidir_result(direction(gen_to_parse),semantic('1X+10'(4)),status(gen_fail),gen_status(error(error(existence_error(procedure,lex_gen:(::)/2),context(lambdaSelect:(::)/2,_3934)))),gen_time(0.0))
2026-03-05T16:56:23 | bidir | bidir_result(direction(gen_to_parse),semantic('0X+18'(8)),status(gen_fail),gen_status(error(error(existence_error(procedure,lex_gen:(::)/2),context(lambdaSelect:(::)/2,_4736)))),gen_time(0.0))
2026-03-05T16:56:23 | bidir | bidir_result(direction(gen_to_parse),semantic('1X+20'(4)),status(gen_fail),gen_status(error(error(existence_error(procedure,lex_gen:(::)/2),context(lambdaSelect:(::)/2,_5538)))),gen_time(0.0))
2026-03-05T16:58:13 | system | start_sem_bidir
2026-03-05T16:58:13 | bidir | bidir_result(direction(gen_to_parse),semantic(1),status(gen_fail),gen_status(error(error(existence_error(procedure,lex_gen:(::)/2),context(lambdaSelect:(::)/2,_9074)))),gen_time(0.015625))
2026-03-05T16:58:13 | bidir | bidir_result(direction(gen_to_parse),semantic(2),status(gen_fail),gen_status(error(error(existence_error(procedure,lex_gen:(::)/2),context(lambdaSelect:(::)/2,_132)))),gen_time(0.0))
2026-03-05T16:58:13 | bidir | bidir_result(direction(gen_to_parse),semantic(8),status(gen_fail),gen_status(error(error(existence_error(procedure,lex_gen:(::)/2),context(lambdaSelect:(::)/2,_882)))),gen_time(0.0))
2026-03-05T16:58:13 | bidir | bidir_result(direction(gen_to_parse),semantic(13),status(gen_fail),gen_status(error(error(existence_error(procedure,lex_gen:(::)/2),context(lambdaSelect:(::)/2,_1632)))),gen_time(0.0))
2026-03-05T16:58:13 | bidir | bidir_result(direction(gen_to_parse),semantic(20),status(gen_fail),gen_status(error(error(existence_error(procedure,lex_gen:(::)/2),context(lambdaSelect:(::)/2,_2382)))),gen_time(0.0))
2026-03-05T16:58:13 | bidir | bidir_result(direction(gen_to_parse),semantic('1X+10'(4)),status(gen_fail),gen_status(error(error(existence_error(procedure,lex_gen:(::)/2),context(lambdaSelect:(::)/2,_3184)))),gen_time(0.0))
2026-03-05T16:58:13 | bidir | bidir_result(direction(gen_to_parse),semantic('0X+18'(8)),status(gen_fail),gen_status(error(error(existence_error(procedure,lex_gen:(::)/2),context(lambdaSelect:(::)/2,_3986)))),gen_time(0.0))
2026-03-05T16:58:13 | bidir | bidir_result(direction(gen_to_parse),semantic('1X+20'(4)),status(gen_fail),gen_status(error(error(existence_error(procedure,lex_gen:(::)/2),context(lambdaSelect:(::)/2,_4788)))),gen_time(0.0))
2026-03-05T17:40:03 | system | start_sem_bidir
2026-03-05T17:40:03 | bidir | bidir_result(direction(gen_to_parse),semantic(1),status(gen_fail),gen_status(error(error(existence_error(procedure,lex_gen:(::)/1),context(lambdaSelect:(::)/2,_3648)))),gen_time(0.0))
2026-03-05T17:40:03 | bidir | bidir_result(direction(gen_to_parse),semantic(2),status(gen_fail),gen_status(error(error(existence_error(procedure,lex_gen:(::)/1),context(lambdaSelect:(::)/2,_4398)))),gen_time(0.0))
2026-03-05T17:40:03 | bidir | bidir_result(direction(gen_to_parse),semantic(8),status(gen_fail),gen_status(error(error(existence_error(procedure,lex_gen:(::)/1),context(lambdaSelect:(::)/2,_5148)))),gen_time(0.0))
2026-03-05T17:40:03 | bidir | bidir_result(direction(gen_to_parse),semantic(13),status(gen_fail),gen_status(error(error(existence_error(procedure,lex_gen:(::)/1),context(lambdaSelect:(::)/2,_5898)))),gen_time(0.0))
2026-03-05T17:40:03 | bidir | bidir_result(direction(gen_to_parse),semantic(20),status(gen_fail),gen_status(error(error(existence_error(procedure,lex_gen:(::)/1),context(lambdaSelect:(::)/2,_6648)))),gen_time(0.0))
2026-03-05T17:40:03 | bidir | bidir_result(direction(gen_to_parse),semantic('1X+10'(4)),status(gen_fail),gen_status(error(error(existence_error(procedure,lex_gen:(::)/1),context(lambdaSelect:(::)/2,_7450)))),gen_time(0.0))
2026-03-05T17:40:03 | bidir | bidir_result(direction(gen_to_parse),semantic('0X+18'(8)),status(gen_fail),gen_status(error(error(existence_error(procedure,lex_gen:(::)/1),context(lambdaSelect:(::)/2,_8252)))),gen_time(0.0))
2026-03-05T17:40:03 | bidir | bidir_result(direction(gen_to_parse),semantic('1X+20'(4)),status(gen_fail),gen_status(error(error(existence_error(procedure,lex_gen:(::)/1),context(lambdaSelect:(::)/2,_9054)))),gen_time(0.0))
2026-03-05T18:04:11 | system | start_sem_bidir
2026-03-05T18:04:11 | bidir | bidir_result(direction(gen_to_parse),semantic(1),status(gen_fail),gen_status(no_solution),gen_time(0.0))
2026-03-05T18:04:11 | bidir | bidir_result(direction(gen_to_parse),semantic(2),status(gen_fail),gen_status(no_solution),gen_time(0.0))
2026-03-05T18:04:11 | bidir | bidir_result(direction(gen_to_parse),semantic(8),status(gen_fail),gen_status(no_solution),gen_time(0.0))
2026-03-05T18:04:11 | bidir | bidir_result(direction(gen_to_parse),semantic(13),status(gen_fail),gen_status(no_solution),gen_time(0.0))
2026-03-05T18:04:11 | bidir | bidir_result(direction(gen_to_parse),semantic(20),status(gen_fail),gen_status(no_solution),gen_time(0.0))
2026-03-05T18:04:11 | bidir | bidir_result(direction(gen_to_parse),semantic('1X+10'(4)),status(gen_fail),gen_status(no_solution),gen_time(0.0))
2026-03-05T18:04:11 | bidir | bidir_result(direction(gen_to_parse),semantic('0X+18'(8)),status(gen_fail),gen_status(no_solution),gen_time(0.0))
2026-03-05T18:04:11 | bidir | bidir_result(direction(gen_to_parse),semantic('1X+20'(4)),status(gen_fail),gen_status(no_solution),gen_time(0.0))
2026-03-05T18:04:11 | bidir | bidir_result(direction(parse_to_gen),input_tokens([seven]),status(parse_fail),parse_time(0.0))
2026-03-05T18:04:11 | bidir | bidir_result(direction(parse_to_gen),input_tokens([twenty]),status(parse_fail),parse_time(0.0))
2026-03-05T18:04:11 | bidir | bidir_result(direction(parse_to_gen),input_tokens([twenty_,four]),status(parse_fail),parse_time(0.0))
2026-03-05T18:04:11 | bidir | bidir_result(direction(parse_to_gen),input_tokens([eight,een]),status(parse_fail),parse_time(0.0))
2026-03-05T18:04:11 | system | end_sem_bidir
2026-03-05T18:09:01 | system | start_sem_bidir
2026-03-05T18:09:01 | bidir | bidir_result(direction(gen_to_parse),semantic(1),status(gen_fail),gen_status(error(error(existence_error(procedure,lex_gen:(::)/2),context(lambdaSelect:(::)/2,_748)))),gen_time(0.0))
2026-03-05T18:09:01 | bidir | bidir_result(direction(gen_to_parse),semantic(2),status(gen_fail),gen_status(error(error(existence_error(procedure,lex_gen:(::)/2),context(lambdaSelect:(::)/2,_1486)))),gen_time(0.0))
2026-03-05T18:09:01 | bidir | bidir_result(direction(gen_to_parse),semantic(8),status(gen_fail),gen_status(error(error(existence_error(procedure,lex_gen:(::)/2),context(lambdaSelect:(::)/2,_2224)))),gen_time(0.0))
2026-03-05T18:09:01 | bidir | bidir_result(direction(gen_to_parse),semantic(13),status(gen_fail),gen_status(error(error(existence_error(procedure,lex_gen:(::)/2),context(lambdaSelect:(::)/2,_2962)))),gen_time(0.0))
2026-03-05T18:09:01 | bidir | bidir_result(direction(gen_to_parse),semantic(20),status(gen_fail),gen_status(error(error(existence_error(procedure,lex_gen:(::)/2),context(lambdaSelect:(::)/2,_3700)))),gen_time(0.0))
2026-03-05T18:09:01 | bidir | bidir_result(direction(gen_to_parse),semantic('1X+10'(4)),status(gen_fail),gen_status(error(error(existence_error(procedure,lex_gen:(::)/2),context(lambdaSelect:(::)/2,_4490)))),gen_time(0.0))
2026-03-05T18:09:01 | bidir | bidir_result(direction(gen_to_parse),semantic('0X+18'(8)),status(gen_fail),gen_status(error(error(existence_error(procedure,lex_gen:(::)/2),context(lambdaSelect:(::)/2,_5280)))),gen_time(0.0))
2026-03-05T18:09:01 | bidir | bidir_result(direction(gen_to_parse),semantic('1X+20'(4)),status(gen_fail),gen_status(error(error(existence_error(procedure,lex_gen:(::)/2),context(lambdaSelect:(::)/2,_6070)))),gen_time(0.0))
2026-03-05T18:09:26 | system | start_sem_bidir
2026-03-05T18:09:26 | bidir | bidir_result(direction(gen_to_parse),semantic(1),status(gen_fail),gen_status(error(error(existence_error(procedure,lex_gen:(::)/2),context(lambdaSelect:(::)/2,_10206)))),gen_time(0.0))
2026-03-05T18:09:26 | bidir | bidir_result(direction(gen_to_parse),semantic(2),status(gen_fail),gen_status(error(error(existence_error(procedure,lex_gen:(::)/2),context(lambdaSelect:(::)/2,_10944)))),gen_time(0.0))
2026-03-05T18:09:26 | bidir | bidir_result(direction(gen_to_parse),semantic(8),status(gen_fail),gen_status(error(error(existence_error(procedure,lex_gen:(::)/2),context(lambdaSelect:(::)/2,_11682)))),gen_time(0.0))
2026-03-05T18:09:26 | bidir | bidir_result(direction(gen_to_parse),semantic(13),status(gen_fail),gen_status(error(error(existence_error(procedure,lex_gen:(::)/2),context(lambdaSelect:(::)/2,_12420)))),gen_time(0.0))
2026-03-05T18:09:26 | bidir | bidir_result(direction(gen_to_parse),semantic(20),status(gen_fail),gen_status(error(error(existence_error(procedure,lex_gen:(::)/2),context(lambdaSelect:(::)/2,_13158)))),gen_time(0.0))
2026-03-05T18:09:26 | bidir | bidir_result(direction(gen_to_parse),semantic('1X+10'(4)),status(gen_fail),gen_status(error(error(existence_error(procedure,lex_gen:(::)/2),context(lambdaSelect:(::)/2,_13948)))),gen_time(0.0))
2026-03-05T18:09:26 | bidir | bidir_result(direction(gen_to_parse),semantic('0X+18'(8)),status(gen_fail),gen_status(error(error(existence_error(procedure,lex_gen:(::)/2),context(lambdaSelect:(::)/2,_14738)))),gen_time(0.0))
2026-03-05T18:09:26 | bidir | bidir_result(direction(gen_to_parse),semantic('1X+20'(4)),status(gen_fail),gen_status(error(error(existence_error(procedure,lex_gen:(::)/2),context(lambdaSelect:(::)/2,_15528)))),gen_time(0.0))
2026-03-07T01:30:37 | system | gen_run_start
2026-03-07T01:30:37 | gen_session | gen_case(semantic(1),status(ok),tokens([one]),sentence(one))
2026-03-07T01:30:37 | gen_session | gen_case(semantic(2),status(ok),tokens([two]),sentence(two))
2026-03-07T01:30:37 | gen_session | gen_case(semantic(3),status(ok),tokens([three]),sentence(three))
2026-03-07T01:30:37 | gen_session | gen_case(semantic(4),status(ok),tokens([four]),sentence(four))
2026-03-07T01:30:37 | gen_session | gen_case(semantic(5),status(ok),tokens([five]),sentence(five))
2026-03-07T01:30:37 | gen_session | gen_case(semantic(6),status(ok),tokens([six]),sentence(six))
2026-03-07T01:30:37 | gen_session | gen_case(semantic(7),status(ok),tokens([seven]),sentence(seven))
2026-03-07T01:30:37 | gen_session | gen_case(semantic(8),status(ok),tokens([eight]),sentence(eight))
2026-03-07T01:30:37 | gen_session | gen_case(semantic(9),status(ok),tokens([nine]),sentence(nine))
2026-03-07T01:30:37 | gen_session | gen_case(semantic(10),status(ok),tokens([ten]),sentence(ten))
2026-03-07T01:30:37 | gen_session | gen_case(semantic(11),status(ok),tokens([eleven]),sentence(eleven))
2026-03-07T01:30:37 | gen_session | gen_case(semantic(12),status(ok),tokens([twelve]),sentence(twelve))
2026-03-07T01:30:37 | gen_session | gen_case(semantic(13),status(ok),tokens([thirteen]),sentence(thirteen))
2026-03-07T01:30:37 | gen_session | gen_case(semantic(15),status(ok),tokens([fifteen]),sentence(fifteen))
2026-03-07T01:30:37 | gen_session | gen_case(semantic(18),status(gen_empty_yield),tokens([]),sentence(''))
2026-03-07T01:30:37 | gen_session | gen_case(semantic(20),status(ok),tokens([twenty]),sentence(twenty))
2026-03-07T01:30:37 | gen_session | gen_case(semantic(30),status(ok),tokens([thirty]),sentence(thirty))
2026-03-07T01:30:37 | gen_session | gen_case(semantic(50),status(ok),tokens([fifty]),sentence(fifty))
2026-03-07T01:30:37 | gen_session | gen_case(semantic('1X+10'(4)),status(ok),tokens([four,teen]),sentence(fourteen))
2026-03-07T01:30:37 | gen_session | gen_case(semantic('1X+10'(6)),status(ok),tokens([six,teen]),sentence(sixteen))
2026-03-07T01:30:37 | gen_session | gen_case(semantic('1X+10'(7)),status(ok),tokens([seven,teen]),sentence(seventeen))
2026-03-07T01:30:37 | gen_session | gen_case(semantic('0X+18'(8)),status(ok),tokens([eight,een]),sentence(eighteen))
2026-03-07T01:30:37 | gen_session | gen_case(semantic('1X+10'(9)),status(ok),tokens([nine,teen]),sentence(nineteen))
2026-03-07T01:30:37 | gen_session | gen_case(semantic('1X+20'(1)),status(ok),tokens([twenty,one]),sentence(twentyone))
2026-03-07T01:30:37 | gen_session | gen_case(semantic('1X+20'(2)),status(ok),tokens([twenty,two]),sentence(twentytwo))
2026-03-07T01:30:37 | gen_session | gen_case(semantic('1X+20'(3)),status(ok),tokens([twenty,three]),sentence(twentythree))
2026-03-07T01:30:37 | gen_session | gen_case(semantic('1X+20'(4)),status(ok),tokens([twenty]),sentence(twenty))
2026-03-07T01:30:37 | gen_session | gen_case(semantic('1X+20'(5)),status(ok),tokens([twenty,five]),sentence(twentyfive))
2026-03-07T01:30:37 | gen_session | gen_case(semantic('1X+20'(6)),status(ok),tokens([twenty]),sentence(twenty))
2026-03-07T01:30:37 | gen_session | gen_case(semantic('1X+20'(7)),status(ok),tokens([twenty]),sentence(twenty))
2026-03-07T01:30:37 | gen_session | gen_case(semantic('1X+20'(8)),status(ok),tokens([twenty]),sentence(twenty))
2026-03-07T01:30:37 | gen_session | gen_case(semantic('1X+20'(9)),status(ok),tokens([twenty]),sentence(twenty))
2026-03-07T01:30:37 | gen_session | gen_case(semantic('1X+30'(1)),status(ok),tokens([thirty,one]),sentence(thirtyone))
2026-03-07T01:30:37 | gen_session | gen_case(semantic('1X+30'(2)),status(ok),tokens([thirty,two]),sentence(thirtytwo))
2026-03-07T01:30:37 | gen_session | gen_case(semantic('1X+30'(3)),status(ok),tokens([thirty,three]),sentence(thirtythree))
2026-03-07T01:30:37 | gen_session | gen_case(semantic('1X+30'(4)),status(ok),tokens([thirty]),sentence(thirty))
2026-03-07T01:30:37 | gen_session | gen_case(semantic('1X+30'(5)),status(ok),tokens([thirty,five]),sentence(thirtyfive))
2026-03-07T01:30:37 | gen_session | gen_case(semantic('1X+30'(6)),status(ok),tokens([thirty]),sentence(thirty))
2026-03-07T01:30:37 | gen_session | gen_case(semantic('1X+30'(7)),status(ok),tokens([thirty]),sentence(thirty))
2026-03-07T01:30:37 | gen_session | gen_case(semantic('1X+30'(8)),status(ok),tokens([thirty]),sentence(thirty))
2026-03-07T01:30:37 | gen_session | gen_case(semantic('1X+30'(9)),status(ok),tokens([thirty]),sentence(thirty))
2026-03-07T01:30:37 | gen_session | gen_case(semantic('1X+50'(1)),status(ok),tokens([fifty,one]),sentence(fiftyone))
2026-03-07T01:30:37 | gen_session | gen_case(semantic('1X+50'(2)),status(ok),tokens([fifty,two]),sentence(fiftytwo))
2026-03-07T01:30:37 | gen_session | gen_case(semantic('1X+50'(3)),status(ok),tokens([fifty,three]),sentence(fiftythree))
2026-03-07T01:30:37 | gen_session | gen_case(semantic('1X+50'(4)),status(ok),tokens([fifty]),sentence(fifty))
2026-03-07T01:30:37 | gen_session | gen_case(semantic('1X+50'(5)),status(ok),tokens([fifty,five]),sentence(fiftyfive))
2026-03-07T01:30:37 | gen_session | gen_case(semantic('1X+50'(6)),status(ok),tokens([fifty]),sentence(fifty))
2026-03-07T01:30:37 | gen_session | gen_case(semantic('1X+50'(7)),status(ok),tokens([fifty]),sentence(fifty))
2026-03-07T01:30:37 | gen_session | gen_case(semantic('1X+50'(8)),status(ok),tokens([fifty]),sentence(fifty))
2026-03-07T01:30:37 | gen_session | gen_case(semantic('1X+50'(9)),status(ok),tokens([fifty]),sentence(fifty))
2026-03-07T01:30:37 | gen_session | gen_case(semantic('1X+40'(4)),status(gen_empty_yield),tokens([]),sentence(''))
2026-03-07T01:30:37 | gen_session | gen_case(semantic('1X+60'(4)),status(gen_empty_yield),tokens([]),sentence(''))
2026-03-07T01:30:37 | gen_session | gen_case(semantic('1X+70'(4)),status(gen_empty_yield),tokens([]),sentence(''))
2026-03-07T01:30:37 | gen_session | gen_case(semantic('1X+80'(4)),status(gen_empty_yield),tokens([]),sentence(''))
2026-03-07T01:30:37 | gen_session | gen_case(semantic('1X+90'(4)),status(gen_empty_yield),tokens([]),sentence(''))
2026-03-07T01:30:37 | gen_session | gen_case(semantic('0X+100Y'(1,0)),status(ok),tokens([one,hundred]),sentence(onehundred))
2026-03-07T01:30:37 | gen_session | gen_case(semantic('1X+100Y'(1,'1X+20'(3))),status(ok),tokens([one,hundred_and,twenty,three]),sentence(onehundred_andtwentythree))
2026-03-07T01:30:37 | gen_session | gen_case(semantic('1X+100Y'(1,'1X+30'(5))),status(ok),tokens([one,hundred_and,thirty,five]),sentence(onehundred_andthirtyfive))
2026-03-07T01:30:37 | gen_session | gen_case(semantic('1X+100Y'(1,'1X+50'(2))),status(ok),tokens([one,hundred_and,fifty,two]),sentence(onehundred_andfiftytwo))
2026-03-07T01:30:37 | system | gen_run_end
2026-03-07T01:30:41 | system | parse_run_start
2026-03-07T01:30:41 | parse_session | parse_case(semantic(1),gen_status(ok),gen_tokens([one]),repaired_tokens([one]),parser_tokens([one]),parse_status(ok),parsed_sem(1))
2026-03-07T01:30:41 | parse_session | parse_case(semantic(2),gen_status(ok),gen_tokens([two]),repaired_tokens([two]),parser_tokens([two]),parse_status(ok),parsed_sem(2))
2026-03-07T01:30:41 | parse_session | parse_case(semantic(3),gen_status(ok),gen_tokens([three]),repaired_tokens([three]),parser_tokens([three]),parse_status(ok),parsed_sem(3))
2026-03-07T01:30:41 | parse_session | parse_case(semantic(4),gen_status(ok),gen_tokens([four]),repaired_tokens([four]),parser_tokens([four]),parse_status(ok),parsed_sem(4))
2026-03-07T01:30:41 | parse_session | parse_case(semantic(5),gen_status(ok),gen_tokens([five]),repaired_tokens([five]),parser_tokens([five]),parse_status(ok),parsed_sem(5))
2026-03-07T01:30:41 | parse_session | parse_case(semantic(6),gen_status(ok),gen_tokens([six]),repaired_tokens([six]),parser_tokens([six]),parse_status(ok),parsed_sem(6))
2026-03-07T01:30:41 | parse_session | parse_case(semantic(7),gen_status(ok),gen_tokens([seven]),repaired_tokens([seven]),parser_tokens([seven]),parse_status(ok),parsed_sem(7))
2026-03-07T01:30:41 | parse_session | parse_case(semantic(8),gen_status(ok),gen_tokens([eight]),repaired_tokens([eight]),parser_tokens([eight]),parse_status(ok),parsed_sem(8))
2026-03-07T01:30:41 | parse_session | parse_case(semantic(9),gen_status(ok),gen_tokens([nine]),repaired_tokens([nine]),parser_tokens([nine]),parse_status(ok),parsed_sem(9))
2026-03-07T01:30:41 | parse_session | parse_case(semantic(10),gen_status(ok),gen_tokens([ten]),repaired_tokens([ten]),parser_tokens([ten]),parse_status(ok),parsed_sem(10))
2026-03-07T01:30:41 | parse_session | parse_case(semantic(11),gen_status(ok),gen_tokens([eleven]),repaired_tokens([eleven]),parser_tokens([eleven]),parse_status(ok),parsed_sem(11))
2026-03-07T01:30:41 | parse_session | parse_case(semantic(12),gen_status(ok),gen_tokens([twelve]),repaired_tokens([twelve]),parser_tokens([twelve]),parse_status(ok),parsed_sem(12))
2026-03-07T01:30:41 | parse_session | parse_case(semantic(13),gen_status(ok),gen_tokens([thirteen]),repaired_tokens([thirteen]),parser_tokens([thirteen]),parse_status(ok),parsed_sem(13))
2026-03-07T01:30:41 | parse_session | parse_case(semantic(15),gen_status(ok),gen_tokens([fifteen]),repaired_tokens([fifteen]),parser_tokens([fifteen]),parse_status(ok),parsed_sem(15))
2026-03-07T01:30:41 | parse_session | parse_case(semantic(18),gen_status(gen_empty_yield),gen_tokens([]),repaired_tokens([]),parser_tokens([]),parse_status(parse_skipped_empty_tokens),parsed_sem(none))
2026-03-07T01:30:41 | parse_session | parse_case(semantic(20),gen_status(ok),gen_tokens([twenty]),repaired_tokens([twenty]),parser_tokens([twenty]),parse_status(ok),parsed_sem(20))
2026-03-07T01:30:41 | parse_session | parse_case(semantic(30),gen_status(ok),gen_tokens([thirty]),repaired_tokens([thirty]),parser_tokens([thirty]),parse_status(ok),parsed_sem(30))
2026-03-07T01:30:41 | parse_session | parse_case(semantic(50),gen_status(ok),gen_tokens([fifty]),repaired_tokens([fifty]),parser_tokens([fifty]),parse_status(ok),parsed_sem(50))
2026-03-07T01:30:41 | parse_session | parse_case(semantic('1X+10'(4)),gen_status(ok),gen_tokens([four,teen]),repaired_tokens([four,teen]),parser_tokens([four,teen]),parse_status(ok),parsed_sem('1X+10'(4)))
2026-03-07T01:30:41 | parse_session | parse_case(semantic('1X+10'(6)),gen_status(ok),gen_tokens([six,teen]),repaired_tokens([six,teen]),parser_tokens([six,teen]),parse_status(parse_fail),parsed_sem(none))
2026-03-07T01:30:41 | parse_session | parse_case(semantic('1X+10'(7)),gen_status(ok),gen_tokens([seven,teen]),repaired_tokens([seven,teen]),parser_tokens([seven,teen]),parse_status(parse_fail),parsed_sem(none))
2026-03-07T01:30:41 | parse_session | parse_case(semantic('0X+18'(8)),gen_status(ok),gen_tokens([eight,een]),repaired_tokens([eight,een]),parser_tokens([eight,een]),parse_status(ok),parsed_sem('0X+18'(8)))
2026-03-07T01:30:41 | parse_session | parse_case(semantic('1X+10'(9)),gen_status(ok),gen_tokens([nine,teen]),repaired_tokens([nine,teen]),parser_tokens([nine,teen]),parse_status(parse_fail),parsed_sem(none))
2026-03-07T01:30:41 | parse_session | parse_case(semantic('1X+20'(1)),gen_status(ok),gen_tokens([twenty,one]),repaired_tokens([twenty,one]),parser_tokens([twenty_,one]),parse_status(ok),parsed_sem('1X+20'(1)))
2026-03-07T01:30:41 | parse_session | parse_case(semantic('1X+20'(2)),gen_status(ok),gen_tokens([twenty,two]),repaired_tokens([twenty,two]),parser_tokens([twenty_,two]),parse_status(ok),parsed_sem('1X+20'(2)))
2026-03-07T01:30:41 | parse_session | parse_case(semantic('1X+20'(3)),gen_status(ok),gen_tokens([twenty,three]),repaired_tokens([twenty,three]),parser_tokens([twenty_,three]),parse_status(ok),parsed_sem('1X+20'(3)))
2026-03-07T01:30:41 | parse_session | parse_case(semantic('1X+20'(4)),gen_status(ok),gen_tokens([twenty]),repaired_tokens([twenty,four]),parser_tokens([twenty_,four]),parse_status(ok),parsed_sem('1X+20'(4)))
2026-03-07T01:30:41 | parse_session | parse_case(semantic('1X+20'(5)),gen_status(ok),gen_tokens([twenty,five]),repaired_tokens([twenty,five]),parser_tokens([twenty_,five]),parse_status(ok),parsed_sem('1X+20'(5)))
2026-03-07T01:30:41 | parse_session | parse_case(semantic('1X+20'(6)),gen_status(ok),gen_tokens([twenty]),repaired_tokens([twenty,six]),parser_tokens([twenty_,six]),parse_status(ok),parsed_sem('1X+20'(6)))
2026-03-07T01:30:41 | parse_session | parse_case(semantic('1X+20'(7)),gen_status(ok),gen_tokens([twenty]),repaired_tokens([twenty,seven]),parser_tokens([twenty_,seven]),parse_status(ok),parsed_sem('1X+20'(7)))
2026-03-07T01:30:41 | parse_session | parse_case(semantic('1X+20'(8)),gen_status(ok),gen_tokens([twenty]),repaired_tokens([twenty,eight]),parser_tokens([twenty_,eight]),parse_status(ok),parsed_sem('1X+20'(8)))
2026-03-07T01:30:41 | parse_session | parse_case(semantic('1X+20'(9)),gen_status(ok),gen_tokens([twenty]),repaired_tokens([twenty,nine]),parser_tokens([twenty_,nine]),parse_status(ok),parsed_sem('1X+20'(9)))
2026-03-07T01:30:41 | parse_session | parse_case(semantic('1X+30'(1)),gen_status(ok),gen_tokens([thirty,one]),repaired_tokens([thirty,one]),parser_tokens([thirty_,one]),parse_status(ok),parsed_sem('1X+30'(1)))
2026-03-07T01:30:41 | parse_session | parse_case(semantic('1X+30'(2)),gen_status(ok),gen_tokens([thirty,two]),repaired_tokens([thirty,two]),parser_tokens([thirty_,two]),parse_status(ok),parsed_sem('1X+30'(2)))
2026-03-07T01:30:41 | parse_session | parse_case(semantic('1X+30'(3)),gen_status(ok),gen_tokens([thirty,three]),repaired_tokens([thirty,three]),parser_tokens([thirty_,three]),parse_status(ok),parsed_sem('1X+30'(3)))
2026-03-07T01:30:41 | parse_session | parse_case(semantic('1X+30'(4)),gen_status(ok),gen_tokens([thirty]),repaired_tokens([thirty,four]),parser_tokens([thirty_,four]),parse_status(ok),parsed_sem('1X+30'(4)))
2026-03-07T01:30:41 | parse_session | parse_case(semantic('1X+30'(5)),gen_status(ok),gen_tokens([thirty,five]),repaired_tokens([thirty,five]),parser_tokens([thirty_,five]),parse_status(ok),parsed_sem('1X+30'(5)))
2026-03-07T01:30:41 | parse_session | parse_case(semantic('1X+30'(6)),gen_status(ok),gen_tokens([thirty]),repaired_tokens([thirty,six]),parser_tokens([thirty_,six]),parse_status(ok),parsed_sem('1X+30'(6)))
2026-03-07T01:30:41 | parse_session | parse_case(semantic('1X+30'(7)),gen_status(ok),gen_tokens([thirty]),repaired_tokens([thirty,seven]),parser_tokens([thirty_,seven]),parse_status(ok),parsed_sem('1X+30'(7)))
2026-03-07T01:30:41 | parse_session | parse_case(semantic('1X+30'(8)),gen_status(ok),gen_tokens([thirty]),repaired_tokens([thirty,eight]),parser_tokens([thirty_,eight]),parse_status(ok),parsed_sem('1X+30'(8)))
2026-03-07T01:30:41 | parse_session | parse_case(semantic('1X+30'(9)),gen_status(ok),gen_tokens([thirty]),repaired_tokens([thirty,nine]),parser_tokens([thirty_,nine]),parse_status(ok),parsed_sem('1X+30'(9)))
2026-03-07T01:30:41 | parse_session | parse_case(semantic('1X+50'(1)),gen_status(ok),gen_tokens([fifty,one]),repaired_tokens([fifty,one]),parser_tokens([fifty_,one]),parse_status(ok),parsed_sem('1X+50'(1)))
2026-03-07T01:30:41 | parse_session | parse_case(semantic('1X+50'(2)),gen_status(ok),gen_tokens([fifty,two]),repaired_tokens([fifty,two]),parser_tokens([fifty_,two]),parse_status(ok),parsed_sem('1X+50'(2)))
2026-03-07T01:30:41 | parse_session | parse_case(semantic('1X+50'(3)),gen_status(ok),gen_tokens([fifty,three]),repaired_tokens([fifty,three]),parser_tokens([fifty_,three]),parse_status(ok),parsed_sem('1X+50'(3)))
2026-03-07T01:30:41 | parse_session | parse_case(semantic('1X+50'(4)),gen_status(ok),gen_tokens([fifty]),repaired_tokens([fifty,four]),parser_tokens([fifty_,four]),parse_status(ok),parsed_sem('1X+50'(4)))
2026-03-07T01:30:41 | parse_session | parse_case(semantic('1X+50'(5)),gen_status(ok),gen_tokens([fifty,five]),repaired_tokens([fifty,five]),parser_tokens([fifty_,five]),parse_status(ok),parsed_sem('1X+50'(5)))
2026-03-07T01:30:41 | parse_session | parse_case(semantic('1X+50'(6)),gen_status(ok),gen_tokens([fifty]),repaired_tokens([fifty,six]),parser_tokens([fifty_,six]),parse_status(ok),parsed_sem('1X+50'(6)))
2026-03-07T01:30:41 | parse_session | parse_case(semantic('1X+50'(7)),gen_status(ok),gen_tokens([fifty]),repaired_tokens([fifty,seven]),parser_tokens([fifty_,seven]),parse_status(ok),parsed_sem('1X+50'(7)))
2026-03-07T01:30:41 | parse_session | parse_case(semantic('1X+50'(8)),gen_status(ok),gen_tokens([fifty]),repaired_tokens([fifty,eight]),parser_tokens([fifty_,eight]),parse_status(ok),parsed_sem('1X+50'(8)))
2026-03-07T01:30:41 | parse_session | parse_case(semantic('1X+50'(9)),gen_status(ok),gen_tokens([fifty]),repaired_tokens([fifty,nine]),parser_tokens([fifty_,nine]),parse_status(ok),parsed_sem('1X+50'(9)))
2026-03-07T01:30:41 | parse_session | parse_case(semantic('1X+40'(4)),gen_status(gen_empty_yield),gen_tokens([]),repaired_tokens([]),parser_tokens([]),parse_status(parse_skipped_empty_tokens),parsed_sem(none))
2026-03-07T01:30:41 | parse_session | parse_case(semantic('1X+60'(4)),gen_status(gen_empty_yield),gen_tokens([]),repaired_tokens([]),parser_tokens([]),parse_status(parse_skipped_empty_tokens),parsed_sem(none))
2026-03-07T01:30:41 | parse_session | parse_case(semantic('1X+70'(4)),gen_status(gen_empty_yield),gen_tokens([]),repaired_tokens([]),parser_tokens([]),parse_status(parse_skipped_empty_tokens),parsed_sem(none))
2026-03-07T01:30:41 | parse_session | parse_case(semantic('1X+80'(4)),gen_status(gen_empty_yield),gen_tokens([]),repaired_tokens([]),parser_tokens([]),parse_status(parse_skipped_empty_tokens),parsed_sem(none))
2026-03-07T01:30:41 | parse_session | parse_case(semantic('1X+90'(4)),gen_status(gen_empty_yield),gen_tokens([]),repaired_tokens([]),parser_tokens([]),parse_status(parse_skipped_empty_tokens),parsed_sem(none))
2026-03-07T01:30:41 | parse_session | parse_case(semantic('0X+100Y'(1,0)),gen_status(ok),gen_tokens([one,hundred]),repaired_tokens([one,hundred]),parser_tokens([one,hundred]),parse_status(parse_fail),parsed_sem(none))
2026-03-07T01:30:41 | parse_session | parse_case(semantic('1X+100Y'(1,'1X+20'(3))),gen_status(ok),gen_tokens([one,hundred_and,twenty,three]),repaired_tokens([one,hundred_and,twenty,three]),parser_tokens([one,hundred_and,twenty_,three]),parse_status(parse_fail),parsed_sem(none))
2026-03-07T01:30:41 | parse_session | parse_case(semantic('1X+100Y'(1,'1X+30'(5))),gen_status(ok),gen_tokens([one,hundred_and,thirty,five]),repaired_tokens([one,hundred_and,thirty,five]),parser_tokens([one,hundred_and,thirty_,five]),parse_status(parse_fail),parsed_sem(none))
2026-03-07T01:30:41 | parse_session | parse_case(semantic('1X+100Y'(1,'1X+50'(2))),gen_status(ok),gen_tokens([one,hundred_and,fifty,two]),repaired_tokens([one,hundred_and,fifty,two]),parser_tokens([one,hundred_and,fifty_,two]),parse_status(parse_fail),parsed_sem(none))
2026-03-07T01:30:41 | system | parse_run_end
2026-03-07T01:30:44 | system | compare_start
2026-03-07T01:30:44 | compare | case_result(verdict(pass),semantic(1),gen_status(ok),gen_tokens([one]),repaired_tokens([one]),parser_tokens([one]),parse_status(ok),parsed_sem(1))
2026-03-07T01:30:44 | compare | case_result(verdict(pass),semantic(2),gen_status(ok),gen_tokens([two]),repaired_tokens([two]),parser_tokens([two]),parse_status(ok),parsed_sem(2))
2026-03-07T01:30:44 | compare | case_result(verdict(pass),semantic(3),gen_status(ok),gen_tokens([three]),repaired_tokens([three]),parser_tokens([three]),parse_status(ok),parsed_sem(3))
2026-03-07T01:30:44 | compare | case_result(verdict(pass),semantic(4),gen_status(ok),gen_tokens([four]),repaired_tokens([four]),parser_tokens([four]),parse_status(ok),parsed_sem(4))
2026-03-07T01:30:44 | compare | case_result(verdict(pass),semantic(5),gen_status(ok),gen_tokens([five]),repaired_tokens([five]),parser_tokens([five]),parse_status(ok),parsed_sem(5))
2026-03-07T01:30:44 | compare | case_result(verdict(pass),semantic(6),gen_status(ok),gen_tokens([six]),repaired_tokens([six]),parser_tokens([six]),parse_status(ok),parsed_sem(6))
2026-03-07T01:30:44 | compare | case_result(verdict(pass),semantic(7),gen_status(ok),gen_tokens([seven]),repaired_tokens([seven]),parser_tokens([seven]),parse_status(ok),parsed_sem(7))
2026-03-07T01:30:44 | compare | case_result(verdict(pass),semantic(8),gen_status(ok),gen_tokens([eight]),repaired_tokens([eight]),parser_tokens([eight]),parse_status(ok),parsed_sem(8))
2026-03-07T01:30:44 | compare | case_result(verdict(pass),semantic(9),gen_status(ok),gen_tokens([nine]),repaired_tokens([nine]),parser_tokens([nine]),parse_status(ok),parsed_sem(9))
2026-03-07T01:30:44 | compare | case_result(verdict(pass),semantic(10),gen_status(ok),gen_tokens([ten]),repaired_tokens([ten]),parser_tokens([ten]),parse_status(ok),parsed_sem(10))
2026-03-07T01:30:44 | compare | case_result(verdict(pass),semantic(11),gen_status(ok),gen_tokens([eleven]),repaired_tokens([eleven]),parser_tokens([eleven]),parse_status(ok),parsed_sem(11))
2026-03-07T01:30:44 | compare | case_result(verdict(pass),semantic(12),gen_status(ok),gen_tokens([twelve]),repaired_tokens([twelve]),parser_tokens([twelve]),parse_status(ok),parsed_sem(12))
2026-03-07T01:30:44 | compare | case_result(verdict(pass),semantic(13),gen_status(ok),gen_tokens([thirteen]),repaired_tokens([thirteen]),parser_tokens([thirteen]),parse_status(ok),parsed_sem(13))
2026-03-07T01:30:44 | compare | case_result(verdict(pass),semantic(15),gen_status(ok),gen_tokens([fifteen]),repaired_tokens([fifteen]),parser_tokens([fifteen]),parse_status(ok),parsed_sem(15))
2026-03-07T01:30:44 | compare | case_result(verdict(gen_empty_yield),semantic(18),gen_status(gen_empty_yield),gen_tokens([]),repaired_tokens([]),parser_tokens([]),parse_status(parse_skipped_empty_tokens),parsed_sem(none))
2026-03-07T01:30:44 | compare | case_result(verdict(pass),semantic(20),gen_status(ok),gen_tokens([twenty]),repaired_tokens([twenty]),parser_tokens([twenty]),parse_status(ok),parsed_sem(20))
2026-03-07T01:30:44 | compare | case_result(verdict(pass),semantic(30),gen_status(ok),gen_tokens([thirty]),repaired_tokens([thirty]),parser_tokens([thirty]),parse_status(ok),parsed_sem(30))
2026-03-07T01:30:44 | compare | case_result(verdict(pass),semantic(50),gen_status(ok),gen_tokens([fifty]),repaired_tokens([fifty]),parser_tokens([fifty]),parse_status(ok),parsed_sem(50))
2026-03-07T01:30:44 | compare | case_result(verdict(pass),semantic('1X+10'(4)),gen_status(ok),gen_tokens([four,teen]),repaired_tokens([four,teen]),parser_tokens([four,teen]),parse_status(ok),parsed_sem('1X+10'(4)))
2026-03-07T01:30:44 | compare | case_result(verdict(parse_fail),semantic('1X+10'(6)),gen_status(ok),gen_tokens([six,teen]),repaired_tokens([six,teen]),parser_tokens([six,teen]),parse_status(parse_fail),parsed_sem(none))
2026-03-07T01:30:44 | compare | case_result(verdict(parse_fail),semantic('1X+10'(7)),gen_status(ok),gen_tokens([seven,teen]),repaired_tokens([seven,teen]),parser_tokens([seven,teen]),parse_status(parse_fail),parsed_sem(none))
2026-03-07T01:30:44 | compare | case_result(verdict(pass),semantic('0X+18'(8)),gen_status(ok),gen_tokens([eight,een]),repaired_tokens([eight,een]),parser_tokens([eight,een]),parse_status(ok),parsed_sem('0X+18'(8)))
2026-03-07T01:30:44 | compare | case_result(verdict(parse_fail),semantic('1X+10'(9)),gen_status(ok),gen_tokens([nine,teen]),repaired_tokens([nine,teen]),parser_tokens([nine,teen]),parse_status(parse_fail),parsed_sem(none))
2026-03-07T01:30:44 | compare | case_result(verdict(pass),semantic('1X+20'(1)),gen_status(ok),gen_tokens([twenty,one]),repaired_tokens([twenty,one]),parser_tokens([twenty_,one]),parse_status(ok),parsed_sem('1X+20'(1)))
2026-03-07T01:30:44 | compare | case_result(verdict(pass),semantic('1X+20'(2)),gen_status(ok),gen_tokens([twenty,two]),repaired_tokens([twenty,two]),parser_tokens([twenty_,two]),parse_status(ok),parsed_sem('1X+20'(2)))
2026-03-07T01:30:44 | compare | case_result(verdict(pass),semantic('1X+20'(3)),gen_status(ok),gen_tokens([twenty,three]),repaired_tokens([twenty,three]),parser_tokens([twenty_,three]),parse_status(ok),parsed_sem('1X+20'(3)))
2026-03-07T01:30:44 | compare | case_result(verdict(pass_repaired),semantic('1X+20'(4)),gen_status(ok),gen_tokens([twenty]),repaired_tokens([twenty,four]),parser_tokens([twenty_,four]),parse_status(ok),parsed_sem('1X+20'(4)))
2026-03-07T01:30:44 | compare | case_result(verdict(pass),semantic('1X+20'(5)),gen_status(ok),gen_tokens([twenty,five]),repaired_tokens([twenty,five]),parser_tokens([twenty_,five]),parse_status(ok),parsed_sem('1X+20'(5)))
2026-03-07T01:30:44 | compare | case_result(verdict(pass_repaired),semantic('1X+20'(6)),gen_status(ok),gen_tokens([twenty]),repaired_tokens([twenty,six]),parser_tokens([twenty_,six]),parse_status(ok),parsed_sem('1X+20'(6)))
2026-03-07T01:30:44 | compare | case_result(verdict(pass_repaired),semantic('1X+20'(7)),gen_status(ok),gen_tokens([twenty]),repaired_tokens([twenty,seven]),parser_tokens([twenty_,seven]),parse_status(ok),parsed_sem('1X+20'(7)))
2026-03-07T01:30:44 | compare | case_result(verdict(pass_repaired),semantic('1X+20'(8)),gen_status(ok),gen_tokens([twenty]),repaired_tokens([twenty,eight]),parser_tokens([twenty_,eight]),parse_status(ok),parsed_sem('1X+20'(8)))
2026-03-07T01:30:44 | compare | case_result(verdict(pass_repaired),semantic('1X+20'(9)),gen_status(ok),gen_tokens([twenty]),repaired_tokens([twenty,nine]),parser_tokens([twenty_,nine]),parse_status(ok),parsed_sem('1X+20'(9)))
2026-03-07T01:30:44 | compare | case_result(verdict(pass),semantic('1X+30'(1)),gen_status(ok),gen_tokens([thirty,one]),repaired_tokens([thirty,one]),parser_tokens([thirty_,one]),parse_status(ok),parsed_sem('1X+30'(1)))
2026-03-07T01:30:44 | compare | case_result(verdict(pass),semantic('1X+30'(2)),gen_status(ok),gen_tokens([thirty,two]),repaired_tokens([thirty,two]),parser_tokens([thirty_,two]),parse_status(ok),parsed_sem('1X+30'(2)))
2026-03-07T01:30:44 | compare | case_result(verdict(pass),semantic('1X+30'(3)),gen_status(ok),gen_tokens([thirty,three]),repaired_tokens([thirty,three]),parser_tokens([thirty_,three]),parse_status(ok),parsed_sem('1X+30'(3)))
2026-03-07T01:30:44 | compare | case_result(verdict(pass_repaired),semantic('1X+30'(4)),gen_status(ok),gen_tokens([thirty]),repaired_tokens([thirty,four]),parser_tokens([thirty_,four]),parse_status(ok),parsed_sem('1X+30'(4)))
2026-03-07T01:30:44 | compare | case_result(verdict(pass),semantic('1X+30'(5)),gen_status(ok),gen_tokens([thirty,five]),repaired_tokens([thirty,five]),parser_tokens([thirty_,five]),parse_status(ok),parsed_sem('1X+30'(5)))
2026-03-07T01:30:44 | compare | case_result(verdict(pass_repaired),semantic('1X+30'(6)),gen_status(ok),gen_tokens([thirty]),repaired_tokens([thirty,six]),parser_tokens([thirty_,six]),parse_status(ok),parsed_sem('1X+30'(6)))
2026-03-07T01:30:44 | compare | case_result(verdict(pass_repaired),semantic('1X+30'(7)),gen_status(ok),gen_tokens([thirty]),repaired_tokens([thirty,seven]),parser_tokens([thirty_,seven]),parse_status(ok),parsed_sem('1X+30'(7)))
2026-03-07T01:30:44 | compare | case_result(verdict(pass_repaired),semantic('1X+30'(8)),gen_status(ok),gen_tokens([thirty]),repaired_tokens([thirty,eight]),parser_tokens([thirty_,eight]),parse_status(ok),parsed_sem('1X+30'(8)))
2026-03-07T01:30:44 | compare | case_result(verdict(pass_repaired),semantic('1X+30'(9)),gen_status(ok),gen_tokens([thirty]),repaired_tokens([thirty,nine]),parser_tokens([thirty_,nine]),parse_status(ok),parsed_sem('1X+30'(9)))
2026-03-07T01:30:44 | compare | case_result(verdict(pass),semantic('1X+50'(1)),gen_status(ok),gen_tokens([fifty,one]),repaired_tokens([fifty,one]),parser_tokens([fifty_,one]),parse_status(ok),parsed_sem('1X+50'(1)))
2026-03-07T01:30:44 | compare | case_result(verdict(pass),semantic('1X+50'(2)),gen_status(ok),gen_tokens([fifty,two]),repaired_tokens([fifty,two]),parser_tokens([fifty_,two]),parse_status(ok),parsed_sem('1X+50'(2)))
2026-03-07T01:30:44 | compare | case_result(verdict(pass),semantic('1X+50'(3)),gen_status(ok),gen_tokens([fifty,three]),repaired_tokens([fifty,three]),parser_tokens([fifty_,three]),parse_status(ok),parsed_sem('1X+50'(3)))
2026-03-07T01:30:44 | compare | case_result(verdict(pass_repaired),semantic('1X+50'(4)),gen_status(ok),gen_tokens([fifty]),repaired_tokens([fifty,four]),parser_tokens([fifty_,four]),parse_status(ok),parsed_sem('1X+50'(4)))
2026-03-07T01:30:44 | compare | case_result(verdict(pass),semantic('1X+50'(5)),gen_status(ok),gen_tokens([fifty,five]),repaired_tokens([fifty,five]),parser_tokens([fifty_,five]),parse_status(ok),parsed_sem('1X+50'(5)))
2026-03-07T01:30:44 | compare | case_result(verdict(pass_repaired),semantic('1X+50'(6)),gen_status(ok),gen_tokens([fifty]),repaired_tokens([fifty,six]),parser_tokens([fifty_,six]),parse_status(ok),parsed_sem('1X+50'(6)))
2026-03-07T01:30:44 | compare | case_result(verdict(pass_repaired),semantic('1X+50'(7)),gen_status(ok),gen_tokens([fifty]),repaired_tokens([fifty,seven]),parser_tokens([fifty_,seven]),parse_status(ok),parsed_sem('1X+50'(7)))
2026-03-07T01:30:44 | compare | case_result(verdict(pass_repaired),semantic('1X+50'(8)),gen_status(ok),gen_tokens([fifty]),repaired_tokens([fifty,eight]),parser_tokens([fifty_,eight]),parse_status(ok),parsed_sem('1X+50'(8)))
2026-03-07T01:30:44 | compare | case_result(verdict(pass_repaired),semantic('1X+50'(9)),gen_status(ok),gen_tokens([fifty]),repaired_tokens([fifty,nine]),parser_tokens([fifty_,nine]),parse_status(ok),parsed_sem('1X+50'(9)))
2026-03-07T01:30:44 | compare | case_result(verdict(gen_empty_yield),semantic('1X+40'(4)),gen_status(gen_empty_yield),gen_tokens([]),repaired_tokens([]),parser_tokens([]),parse_status(parse_skipped_empty_tokens),parsed_sem(none))
2026-03-07T01:30:44 | compare | case_result(verdict(gen_empty_yield),semantic('1X+60'(4)),gen_status(gen_empty_yield),gen_tokens([]),repaired_tokens([]),parser_tokens([]),parse_status(parse_skipped_empty_tokens),parsed_sem(none))
2026-03-07T01:30:44 | compare | case_result(verdict(gen_empty_yield),semantic('1X+70'(4)),gen_status(gen_empty_yield),gen_tokens([]),repaired_tokens([]),parser_tokens([]),parse_status(parse_skipped_empty_tokens),parsed_sem(none))
2026-03-07T01:30:44 | compare | case_result(verdict(gen_empty_yield),semantic('1X+80'(4)),gen_status(gen_empty_yield),gen_tokens([]),repaired_tokens([]),parser_tokens([]),parse_status(parse_skipped_empty_tokens),parsed_sem(none))
2026-03-07T01:30:44 | compare | case_result(verdict(gen_empty_yield),semantic('1X+90'(4)),gen_status(gen_empty_yield),gen_tokens([]),repaired_tokens([]),parser_tokens([]),parse_status(parse_skipped_empty_tokens),parsed_sem(none))
2026-03-07T01:30:44 | compare | case_result(verdict(parse_fail),semantic('0X+100Y'(1,0)),gen_status(ok),gen_tokens([one,hundred]),repaired_tokens([one,hundred]),parser_tokens([one,hundred]),parse_status(parse_fail),parsed_sem(none))
2026-03-07T01:30:44 | compare | case_result(verdict(parse_fail),semantic('1X+100Y'(1,'1X+20'(3))),gen_status(ok),gen_tokens([one,hundred_and,twenty,three]),repaired_tokens([one,hundred_and,twenty,three]),parser_tokens([one,hundred_and,twenty_,three]),parse_status(parse_fail),parsed_sem(none))
2026-03-07T01:30:44 | compare | case_result(verdict(parse_fail),semantic('1X+100Y'(1,'1X+30'(5))),gen_status(ok),gen_tokens([one,hundred_and,thirty,five]),repaired_tokens([one,hundred_and,thirty,five]),parser_tokens([one,hundred_and,thirty_,five]),parse_status(parse_fail),parsed_sem(none))
2026-03-07T01:30:44 | compare | case_result(verdict(parse_fail),semantic('1X+100Y'(1,'1X+50'(2))),gen_status(ok),gen_tokens([one,hundred_and,fifty,two]),repaired_tokens([one,hundred_and,fifty,two]),parser_tokens([one,hundred_and,fifty_,two]),parse_status(parse_fail),parsed_sem(none))
2026-03-07T01:30:44 | compare | totals(pass(31),pass_repaired(15),gen_empty_yield(6),gen_fail(0),gen_error(0),parse_skipped_empty_tokens(0),parse_fail(7),semantic_mismatch(0))
2026-03-07T01:30:44 | system | compare_end
2026-03-07T02:59:21 | system | gen_run_start
2026-03-07T02:59:21 | gen_session | gen_case(semantic(1),status(ok),tokens([one]),sentence(one))
2026-03-07T02:59:21 | gen_session | gen_case(semantic(2),status(ok),tokens([two]),sentence(two))
2026-03-07T02:59:21 | gen_session | gen_case(semantic(3),status(ok),tokens([three]),sentence(three))
2026-03-07T02:59:21 | gen_session | gen_case(semantic(4),status(ok),tokens([four]),sentence(four))
2026-03-07T02:59:21 | gen_session | gen_case(semantic(5),status(ok),tokens([five]),sentence(five))
2026-03-07T02:59:21 | gen_session | gen_case(semantic(6),status(ok),tokens([six]),sentence(six))
2026-03-07T02:59:21 | gen_session | gen_case(semantic(7),status(ok),tokens([seven]),sentence(seven))
2026-03-07T02:59:21 | gen_session | gen_case(semantic(8),status(ok),tokens([eight]),sentence(eight))
2026-03-07T02:59:21 | gen_session | gen_case(semantic(9),status(ok),tokens([nine]),sentence(nine))
2026-03-07T02:59:21 | gen_session | gen_case(semantic(10),status(ok),tokens([ten]),sentence(ten))
2026-03-07T02:59:21 | gen_session | gen_case(semantic(11),status(ok),tokens([eleven]),sentence(eleven))
2026-03-07T02:59:21 | gen_session | gen_case(semantic(12),status(ok),tokens([twelve]),sentence(twelve))
2026-03-07T02:59:21 | gen_session | gen_case(semantic(13),status(ok),tokens([thirteen]),sentence(thirteen))
2026-03-07T02:59:21 | gen_session | gen_case(semantic(15),status(ok),tokens([fifteen]),sentence(fifteen))
2026-03-07T02:59:21 | gen_session | gen_case(semantic(18),status(gen_empty_yield),tokens([]),sentence(''))
2026-03-07T02:59:21 | gen_session | gen_case(semantic(20),status(ok),tokens([twenty]),sentence(twenty))
2026-03-07T02:59:21 | gen_session | gen_case(semantic(30),status(ok),tokens([thirty]),sentence(thirty))
2026-03-07T02:59:21 | gen_session | gen_case(semantic(50),status(ok),tokens([fifty]),sentence(fifty))
2026-03-07T02:59:21 | gen_session | gen_case(semantic('1X+10'(4)),status(ok),tokens([four,teen]),sentence(fourteen))
2026-03-07T02:59:21 | gen_session | gen_case(semantic('1X+10'(6)),status(ok),tokens([six,teen]),sentence(sixteen))
2026-03-07T02:59:21 | gen_session | gen_case(semantic('1X+10'(7)),status(ok),tokens([seven,teen]),sentence(seventeen))
2026-03-07T02:59:21 | gen_session | gen_case(semantic('0X+18'(8)),status(ok),tokens([eight,een]),sentence(eighteen))
2026-03-07T02:59:21 | gen_session | gen_case(semantic('1X+10'(9)),status(ok),tokens([nine,teen]),sentence(nineteen))
2026-03-07T02:59:21 | gen_session | gen_case(semantic('1X+20'(1)),status(ok),tokens([twenty,one]),sentence(twentyone))
2026-03-07T02:59:21 | gen_session | gen_case(semantic('1X+20'(2)),status(ok),tokens([twenty,two]),sentence(twentytwo))
2026-03-07T02:59:21 | gen_session | gen_case(semantic('1X+20'(3)),status(ok),tokens([twenty,three]),sentence(twentythree))
2026-03-07T02:59:21 | gen_session | gen_case(semantic('1X+20'(4)),status(ok),tokens([twenty]),sentence(twenty))
2026-03-07T02:59:21 | gen_session | gen_case(semantic('1X+20'(5)),status(ok),tokens([twenty,five]),sentence(twentyfive))
2026-03-07T02:59:21 | gen_session | gen_case(semantic('1X+20'(6)),status(ok),tokens([twenty]),sentence(twenty))
2026-03-07T02:59:21 | gen_session | gen_case(semantic('1X+20'(7)),status(ok),tokens([twenty]),sentence(twenty))
2026-03-07T02:59:21 | gen_session | gen_case(semantic('1X+20'(8)),status(ok),tokens([twenty]),sentence(twenty))
2026-03-07T02:59:21 | gen_session | gen_case(semantic('1X+20'(9)),status(ok),tokens([twenty]),sentence(twenty))
2026-03-07T02:59:21 | gen_session | gen_case(semantic('1X+30'(1)),status(ok),tokens([thirty,one]),sentence(thirtyone))
2026-03-07T02:59:21 | gen_session | gen_case(semantic('1X+30'(2)),status(ok),tokens([thirty,two]),sentence(thirtytwo))
2026-03-07T02:59:21 | gen_session | gen_case(semantic('1X+30'(3)),status(ok),tokens([thirty,three]),sentence(thirtythree))
2026-03-07T02:59:21 | gen_session | gen_case(semantic('1X+30'(4)),status(ok),tokens([thirty]),sentence(thirty))
2026-03-07T02:59:21 | gen_session | gen_case(semantic('1X+30'(5)),status(ok),tokens([thirty,five]),sentence(thirtyfive))
2026-03-07T02:59:21 | gen_session | gen_case(semantic('1X+30'(6)),status(ok),tokens([thirty]),sentence(thirty))
2026-03-07T02:59:21 | gen_session | gen_case(semantic('1X+30'(7)),status(ok),tokens([thirty]),sentence(thirty))
2026-03-07T02:59:21 | gen_session | gen_case(semantic('1X+30'(8)),status(ok),tokens([thirty]),sentence(thirty))
2026-03-07T02:59:21 | gen_session | gen_case(semantic('1X+30'(9)),status(ok),tokens([thirty]),sentence(thirty))
2026-03-07T02:59:21 | gen_session | gen_case(semantic('1X+50'(1)),status(ok),tokens([fifty,one]),sentence(fiftyone))
2026-03-07T02:59:21 | gen_session | gen_case(semantic('1X+50'(2)),status(ok),tokens([fifty,two]),sentence(fiftytwo))
2026-03-07T02:59:21 | gen_session | gen_case(semantic('1X+50'(3)),status(ok),tokens([fifty,three]),sentence(fiftythree))
2026-03-07T02:59:21 | gen_session | gen_case(semantic('1X+50'(4)),status(ok),tokens([fifty]),sentence(fifty))
2026-03-07T02:59:21 | gen_session | gen_case(semantic('1X+50'(5)),status(ok),tokens([fifty,five]),sentence(fiftyfive))
2026-03-07T02:59:21 | gen_session | gen_case(semantic('1X+50'(6)),status(ok),tokens([fifty]),sentence(fifty))
2026-03-07T02:59:21 | gen_session | gen_case(semantic('1X+50'(7)),status(ok),tokens([fifty]),sentence(fifty))
2026-03-07T02:59:21 | gen_session | gen_case(semantic('1X+50'(8)),status(ok),tokens([fifty]),sentence(fifty))
2026-03-07T02:59:21 | gen_session | gen_case(semantic('1X+50'(9)),status(ok),tokens([fifty]),sentence(fifty))
2026-03-07T02:59:21 | gen_session | gen_case(semantic('1X+40'(4)),status(gen_empty_yield),tokens([]),sentence(''))
2026-03-07T02:59:21 | gen_session | gen_case(semantic('1X+60'(4)),status(gen_empty_yield),tokens([]),sentence(''))
2026-03-07T02:59:21 | gen_session | gen_case(semantic('1X+70'(4)),status(gen_empty_yield),tokens([]),sentence(''))
2026-03-07T02:59:21 | gen_session | gen_case(semantic('1X+80'(4)),status(gen_empty_yield),tokens([]),sentence(''))
2026-03-07T02:59:21 | gen_session | gen_case(semantic('1X+90'(4)),status(gen_empty_yield),tokens([]),sentence(''))
2026-03-07T02:59:21 | system | gen_run_end
2026-03-07T03:12:38 | system | gen_run_start
2026-03-07T03:12:39 | gen_session | gen_case(semantic(1),status(ok),tokens([one]),sentence(one))
2026-03-07T03:12:39 | gen_session | gen_case(semantic(2),status(ok),tokens([two]),sentence(two))
2026-03-07T03:12:39 | gen_session | gen_case(semantic(3),status(ok),tokens([three]),sentence(three))
2026-03-07T03:12:39 | gen_session | gen_case(semantic(4),status(ok),tokens([four]),sentence(four))
2026-03-07T03:12:39 | gen_session | gen_case(semantic(5),status(ok),tokens([five]),sentence(five))
2026-03-07T03:12:39 | gen_session | gen_case(semantic(6),status(ok),tokens([six]),sentence(six))
2026-03-07T03:12:39 | gen_session | gen_case(semantic(7),status(ok),tokens([seven]),sentence(seven))
2026-03-07T03:12:39 | gen_session | gen_case(semantic(8),status(ok),tokens([eight]),sentence(eight))
2026-03-07T03:12:39 | gen_session | gen_case(semantic(9),status(ok),tokens([nine]),sentence(nine))
2026-03-07T03:12:39 | gen_session | gen_case(semantic(10),status(ok),tokens([ten]),sentence(ten))
2026-03-07T03:12:39 | gen_session | gen_case(semantic(11),status(ok),tokens([eleven]),sentence(eleven))
2026-03-07T03:12:39 | gen_session | gen_case(semantic(12),status(ok),tokens([twelve]),sentence(twelve))
2026-03-07T03:12:39 | gen_session | gen_case(semantic(13),status(ok),tokens([thirteen]),sentence(thirteen))
2026-03-07T03:12:39 | gen_session | gen_case(semantic(15),status(ok),tokens([fifteen]),sentence(fifteen))
2026-03-07T03:12:39 | gen_session | gen_case(semantic(18),status(gen_empty_yield),tokens([]),sentence(''))
2026-03-07T03:12:39 | gen_session | gen_case(semantic(20),status(ok),tokens([twenty]),sentence(twenty))
2026-03-07T03:12:39 | gen_session | gen_case(semantic(30),status(ok),tokens([thirty]),sentence(thirty))
2026-03-07T03:12:39 | gen_session | gen_case(semantic(50),status(ok),tokens([fifty]),sentence(fifty))
2026-03-07T03:12:39 | gen_session | gen_case(semantic('1X+10'(4)),status(ok),tokens([four,teen]),sentence(fourteen))
2026-03-07T03:12:39 | gen_session | gen_case(semantic('1X+10'(6)),status(ok),tokens([six,teen]),sentence(sixteen))
2026-03-07T03:12:39 | gen_session | gen_case(semantic('1X+10'(7)),status(ok),tokens([seven,teen]),sentence(seventeen))
2026-03-07T03:12:39 | gen_session | gen_case(semantic('0X+18'(8)),status(ok),tokens([eight,een]),sentence(eighteen))
2026-03-07T03:12:39 | gen_session | gen_case(semantic('1X+10'(9)),status(ok),tokens([nine,teen]),sentence(nineteen))
2026-03-07T03:12:39 | gen_session | gen_case(semantic('1X+20'(1)),status(ok),tokens([twenty,one]),sentence(twentyone))
2026-03-07T03:12:39 | gen_session | gen_case(semantic('1X+20'(2)),status(ok),tokens([twenty,two]),sentence(twentytwo))
2026-03-07T03:12:39 | gen_session | gen_case(semantic('1X+20'(3)),status(ok),tokens([twenty,three]),sentence(twentythree))
2026-03-07T03:12:39 | gen_session | gen_case(semantic('1X+20'(4)),status(ok),tokens([twenty]),sentence(twenty))
2026-03-07T03:12:39 | gen_session | gen_case(semantic('1X+20'(5)),status(ok),tokens([twenty,five]),sentence(twentyfive))
2026-03-07T03:12:39 | gen_session | gen_case(semantic('1X+20'(6)),status(ok),tokens([twenty]),sentence(twenty))
2026-03-07T03:12:39 | gen_session | gen_case(semantic('1X+20'(7)),status(ok),tokens([twenty]),sentence(twenty))
2026-03-07T03:12:39 | gen_session | gen_case(semantic('1X+20'(8)),status(ok),tokens([twenty]),sentence(twenty))
2026-03-07T03:12:39 | gen_session | gen_case(semantic('1X+20'(9)),status(ok),tokens([twenty]),sentence(twenty))
2026-03-07T03:12:39 | gen_session | gen_case(semantic('1X+30'(1)),status(ok),tokens([thirty,one]),sentence(thirtyone))
2026-03-07T03:12:39 | gen_session | gen_case(semantic('1X+30'(2)),status(ok),tokens([thirty,two]),sentence(thirtytwo))
2026-03-07T03:12:39 | gen_session | gen_case(semantic('1X+30'(3)),status(ok),tokens([thirty,three]),sentence(thirtythree))
2026-03-07T03:12:39 | gen_session | gen_case(semantic('1X+30'(4)),status(ok),tokens([thirty]),sentence(thirty))
2026-03-07T03:12:39 | gen_session | gen_case(semantic('1X+30'(5)),status(ok),tokens([thirty,five]),sentence(thirtyfive))
2026-03-07T03:12:39 | gen_session | gen_case(semantic('1X+30'(6)),status(ok),tokens([thirty]),sentence(thirty))
2026-03-07T03:12:39 | gen_session | gen_case(semantic('1X+30'(7)),status(ok),tokens([thirty]),sentence(thirty))
2026-03-07T03:12:39 | gen_session | gen_case(semantic('1X+30'(8)),status(ok),tokens([thirty]),sentence(thirty))
2026-03-07T03:12:39 | gen_session | gen_case(semantic('1X+30'(9)),status(ok),tokens([thirty]),sentence(thirty))
2026-03-07T03:12:39 | gen_session | gen_case(semantic('1X+50'(1)),status(ok),tokens([fifty,one]),sentence(fiftyone))
2026-03-07T03:12:39 | gen_session | gen_case(semantic('1X+50'(2)),status(ok),tokens([fifty,two]),sentence(fiftytwo))
2026-03-07T03:12:39 | gen_session | gen_case(semantic('1X+50'(3)),status(ok),tokens([fifty,three]),sentence(fiftythree))
2026-03-07T03:12:39 | gen_session | gen_case(semantic('1X+50'(4)),status(ok),tokens([fifty]),sentence(fifty))
2026-03-07T03:12:39 | gen_session | gen_case(semantic('1X+50'(5)),status(ok),tokens([fifty,five]),sentence(fiftyfive))
2026-03-07T03:12:39 | gen_session | gen_case(semantic('1X+50'(6)),status(ok),tokens([fifty]),sentence(fifty))
2026-03-07T03:12:39 | gen_session | gen_case(semantic('1X+50'(7)),status(ok),tokens([fifty]),sentence(fifty))
2026-03-07T03:12:39 | gen_session | gen_case(semantic('1X+50'(8)),status(ok),tokens([fifty]),sentence(fifty))
2026-03-07T03:12:39 | gen_session | gen_case(semantic('1X+50'(9)),status(ok),tokens([fifty]),sentence(fifty))
2026-03-07T03:12:39 | gen_session | gen_case(semantic('1X+40'(4)),status(gen_empty_yield),tokens([]),sentence(''))
2026-03-07T03:12:39 | gen_session | gen_case(semantic('1X+60'(4)),status(gen_empty_yield),tokens([]),sentence(''))
2026-03-07T03:12:39 | gen_session | gen_case(semantic('1X+70'(4)),status(gen_empty_yield),tokens([]),sentence(''))
2026-03-07T03:12:39 | gen_session | gen_case(semantic('1X+80'(4)),status(gen_empty_yield),tokens([]),sentence(''))
2026-03-07T03:12:39 | gen_session | gen_case(semantic('1X+90'(4)),status(gen_empty_yield),tokens([]),sentence(''))
2026-03-07T03:12:39 | system | gen_run_end
2026-03-07T03:12:39 | system | parse_run_start
2026-03-07T03:12:39 | parse_session | parse_case(semantic(1),gen_status(ok),gen_tokens([one]),repaired_tokens([one]),parser_tokens([one]),parse_status(ok),parsed_sem(1))
2026-03-07T03:12:39 | parse_session | parse_case(semantic(2),gen_status(ok),gen_tokens([two]),repaired_tokens([two]),parser_tokens([two]),parse_status(ok),parsed_sem(2))
2026-03-07T03:12:39 | parse_session | parse_case(semantic(3),gen_status(ok),gen_tokens([three]),repaired_tokens([three]),parser_tokens([three]),parse_status(ok),parsed_sem(3))
2026-03-07T03:12:39 | parse_session | parse_case(semantic(4),gen_status(ok),gen_tokens([four]),repaired_tokens([four]),parser_tokens([four]),parse_status(ok),parsed_sem(4))
2026-03-07T03:12:39 | parse_session | parse_case(semantic(5),gen_status(ok),gen_tokens([five]),repaired_tokens([five]),parser_tokens([five]),parse_status(ok),parsed_sem(5))
2026-03-07T03:12:39 | parse_session | parse_case(semantic(6),gen_status(ok),gen_tokens([six]),repaired_tokens([six]),parser_tokens([six]),parse_status(ok),parsed_sem(6))
2026-03-07T03:12:39 | parse_session | parse_case(semantic(7),gen_status(ok),gen_tokens([seven]),repaired_tokens([seven]),parser_tokens([seven]),parse_status(ok),parsed_sem(7))
2026-03-07T03:12:39 | parse_session | parse_case(semantic(8),gen_status(ok),gen_tokens([eight]),repaired_tokens([eight]),parser_tokens([eight]),parse_status(ok),parsed_sem(8))
2026-03-07T03:12:39 | parse_session | parse_case(semantic(9),gen_status(ok),gen_tokens([nine]),repaired_tokens([nine]),parser_tokens([nine]),parse_status(ok),parsed_sem(9))
2026-03-07T03:12:39 | parse_session | parse_case(semantic(10),gen_status(ok),gen_tokens([ten]),repaired_tokens([ten]),parser_tokens([ten]),parse_status(ok),parsed_sem(10))
2026-03-07T03:12:39 | parse_session | parse_case(semantic(11),gen_status(ok),gen_tokens([eleven]),repaired_tokens([eleven]),parser_tokens([eleven]),parse_status(ok),parsed_sem(11))
2026-03-07T03:12:39 | parse_session | parse_case(semantic(12),gen_status(ok),gen_tokens([twelve]),repaired_tokens([twelve]),parser_tokens([twelve]),parse_status(ok),parsed_sem(12))
2026-03-07T03:12:39 | parse_session | parse_case(semantic(13),gen_status(ok),gen_tokens([thirteen]),repaired_tokens([thirteen]),parser_tokens([thirteen]),parse_status(ok),parsed_sem(13))
2026-03-07T03:12:39 | parse_session | parse_case(semantic(15),gen_status(ok),gen_tokens([fifteen]),repaired_tokens([fifteen]),parser_tokens([fifteen]),parse_status(ok),parsed_sem(15))
2026-03-07T03:12:39 | parse_session | parse_case(semantic(18),gen_status(gen_empty_yield),gen_tokens([]),repaired_tokens([]),parser_tokens([]),parse_status(parse_skipped_empty_tokens),parsed_sem(none))
2026-03-07T03:12:39 | parse_session | parse_case(semantic(20),gen_status(ok),gen_tokens([twenty]),repaired_tokens([twenty]),parser_tokens([twenty]),parse_status(ok),parsed_sem(20))
2026-03-07T03:12:39 | parse_session | parse_case(semantic(30),gen_status(ok),gen_tokens([thirty]),repaired_tokens([thirty]),parser_tokens([thirty]),parse_status(ok),parsed_sem(30))
2026-03-07T03:12:39 | parse_session | parse_case(semantic(50),gen_status(ok),gen_tokens([fifty]),repaired_tokens([fifty]),parser_tokens([fifty]),parse_status(ok),parsed_sem(50))
2026-03-07T03:12:39 | parse_session | parse_case(semantic('1X+10'(4)),gen_status(ok),gen_tokens([four,teen]),repaired_tokens([four,teen]),parser_tokens([four,teen]),parse_status(ok),parsed_sem('1X+10'(4)))
2026-03-07T03:12:39 | parse_session | parse_case(semantic('1X+10'(6)),gen_status(ok),gen_tokens([six,teen]),repaired_tokens([six,teen]),parser_tokens([six,teen]),parse_status(parse_fail),parsed_sem(none))
2026-03-07T03:12:39 | parse_session | parse_case(semantic('1X+10'(7)),gen_status(ok),gen_tokens([seven,teen]),repaired_tokens([seven,teen]),parser_tokens([seven,teen]),parse_status(parse_fail),parsed_sem(none))
2026-03-07T03:12:39 | parse_session | parse_case(semantic('0X+18'(8)),gen_status(ok),gen_tokens([eight,een]),repaired_tokens([eight,een]),parser_tokens([eight,een]),parse_status(ok),parsed_sem('0X+18'(8)))
2026-03-07T03:12:39 | parse_session | parse_case(semantic('1X+10'(9)),gen_status(ok),gen_tokens([nine,teen]),repaired_tokens([nine,teen]),parser_tokens([nine,teen]),parse_status(parse_fail),parsed_sem(none))
2026-03-07T03:12:39 | parse_session | parse_case(semantic('1X+20'(1)),gen_status(ok),gen_tokens([twenty,one]),repaired_tokens([twenty,one]),parser_tokens([twenty_,one]),parse_status(ok),parsed_sem('1X+20'(1)))
2026-03-07T03:12:39 | parse_session | parse_case(semantic('1X+20'(2)),gen_status(ok),gen_tokens([twenty,two]),repaired_tokens([twenty,two]),parser_tokens([twenty_,two]),parse_status(ok),parsed_sem('1X+20'(2)))
2026-03-07T03:12:39 | parse_session | parse_case(semantic('1X+20'(3)),gen_status(ok),gen_tokens([twenty,three]),repaired_tokens([twenty,three]),parser_tokens([twenty_,three]),parse_status(ok),parsed_sem('1X+20'(3)))
2026-03-07T03:12:39 | parse_session | parse_case(semantic('1X+20'(4)),gen_status(ok),gen_tokens([twenty]),repaired_tokens([twenty,four]),parser_tokens([twenty_,four]),parse_status(ok),parsed_sem('1X+20'(4)))
2026-03-07T03:12:39 | parse_session | parse_case(semantic('1X+20'(5)),gen_status(ok),gen_tokens([twenty,five]),repaired_tokens([twenty,five]),parser_tokens([twenty_,five]),parse_status(ok),parsed_sem('1X+20'(5)))
2026-03-07T03:12:39 | parse_session | parse_case(semantic('1X+20'(6)),gen_status(ok),gen_tokens([twenty]),repaired_tokens([twenty,six]),parser_tokens([twenty_,six]),parse_status(ok),parsed_sem('1X+20'(6)))
2026-03-07T03:12:39 | parse_session | parse_case(semantic('1X+20'(7)),gen_status(ok),gen_tokens([twenty]),repaired_tokens([twenty,seven]),parser_tokens([twenty_,seven]),parse_status(ok),parsed_sem('1X+20'(7)))
2026-03-07T03:12:39 | parse_session | parse_case(semantic('1X+20'(8)),gen_status(ok),gen_tokens([twenty]),repaired_tokens([twenty,eight]),parser_tokens([twenty_,eight]),parse_status(ok),parsed_sem('1X+20'(8)))
2026-03-07T03:12:39 | parse_session | parse_case(semantic('1X+20'(9)),gen_status(ok),gen_tokens([twenty]),repaired_tokens([twenty,nine]),parser_tokens([twenty_,nine]),parse_status(ok),parsed_sem('1X+20'(9)))
2026-03-07T03:12:39 | parse_session | parse_case(semantic('1X+30'(1)),gen_status(ok),gen_tokens([thirty,one]),repaired_tokens([thirty,one]),parser_tokens([thirty_,one]),parse_status(ok),parsed_sem('1X+30'(1)))
2026-03-07T03:12:39 | parse_session | parse_case(semantic('1X+30'(2)),gen_status(ok),gen_tokens([thirty,two]),repaired_tokens([thirty,two]),parser_tokens([thirty_,two]),parse_status(ok),parsed_sem('1X+30'(2)))
2026-03-07T03:12:39 | parse_session | parse_case(semantic('1X+30'(3)),gen_status(ok),gen_tokens([thirty,three]),repaired_tokens([thirty,three]),parser_tokens([thirty_,three]),parse_status(ok),parsed_sem('1X+30'(3)))
2026-03-07T03:12:39 | parse_session | parse_case(semantic('1X+30'(4)),gen_status(ok),gen_tokens([thirty]),repaired_tokens([thirty,four]),parser_tokens([thirty_,four]),parse_status(ok),parsed_sem('1X+30'(4)))
2026-03-07T03:12:39 | parse_session | parse_case(semantic('1X+30'(5)),gen_status(ok),gen_tokens([thirty,five]),repaired_tokens([thirty,five]),parser_tokens([thirty_,five]),parse_status(ok),parsed_sem('1X+30'(5)))
2026-03-07T03:12:39 | parse_session | parse_case(semantic('1X+30'(6)),gen_status(ok),gen_tokens([thirty]),repaired_tokens([thirty,six]),parser_tokens([thirty_,six]),parse_status(ok),parsed_sem('1X+30'(6)))
2026-03-07T03:12:39 | parse_session | parse_case(semantic('1X+30'(7)),gen_status(ok),gen_tokens([thirty]),repaired_tokens([thirty,seven]),parser_tokens([thirty_,seven]),parse_status(ok),parsed_sem('1X+30'(7)))
2026-03-07T03:12:39 | parse_session | parse_case(semantic('1X+30'(8)),gen_status(ok),gen_tokens([thirty]),repaired_tokens([thirty,eight]),parser_tokens([thirty_,eight]),parse_status(ok),parsed_sem('1X+30'(8)))
2026-03-07T03:12:39 | parse_session | parse_case(semantic('1X+30'(9)),gen_status(ok),gen_tokens([thirty]),repaired_tokens([thirty,nine]),parser_tokens([thirty_,nine]),parse_status(ok),parsed_sem('1X+30'(9)))
2026-03-07T03:12:39 | parse_session | parse_case(semantic('1X+50'(1)),gen_status(ok),gen_tokens([fifty,one]),repaired_tokens([fifty,one]),parser_tokens([fifty_,one]),parse_status(ok),parsed_sem('1X+50'(1)))
2026-03-07T03:12:39 | parse_session | parse_case(semantic('1X+50'(2)),gen_status(ok),gen_tokens([fifty,two]),repaired_tokens([fifty,two]),parser_tokens([fifty_,two]),parse_status(ok),parsed_sem('1X+50'(2)))
2026-03-07T03:12:39 | parse_session | parse_case(semantic('1X+50'(3)),gen_status(ok),gen_tokens([fifty,three]),repaired_tokens([fifty,three]),parser_tokens([fifty_,three]),parse_status(ok),parsed_sem('1X+50'(3)))
2026-03-07T03:12:39 | parse_session | parse_case(semantic('1X+50'(4)),gen_status(ok),gen_tokens([fifty]),repaired_tokens([fifty,four]),parser_tokens([fifty_,four]),parse_status(ok),parsed_sem('1X+50'(4)))
2026-03-07T03:12:39 | parse_session | parse_case(semantic('1X+50'(5)),gen_status(ok),gen_tokens([fifty,five]),repaired_tokens([fifty,five]),parser_tokens([fifty_,five]),parse_status(ok),parsed_sem('1X+50'(5)))
2026-03-07T03:12:39 | parse_session | parse_case(semantic('1X+50'(6)),gen_status(ok),gen_tokens([fifty]),repaired_tokens([fifty,six]),parser_tokens([fifty_,six]),parse_status(ok),parsed_sem('1X+50'(6)))
2026-03-07T03:12:39 | parse_session | parse_case(semantic('1X+50'(7)),gen_status(ok),gen_tokens([fifty]),repaired_tokens([fifty,seven]),parser_tokens([fifty_,seven]),parse_status(ok),parsed_sem('1X+50'(7)))
2026-03-07T03:12:39 | parse_session | parse_case(semantic('1X+50'(8)),gen_status(ok),gen_tokens([fifty]),repaired_tokens([fifty,eight]),parser_tokens([fifty_,eight]),parse_status(ok),parsed_sem('1X+50'(8)))
2026-03-07T03:12:39 | parse_session | parse_case(semantic('1X+50'(9)),gen_status(ok),gen_tokens([fifty]),repaired_tokens([fifty,nine]),parser_tokens([fifty_,nine]),parse_status(ok),parsed_sem('1X+50'(9)))
2026-03-07T03:12:39 | parse_session | parse_case(semantic('1X+40'(4)),gen_status(gen_empty_yield),gen_tokens([]),repaired_tokens([]),parser_tokens([]),parse_status(parse_skipped_empty_tokens),parsed_sem(none))
2026-03-07T03:12:39 | parse_session | parse_case(semantic('1X+60'(4)),gen_status(gen_empty_yield),gen_tokens([]),repaired_tokens([]),parser_tokens([]),parse_status(parse_skipped_empty_tokens),parsed_sem(none))
2026-03-07T03:12:39 | parse_session | parse_case(semantic('1X+70'(4)),gen_status(gen_empty_yield),gen_tokens([]),repaired_tokens([]),parser_tokens([]),parse_status(parse_skipped_empty_tokens),parsed_sem(none))
2026-03-07T03:12:39 | parse_session | parse_case(semantic('1X+80'(4)),gen_status(gen_empty_yield),gen_tokens([]),repaired_tokens([]),parser_tokens([]),parse_status(parse_skipped_empty_tokens),parsed_sem(none))
2026-03-07T03:12:39 | parse_session | parse_case(semantic('1X+90'(4)),gen_status(gen_empty_yield),gen_tokens([]),repaired_tokens([]),parser_tokens([]),parse_status(parse_skipped_empty_tokens),parsed_sem(none))
2026-03-07T03:12:39 | system | parse_run_end
2026-03-07T03:12:39 | system | compare_start
2026-03-07T03:12:39 | compare | case_result(verdict(pass),semantic(1),gen_status(ok),gen_tokens([one]),repaired_tokens([one]),parser_tokens([one]),parse_status(ok),parsed_sem(1))
2026-03-07T03:12:39 | compare | case_result(verdict(pass),semantic(2),gen_status(ok),gen_tokens([two]),repaired_tokens([two]),parser_tokens([two]),parse_status(ok),parsed_sem(2))
2026-03-07T03:12:39 | compare | case_result(verdict(pass),semantic(3),gen_status(ok),gen_tokens([three]),repaired_tokens([three]),parser_tokens([three]),parse_status(ok),parsed_sem(3))
2026-03-07T03:12:39 | compare | case_result(verdict(pass),semantic(4),gen_status(ok),gen_tokens([four]),repaired_tokens([four]),parser_tokens([four]),parse_status(ok),parsed_sem(4))
2026-03-07T03:12:39 | compare | case_result(verdict(pass),semantic(5),gen_status(ok),gen_tokens([five]),repaired_tokens([five]),parser_tokens([five]),parse_status(ok),parsed_sem(5))
2026-03-07T03:12:39 | compare | case_result(verdict(pass),semantic(6),gen_status(ok),gen_tokens([six]),repaired_tokens([six]),parser_tokens([six]),parse_status(ok),parsed_sem(6))
2026-03-07T03:12:39 | compare | case_result(verdict(pass),semantic(7),gen_status(ok),gen_tokens([seven]),repaired_tokens([seven]),parser_tokens([seven]),parse_status(ok),parsed_sem(7))
2026-03-07T03:12:39 | compare | case_result(verdict(pass),semantic(8),gen_status(ok),gen_tokens([eight]),repaired_tokens([eight]),parser_tokens([eight]),parse_status(ok),parsed_sem(8))
2026-03-07T03:12:39 | compare | case_result(verdict(pass),semantic(9),gen_status(ok),gen_tokens([nine]),repaired_tokens([nine]),parser_tokens([nine]),parse_status(ok),parsed_sem(9))
2026-03-07T03:12:39 | compare | case_result(verdict(pass),semantic(10),gen_status(ok),gen_tokens([ten]),repaired_tokens([ten]),parser_tokens([ten]),parse_status(ok),parsed_sem(10))
2026-03-07T03:12:39 | compare | case_result(verdict(pass),semantic(11),gen_status(ok),gen_tokens([eleven]),repaired_tokens([eleven]),parser_tokens([eleven]),parse_status(ok),parsed_sem(11))
2026-03-07T03:12:39 | compare | case_result(verdict(pass),semantic(12),gen_status(ok),gen_tokens([twelve]),repaired_tokens([twelve]),parser_tokens([twelve]),parse_status(ok),parsed_sem(12))
2026-03-07T03:12:39 | compare | case_result(verdict(pass),semantic(13),gen_status(ok),gen_tokens([thirteen]),repaired_tokens([thirteen]),parser_tokens([thirteen]),parse_status(ok),parsed_sem(13))
2026-03-07T03:12:39 | compare | case_result(verdict(pass),semantic(15),gen_status(ok),gen_tokens([fifteen]),repaired_tokens([fifteen]),parser_tokens([fifteen]),parse_status(ok),parsed_sem(15))
2026-03-07T03:12:39 | compare | case_result(verdict(gen_empty_yield),semantic(18),gen_status(gen_empty_yield),gen_tokens([]),repaired_tokens([]),parser_tokens([]),parse_status(parse_skipped_empty_tokens),parsed_sem(none))
2026-03-07T03:12:39 | compare | case_result(verdict(pass),semantic(20),gen_status(ok),gen_tokens([twenty]),repaired_tokens([twenty]),parser_tokens([twenty]),parse_status(ok),parsed_sem(20))
2026-03-07T03:12:39 | compare | case_result(verdict(pass),semantic(30),gen_status(ok),gen_tokens([thirty]),repaired_tokens([thirty]),parser_tokens([thirty]),parse_status(ok),parsed_sem(30))
2026-03-07T03:12:39 | compare | case_result(verdict(pass),semantic(50),gen_status(ok),gen_tokens([fifty]),repaired_tokens([fifty]),parser_tokens([fifty]),parse_status(ok),parsed_sem(50))
2026-03-07T03:12:39 | compare | case_result(verdict(pass),semantic('1X+10'(4)),gen_status(ok),gen_tokens([four,teen]),repaired_tokens([four,teen]),parser_tokens([four,teen]),parse_status(ok),parsed_sem('1X+10'(4)))
2026-03-07T03:12:39 | compare | case_result(verdict(parse_fail),semantic('1X+10'(6)),gen_status(ok),gen_tokens([six,teen]),repaired_tokens([six,teen]),parser_tokens([six,teen]),parse_status(parse_fail),parsed_sem(none))
2026-03-07T03:12:39 | compare | case_result(verdict(parse_fail),semantic('1X+10'(7)),gen_status(ok),gen_tokens([seven,teen]),repaired_tokens([seven,teen]),parser_tokens([seven,teen]),parse_status(parse_fail),parsed_sem(none))
2026-03-07T03:12:39 | compare | case_result(verdict(pass),semantic('0X+18'(8)),gen_status(ok),gen_tokens([eight,een]),repaired_tokens([eight,een]),parser_tokens([eight,een]),parse_status(ok),parsed_sem('0X+18'(8)))
2026-03-07T03:12:39 | compare | case_result(verdict(parse_fail),semantic('1X+10'(9)),gen_status(ok),gen_tokens([nine,teen]),repaired_tokens([nine,teen]),parser_tokens([nine,teen]),parse_status(parse_fail),parsed_sem(none))
2026-03-07T03:12:39 | compare | case_result(verdict(pass),semantic('1X+20'(1)),gen_status(ok),gen_tokens([twenty,one]),repaired_tokens([twenty,one]),parser_tokens([twenty_,one]),parse_status(ok),parsed_sem('1X+20'(1)))
2026-03-07T03:12:39 | compare | case_result(verdict(pass),semantic('1X+20'(2)),gen_status(ok),gen_tokens([twenty,two]),repaired_tokens([twenty,two]),parser_tokens([twenty_,two]),parse_status(ok),parsed_sem('1X+20'(2)))
2026-03-07T03:12:39 | compare | case_result(verdict(pass),semantic('1X+20'(3)),gen_status(ok),gen_tokens([twenty,three]),repaired_tokens([twenty,three]),parser_tokens([twenty_,three]),parse_status(ok),parsed_sem('1X+20'(3)))
2026-03-07T03:12:39 | compare | case_result(verdict(pass_repaired),semantic('1X+20'(4)),gen_status(ok),gen_tokens([twenty]),repaired_tokens([twenty,four]),parser_tokens([twenty_,four]),parse_status(ok),parsed_sem('1X+20'(4)))
2026-03-07T03:12:39 | compare | case_result(verdict(pass),semantic('1X+20'(5)),gen_status(ok),gen_tokens([twenty,five]),repaired_tokens([twenty,five]),parser_tokens([twenty_,five]),parse_status(ok),parsed_sem('1X+20'(5)))
2026-03-07T03:12:39 | compare | case_result(verdict(pass_repaired),semantic('1X+20'(6)),gen_status(ok),gen_tokens([twenty]),repaired_tokens([twenty,six]),parser_tokens([twenty_,six]),parse_status(ok),parsed_sem('1X+20'(6)))
2026-03-07T03:12:39 | compare | case_result(verdict(pass_repaired),semantic('1X+20'(7)),gen_status(ok),gen_tokens([twenty]),repaired_tokens([twenty,seven]),parser_tokens([twenty_,seven]),parse_status(ok),parsed_sem('1X+20'(7)))
2026-03-07T03:12:39 | compare | case_result(verdict(pass_repaired),semantic('1X+20'(8)),gen_status(ok),gen_tokens([twenty]),repaired_tokens([twenty,eight]),parser_tokens([twenty_,eight]),parse_status(ok),parsed_sem('1X+20'(8)))
2026-03-07T03:12:39 | compare | case_result(verdict(pass_repaired),semantic('1X+20'(9)),gen_status(ok),gen_tokens([twenty]),repaired_tokens([twenty,nine]),parser_tokens([twenty_,nine]),parse_status(ok),parsed_sem('1X+20'(9)))
2026-03-07T03:12:39 | compare | case_result(verdict(pass),semantic('1X+30'(1)),gen_status(ok),gen_tokens([thirty,one]),repaired_tokens([thirty,one]),parser_tokens([thirty_,one]),parse_status(ok),parsed_sem('1X+30'(1)))
2026-03-07T03:12:39 | compare | case_result(verdict(pass),semantic('1X+30'(2)),gen_status(ok),gen_tokens([thirty,two]),repaired_tokens([thirty,two]),parser_tokens([thirty_,two]),parse_status(ok),parsed_sem('1X+30'(2)))
2026-03-07T03:12:39 | compare | case_result(verdict(pass),semantic('1X+30'(3)),gen_status(ok),gen_tokens([thirty,three]),repaired_tokens([thirty,three]),parser_tokens([thirty_,three]),parse_status(ok),parsed_sem('1X+30'(3)))
2026-03-07T03:12:39 | compare | case_result(verdict(pass_repaired),semantic('1X+30'(4)),gen_status(ok),gen_tokens([thirty]),repaired_tokens([thirty,four]),parser_tokens([thirty_,four]),parse_status(ok),parsed_sem('1X+30'(4)))
2026-03-07T03:12:39 | compare | case_result(verdict(pass),semantic('1X+30'(5)),gen_status(ok),gen_tokens([thirty,five]),repaired_tokens([thirty,five]),parser_tokens([thirty_,five]),parse_status(ok),parsed_sem('1X+30'(5)))
2026-03-07T03:12:39 | compare | case_result(verdict(pass_repaired),semantic('1X+30'(6)),gen_status(ok),gen_tokens([thirty]),repaired_tokens([thirty,six]),parser_tokens([thirty_,six]),parse_status(ok),parsed_sem('1X+30'(6)))
2026-03-07T03:12:39 | compare | case_result(verdict(pass_repaired),semantic('1X+30'(7)),gen_status(ok),gen_tokens([thirty]),repaired_tokens([thirty,seven]),parser_tokens([thirty_,seven]),parse_status(ok),parsed_sem('1X+30'(7)))
2026-03-07T03:12:39 | compare | case_result(verdict(pass_repaired),semantic('1X+30'(8)),gen_status(ok),gen_tokens([thirty]),repaired_tokens([thirty,eight]),parser_tokens([thirty_,eight]),parse_status(ok),parsed_sem('1X+30'(8)))
2026-03-07T03:12:39 | compare | case_result(verdict(pass_repaired),semantic('1X+30'(9)),gen_status(ok),gen_tokens([thirty]),repaired_tokens([thirty,nine]),parser_tokens([thirty_,nine]),parse_status(ok),parsed_sem('1X+30'(9)))
2026-03-07T03:12:39 | compare | case_result(verdict(pass),semantic('1X+50'(1)),gen_status(ok),gen_tokens([fifty,one]),repaired_tokens([fifty,one]),parser_tokens([fifty_,one]),parse_status(ok),parsed_sem('1X+50'(1)))
2026-03-07T03:12:39 | compare | case_result(verdict(pass),semantic('1X+50'(2)),gen_status(ok),gen_tokens([fifty,two]),repaired_tokens([fifty,two]),parser_tokens([fifty_,two]),parse_status(ok),parsed_sem('1X+50'(2)))
2026-03-07T03:12:39 | compare | case_result(verdict(pass),semantic('1X+50'(3)),gen_status(ok),gen_tokens([fifty,three]),repaired_tokens([fifty,three]),parser_tokens([fifty_,three]),parse_status(ok),parsed_sem('1X+50'(3)))
2026-03-07T03:12:39 | compare | case_result(verdict(pass_repaired),semantic('1X+50'(4)),gen_status(ok),gen_tokens([fifty]),repaired_tokens([fifty,four]),parser_tokens([fifty_,four]),parse_status(ok),parsed_sem('1X+50'(4)))
2026-03-07T03:12:39 | compare | case_result(verdict(pass),semantic('1X+50'(5)),gen_status(ok),gen_tokens([fifty,five]),repaired_tokens([fifty,five]),parser_tokens([fifty_,five]),parse_status(ok),parsed_sem('1X+50'(5)))
2026-03-07T03:12:39 | compare | case_result(verdict(pass_repaired),semantic('1X+50'(6)),gen_status(ok),gen_tokens([fifty]),repaired_tokens([fifty,six]),parser_tokens([fifty_,six]),parse_status(ok),parsed_sem('1X+50'(6)))
2026-03-07T03:12:39 | compare | case_result(verdict(pass_repaired),semantic('1X+50'(7)),gen_status(ok),gen_tokens([fifty]),repaired_tokens([fifty,seven]),parser_tokens([fifty_,seven]),parse_status(ok),parsed_sem('1X+50'(7)))
2026-03-07T03:12:39 | compare | case_result(verdict(pass_repaired),semantic('1X+50'(8)),gen_status(ok),gen_tokens([fifty]),repaired_tokens([fifty,eight]),parser_tokens([fifty_,eight]),parse_status(ok),parsed_sem('1X+50'(8)))
2026-03-07T03:12:39 | compare | case_result(verdict(pass_repaired),semantic('1X+50'(9)),gen_status(ok),gen_tokens([fifty]),repaired_tokens([fifty,nine]),parser_tokens([fifty_,nine]),parse_status(ok),parsed_sem('1X+50'(9)))
2026-03-07T03:12:39 | compare | case_result(verdict(gen_empty_yield),semantic('1X+40'(4)),gen_status(gen_empty_yield),gen_tokens([]),repaired_tokens([]),parser_tokens([]),parse_status(parse_skipped_empty_tokens),parsed_sem(none))
2026-03-07T03:12:39 | compare | case_result(verdict(gen_empty_yield),semantic('1X+60'(4)),gen_status(gen_empty_yield),gen_tokens([]),repaired_tokens([]),parser_tokens([]),parse_status(parse_skipped_empty_tokens),parsed_sem(none))
2026-03-07T03:12:39 | compare | case_result(verdict(gen_empty_yield),semantic('1X+70'(4)),gen_status(gen_empty_yield),gen_tokens([]),repaired_tokens([]),parser_tokens([]),parse_status(parse_skipped_empty_tokens),parsed_sem(none))
2026-03-07T03:12:39 | compare | case_result(verdict(gen_empty_yield),semantic('1X+80'(4)),gen_status(gen_empty_yield),gen_tokens([]),repaired_tokens([]),parser_tokens([]),parse_status(parse_skipped_empty_tokens),parsed_sem(none))
2026-03-07T03:12:39 | compare | case_result(verdict(gen_empty_yield),semantic('1X+90'(4)),gen_status(gen_empty_yield),gen_tokens([]),repaired_tokens([]),parser_tokens([]),parse_status(parse_skipped_empty_tokens),parsed_sem(none))
2026-03-07T03:12:39 | compare | totals(pass(31),pass_repaired(15),gen_empty_yield(6),gen_fail(0),gen_error(0),parse_skipped_empty_tokens(0),parse_fail(3),semantic_mismatch(0))
2026-03-07T03:12:39 | system | compare_end
2026-03-07T03:39:12 | system | gen_run_start
2026-03-07T03:39:12 | gen_session | gen_case(semantic(1),status(ok),tokens([one]),sentence(one))
2026-03-07T03:39:12 | gen_session | gen_case(semantic(2),status(ok),tokens([two]),sentence(two))
2026-03-07T03:39:12 | gen_session | gen_case(semantic(3),status(ok),tokens([three]),sentence(three))
2026-03-07T03:39:12 | gen_session | gen_case(semantic(4),status(ok),tokens([four]),sentence(four))
2026-03-07T03:39:12 | gen_session | gen_case(semantic(5),status(ok),tokens([five]),sentence(five))
2026-03-07T03:39:12 | gen_session | gen_case(semantic(6),status(ok),tokens([six]),sentence(six))
2026-03-07T03:39:12 | gen_session | gen_case(semantic(7),status(ok),tokens([seven]),sentence(seven))
2026-03-07T03:39:12 | gen_session | gen_case(semantic(8),status(ok),tokens([eight]),sentence(eight))
2026-03-07T03:39:12 | gen_session | gen_case(semantic(9),status(ok),tokens([nine]),sentence(nine))
2026-03-07T03:39:12 | gen_session | gen_case(semantic(10),status(ok),tokens([ten]),sentence(ten))
2026-03-07T03:39:12 | gen_session | gen_case(semantic(11),status(ok),tokens([eleven]),sentence(eleven))
2026-03-07T03:39:12 | gen_session | gen_case(semantic(12),status(ok),tokens([twelve]),sentence(twelve))
2026-03-07T03:39:12 | gen_session | gen_case(semantic(13),status(ok),tokens([thirteen]),sentence(thirteen))
2026-03-07T03:39:12 | gen_session | gen_case(semantic(15),status(ok),tokens([fifteen]),sentence(fifteen))
2026-03-07T03:39:12 | gen_session | gen_case(semantic(18),status(gen_empty_yield),tokens([]),sentence(''))
2026-03-07T03:39:12 | gen_session | gen_case(semantic(20),status(ok),tokens([twenty]),sentence(twenty))
2026-03-07T03:39:12 | gen_session | gen_case(semantic(30),status(ok),tokens([thirty]),sentence(thirty))
2026-03-07T03:39:12 | gen_session | gen_case(semantic(50),status(ok),tokens([fifty]),sentence(fifty))
2026-03-07T03:39:12 | gen_session | gen_case(semantic('1X+10'(4)),status(ok),tokens([four,teen]),sentence(fourteen))
2026-03-07T03:39:12 | gen_session | gen_case(semantic('1X+10'(6)),status(ok),tokens([six,teen]),sentence(sixteen))
2026-03-07T03:39:12 | gen_session | gen_case(semantic('1X+10'(7)),status(ok),tokens([seven,teen]),sentence(seventeen))
2026-03-07T03:39:12 | gen_session | gen_case(semantic('0X+18'(8)),status(ok),tokens([eight,een]),sentence(eighteen))
2026-03-07T03:39:12 | gen_session | gen_case(semantic('1X+10'(9)),status(ok),tokens([nine,teen]),sentence(nineteen))
2026-03-07T03:39:12 | gen_session | gen_case(semantic('1X+20'(1)),status(ok),tokens([twenty,one]),sentence(twentyone))
2026-03-07T03:39:12 | gen_session | gen_case(semantic('1X+20'(2)),status(ok),tokens([twenty,two]),sentence(twentytwo))
2026-03-07T03:39:12 | gen_session | gen_case(semantic('1X+20'(3)),status(ok),tokens([twenty,three]),sentence(twentythree))
2026-03-07T03:39:12 | gen_session | gen_case(semantic('1X+20'(4)),status(ok),tokens([twenty]),sentence(twenty))
2026-03-07T03:39:12 | gen_session | gen_case(semantic('1X+20'(5)),status(ok),tokens([twenty,five]),sentence(twentyfive))
2026-03-07T03:39:12 | gen_session | gen_case(semantic('1X+20'(6)),status(ok),tokens([twenty]),sentence(twenty))
2026-03-07T03:39:12 | gen_session | gen_case(semantic('1X+20'(7)),status(ok),tokens([twenty]),sentence(twenty))
2026-03-07T03:39:12 | gen_session | gen_case(semantic('1X+20'(8)),status(ok),tokens([twenty]),sentence(twenty))
2026-03-07T03:39:12 | gen_session | gen_case(semantic('1X+20'(9)),status(ok),tokens([twenty]),sentence(twenty))
2026-03-07T03:39:12 | gen_session | gen_case(semantic('1X+30'(1)),status(ok),tokens([thirty,one]),sentence(thirtyone))
2026-03-07T03:39:12 | gen_session | gen_case(semantic('1X+30'(2)),status(ok),tokens([thirty,two]),sentence(thirtytwo))
2026-03-07T03:39:12 | gen_session | gen_case(semantic('1X+30'(3)),status(ok),tokens([thirty,three]),sentence(thirtythree))
2026-03-07T03:39:12 | gen_session | gen_case(semantic('1X+30'(4)),status(ok),tokens([thirty]),sentence(thirty))
2026-03-07T03:39:12 | gen_session | gen_case(semantic('1X+30'(5)),status(ok),tokens([thirty,five]),sentence(thirtyfive))
2026-03-07T03:39:12 | gen_session | gen_case(semantic('1X+30'(6)),status(ok),tokens([thirty]),sentence(thirty))
2026-03-07T03:39:12 | gen_session | gen_case(semantic('1X+30'(7)),status(ok),tokens([thirty]),sentence(thirty))
2026-03-07T03:39:12 | gen_session | gen_case(semantic('1X+30'(8)),status(ok),tokens([thirty]),sentence(thirty))
2026-03-07T03:39:12 | gen_session | gen_case(semantic('1X+30'(9)),status(ok),tokens([thirty]),sentence(thirty))
2026-03-07T03:39:12 | gen_session | gen_case(semantic('1X+50'(1)),status(ok),tokens([fifty,one]),sentence(fiftyone))
2026-03-07T03:39:12 | gen_session | gen_case(semantic('1X+50'(2)),status(ok),tokens([fifty,two]),sentence(fiftytwo))
2026-03-07T03:39:12 | gen_session | gen_case(semantic('1X+50'(3)),status(ok),tokens([fifty,three]),sentence(fiftythree))
2026-03-07T03:39:12 | gen_session | gen_case(semantic('1X+50'(4)),status(ok),tokens([fifty]),sentence(fifty))
2026-03-07T03:39:12 | gen_session | gen_case(semantic('1X+50'(5)),status(ok),tokens([fifty,five]),sentence(fiftyfive))
2026-03-07T03:39:12 | gen_session | gen_case(semantic('1X+50'(6)),status(ok),tokens([fifty]),sentence(fifty))
2026-03-07T03:39:12 | gen_session | gen_case(semantic('1X+50'(7)),status(ok),tokens([fifty]),sentence(fifty))
2026-03-07T03:39:12 | gen_session | gen_case(semantic('1X+50'(8)),status(ok),tokens([fifty]),sentence(fifty))
2026-03-07T03:39:12 | gen_session | gen_case(semantic('1X+50'(9)),status(ok),tokens([fifty]),sentence(fifty))
2026-03-07T03:39:12 | gen_session | gen_case(semantic('1X+40'(4)),status(gen_empty_yield),tokens([]),sentence(''))
2026-03-07T03:39:12 | gen_session | gen_case(semantic('1X+60'(4)),status(gen_empty_yield),tokens([]),sentence(''))
2026-03-07T03:39:12 | gen_session | gen_case(semantic('1X+70'(4)),status(gen_empty_yield),tokens([]),sentence(''))
2026-03-07T03:39:12 | gen_session | gen_case(semantic('1X+80'(4)),status(gen_empty_yield),tokens([]),sentence(''))
2026-03-07T03:39:12 | gen_session | gen_case(semantic('1X+90'(4)),status(gen_empty_yield),tokens([]),sentence(''))
2026-03-07T03:39:12 | system | gen_run_end
2026-03-07T03:39:12 | system | parse_run_start
2026-03-07T03:39:13 | parse_session | parse_case(semantic(1),gen_status(ok),gen_tokens([one]),repaired_tokens([one]),parser_tokens([one]),parse_status(ok),parsed_sem(1))
2026-03-07T03:39:13 | parse_session | parse_case(semantic(2),gen_status(ok),gen_tokens([two]),repaired_tokens([two]),parser_tokens([two]),parse_status(ok),parsed_sem(2))
2026-03-07T03:39:13 | parse_session | parse_case(semantic(3),gen_status(ok),gen_tokens([three]),repaired_tokens([three]),parser_tokens([three]),parse_status(ok),parsed_sem(3))
2026-03-07T03:39:13 | parse_session | parse_case(semantic(4),gen_status(ok),gen_tokens([four]),repaired_tokens([four]),parser_tokens([four]),parse_status(ok),parsed_sem(4))
2026-03-07T03:39:13 | parse_session | parse_case(semantic(5),gen_status(ok),gen_tokens([five]),repaired_tokens([five]),parser_tokens([five]),parse_status(ok),parsed_sem(5))
2026-03-07T03:39:13 | parse_session | parse_case(semantic(6),gen_status(ok),gen_tokens([six]),repaired_tokens([six]),parser_tokens([six]),parse_status(ok),parsed_sem(6))
2026-03-07T03:39:13 | parse_session | parse_case(semantic(7),gen_status(ok),gen_tokens([seven]),repaired_tokens([seven]),parser_tokens([seven]),parse_status(ok),parsed_sem(7))
2026-03-07T03:39:13 | parse_session | parse_case(semantic(8),gen_status(ok),gen_tokens([eight]),repaired_tokens([eight]),parser_tokens([eight]),parse_status(ok),parsed_sem(8))
2026-03-07T03:39:13 | parse_session | parse_case(semantic(9),gen_status(ok),gen_tokens([nine]),repaired_tokens([nine]),parser_tokens([nine]),parse_status(ok),parsed_sem(9))
2026-03-07T03:39:13 | parse_session | parse_case(semantic(10),gen_status(ok),gen_tokens([ten]),repaired_tokens([ten]),parser_tokens([ten]),parse_status(ok),parsed_sem(10))
2026-03-07T03:39:13 | parse_session | parse_case(semantic(11),gen_status(ok),gen_tokens([eleven]),repaired_tokens([eleven]),parser_tokens([eleven]),parse_status(ok),parsed_sem(11))
2026-03-07T03:39:13 | parse_session | parse_case(semantic(12),gen_status(ok),gen_tokens([twelve]),repaired_tokens([twelve]),parser_tokens([twelve]),parse_status(ok),parsed_sem(12))
2026-03-07T03:39:13 | parse_session | parse_case(semantic(13),gen_status(ok),gen_tokens([thirteen]),repaired_tokens([thirteen]),parser_tokens([thirteen]),parse_status(ok),parsed_sem(13))
2026-03-07T03:39:13 | parse_session | parse_case(semantic(15),gen_status(ok),gen_tokens([fifteen]),repaired_tokens([fifteen]),parser_tokens([fifteen]),parse_status(ok),parsed_sem(15))
2026-03-07T03:39:13 | parse_session | parse_case(semantic(18),gen_status(gen_empty_yield),gen_tokens([]),repaired_tokens([]),parser_tokens([]),parse_status(parse_skipped_empty_tokens),parsed_sem(none))
2026-03-07T03:39:13 | parse_session | parse_case(semantic(20),gen_status(ok),gen_tokens([twenty]),repaired_tokens([twenty]),parser_tokens([twenty]),parse_status(ok),parsed_sem(20))
2026-03-07T03:39:13 | parse_session | parse_case(semantic(30),gen_status(ok),gen_tokens([thirty]),repaired_tokens([thirty]),parser_tokens([thirty]),parse_status(ok),parsed_sem(30))
2026-03-07T03:39:13 | parse_session | parse_case(semantic(50),gen_status(ok),gen_tokens([fifty]),repaired_tokens([fifty]),parser_tokens([fifty]),parse_status(ok),parsed_sem(50))
2026-03-07T03:39:13 | parse_session | parse_case(semantic('1X+10'(4)),gen_status(ok),gen_tokens([four,teen]),repaired_tokens([four,teen]),parser_tokens([four,teen]),parse_status(ok),parsed_sem('1X+10'(4)))
2026-03-07T03:39:13 | parse_session | parse_case(semantic('1X+10'(6)),gen_status(ok),gen_tokens([six,teen]),repaired_tokens([six,teen]),parser_tokens([six,teen]),parse_status(parse_fail),parsed_sem(none))
2026-03-07T03:39:13 | parse_session | parse_case(semantic('1X+10'(7)),gen_status(ok),gen_tokens([seven,teen]),repaired_tokens([seven,teen]),parser_tokens([seven,teen]),parse_status(parse_fail),parsed_sem(none))
2026-03-07T03:39:13 | parse_session | parse_case(semantic('0X+18'(8)),gen_status(ok),gen_tokens([eight,een]),repaired_tokens([eight,een]),parser_tokens([eight,een]),parse_status(ok),parsed_sem('0X+18'(8)))
2026-03-07T03:39:13 | parse_session | parse_case(semantic('1X+10'(9)),gen_status(ok),gen_tokens([nine,teen]),repaired_tokens([nine,teen]),parser_tokens([nine,teen]),parse_status(parse_fail),parsed_sem(none))
2026-03-07T03:39:13 | parse_session | parse_case(semantic('1X+20'(1)),gen_status(ok),gen_tokens([twenty,one]),repaired_tokens([twenty,one]),parser_tokens([twenty_,one]),parse_status(ok),parsed_sem('1X+20'(1)))
2026-03-07T03:39:13 | parse_session | parse_case(semantic('1X+20'(2)),gen_status(ok),gen_tokens([twenty,two]),repaired_tokens([twenty,two]),parser_tokens([twenty_,two]),parse_status(ok),parsed_sem('1X+20'(2)))
2026-03-07T03:39:13 | parse_session | parse_case(semantic('1X+20'(3)),gen_status(ok),gen_tokens([twenty,three]),repaired_tokens([twenty,three]),parser_tokens([twenty_,three]),parse_status(ok),parsed_sem('1X+20'(3)))
2026-03-07T03:39:13 | parse_session | parse_case(semantic('1X+20'(4)),gen_status(ok),gen_tokens([twenty]),repaired_tokens([twenty,four]),parser_tokens([twenty_,four]),parse_status(ok),parsed_sem('1X+20'(4)))
2026-03-07T03:39:13 | parse_session | parse_case(semantic('1X+20'(5)),gen_status(ok),gen_tokens([twenty,five]),repaired_tokens([twenty,five]),parser_tokens([twenty_,five]),parse_status(ok),parsed_sem('1X+20'(5)))
2026-03-07T03:39:13 | parse_session | parse_case(semantic('1X+20'(6)),gen_status(ok),gen_tokens([twenty]),repaired_tokens([twenty,six]),parser_tokens([twenty_,six]),parse_status(ok),parsed_sem('1X+20'(6)))
2026-03-07T03:39:13 | parse_session | parse_case(semantic('1X+20'(7)),gen_status(ok),gen_tokens([twenty]),repaired_tokens([twenty,seven]),parser_tokens([twenty_,seven]),parse_status(ok),parsed_sem('1X+20'(7)))
2026-03-07T03:39:13 | parse_session | parse_case(semantic('1X+20'(8)),gen_status(ok),gen_tokens([twenty]),repaired_tokens([twenty,eight]),parser_tokens([twenty_,eight]),parse_status(ok),parsed_sem('1X+20'(8)))
2026-03-07T03:39:13 | parse_session | parse_case(semantic('1X+20'(9)),gen_status(ok),gen_tokens([twenty]),repaired_tokens([twenty,nine]),parser_tokens([twenty_,nine]),parse_status(ok),parsed_sem('1X+20'(9)))
2026-03-07T03:39:13 | parse_session | parse_case(semantic('1X+30'(1)),gen_status(ok),gen_tokens([thirty,one]),repaired_tokens([thirty,one]),parser_tokens([thirty_,one]),parse_status(ok),parsed_sem('1X+30'(1)))
2026-03-07T03:39:13 | parse_session | parse_case(semantic('1X+30'(2)),gen_status(ok),gen_tokens([thirty,two]),repaired_tokens([thirty,two]),parser_tokens([thirty_,two]),parse_status(ok),parsed_sem('1X+30'(2)))
2026-03-07T03:39:13 | parse_session | parse_case(semantic('1X+30'(3)),gen_status(ok),gen_tokens([thirty,three]),repaired_tokens([thirty,three]),parser_tokens([thirty_,three]),parse_status(ok),parsed_sem('1X+30'(3)))
2026-03-07T03:39:13 | parse_session | parse_case(semantic('1X+30'(4)),gen_status(ok),gen_tokens([thirty]),repaired_tokens([thirty,four]),parser_tokens([thirty_,four]),parse_status(ok),parsed_sem('1X+30'(4)))
2026-03-07T03:39:13 | parse_session | parse_case(semantic('1X+30'(5)),gen_status(ok),gen_tokens([thirty,five]),repaired_tokens([thirty,five]),parser_tokens([thirty_,five]),parse_status(ok),parsed_sem('1X+30'(5)))
2026-03-07T03:39:13 | parse_session | parse_case(semantic('1X+30'(6)),gen_status(ok),gen_tokens([thirty]),repaired_tokens([thirty,six]),parser_tokens([thirty_,six]),parse_status(ok),parsed_sem('1X+30'(6)))
2026-03-07T03:39:13 | parse_session | parse_case(semantic('1X+30'(7)),gen_status(ok),gen_tokens([thirty]),repaired_tokens([thirty,seven]),parser_tokens([thirty_,seven]),parse_status(ok),parsed_sem('1X+30'(7)))
2026-03-07T03:39:13 | parse_session | parse_case(semantic('1X+30'(8)),gen_status(ok),gen_tokens([thirty]),repaired_tokens([thirty,eight]),parser_tokens([thirty_,eight]),parse_status(ok),parsed_sem('1X+30'(8)))
2026-03-07T03:39:13 | parse_session | parse_case(semantic('1X+30'(9)),gen_status(ok),gen_tokens([thirty]),repaired_tokens([thirty,nine]),parser_tokens([thirty_,nine]),parse_status(ok),parsed_sem('1X+30'(9)))
2026-03-07T03:39:13 | parse_session | parse_case(semantic('1X+50'(1)),gen_status(ok),gen_tokens([fifty,one]),repaired_tokens([fifty,one]),parser_tokens([fifty_,one]),parse_status(ok),parsed_sem('1X+50'(1)))
2026-03-07T03:39:13 | parse_session | parse_case(semantic('1X+50'(2)),gen_status(ok),gen_tokens([fifty,two]),repaired_tokens([fifty,two]),parser_tokens([fifty_,two]),parse_status(ok),parsed_sem('1X+50'(2)))
2026-03-07T03:39:13 | parse_session | parse_case(semantic('1X+50'(3)),gen_status(ok),gen_tokens([fifty,three]),repaired_tokens([fifty,three]),parser_tokens([fifty_,three]),parse_status(ok),parsed_sem('1X+50'(3)))
2026-03-07T03:39:13 | parse_session | parse_case(semantic('1X+50'(4)),gen_status(ok),gen_tokens([fifty]),repaired_tokens([fifty,four]),parser_tokens([fifty_,four]),parse_status(ok),parsed_sem('1X+50'(4)))
2026-03-07T03:39:13 | parse_session | parse_case(semantic('1X+50'(5)),gen_status(ok),gen_tokens([fifty,five]),repaired_tokens([fifty,five]),parser_tokens([fifty_,five]),parse_status(ok),parsed_sem('1X+50'(5)))
2026-03-07T03:39:13 | parse_session | parse_case(semantic('1X+50'(6)),gen_status(ok),gen_tokens([fifty]),repaired_tokens([fifty,six]),parser_tokens([fifty_,six]),parse_status(ok),parsed_sem('1X+50'(6)))
2026-03-07T03:39:13 | parse_session | parse_case(semantic('1X+50'(7)),gen_status(ok),gen_tokens([fifty]),repaired_tokens([fifty,seven]),parser_tokens([fifty_,seven]),parse_status(ok),parsed_sem('1X+50'(7)))
2026-03-07T03:39:13 | parse_session | parse_case(semantic('1X+50'(8)),gen_status(ok),gen_tokens([fifty]),repaired_tokens([fifty,eight]),parser_tokens([fifty_,eight]),parse_status(ok),parsed_sem('1X+50'(8)))
2026-03-07T03:39:13 | parse_session | parse_case(semantic('1X+50'(9)),gen_status(ok),gen_tokens([fifty]),repaired_tokens([fifty,nine]),parser_tokens([fifty_,nine]),parse_status(ok),parsed_sem('1X+50'(9)))
2026-03-07T03:39:13 | parse_session | parse_case(semantic('1X+40'(4)),gen_status(gen_empty_yield),gen_tokens([]),repaired_tokens([]),parser_tokens([]),parse_status(parse_skipped_empty_tokens),parsed_sem(none))
2026-03-07T03:39:13 | parse_session | parse_case(semantic('1X+60'(4)),gen_status(gen_empty_yield),gen_tokens([]),repaired_tokens([]),parser_tokens([]),parse_status(parse_skipped_empty_tokens),parsed_sem(none))
2026-03-07T03:39:13 | parse_session | parse_case(semantic('1X+70'(4)),gen_status(gen_empty_yield),gen_tokens([]),repaired_tokens([]),parser_tokens([]),parse_status(parse_skipped_empty_tokens),parsed_sem(none))
2026-03-07T03:39:13 | parse_session | parse_case(semantic('1X+80'(4)),gen_status(gen_empty_yield),gen_tokens([]),repaired_tokens([]),parser_tokens([]),parse_status(parse_skipped_empty_tokens),parsed_sem(none))
2026-03-07T03:39:13 | parse_session | parse_case(semantic('1X+90'(4)),gen_status(gen_empty_yield),gen_tokens([]),repaired_tokens([]),parser_tokens([]),parse_status(parse_skipped_empty_tokens),parsed_sem(none))
2026-03-07T03:39:13 | system | parse_run_end
2026-03-07T03:39:13 | system | compare_start
2026-03-07T03:39:13 | compare | case_result(verdict(pass),semantic(1),gen_status(ok),gen_tokens([one]),repaired_tokens([one]),parser_tokens([one]),parse_status(ok),parsed_sem(1))
2026-03-07T03:39:13 | compare | case_result(verdict(pass),semantic(2),gen_status(ok),gen_tokens([two]),repaired_tokens([two]),parser_tokens([two]),parse_status(ok),parsed_sem(2))
2026-03-07T03:39:13 | compare | case_result(verdict(pass),semantic(3),gen_status(ok),gen_tokens([three]),repaired_tokens([three]),parser_tokens([three]),parse_status(ok),parsed_sem(3))
2026-03-07T03:39:13 | compare | case_result(verdict(pass),semantic(4),gen_status(ok),gen_tokens([four]),repaired_tokens([four]),parser_tokens([four]),parse_status(ok),parsed_sem(4))
2026-03-07T03:39:13 | compare | case_result(verdict(pass),semantic(5),gen_status(ok),gen_tokens([five]),repaired_tokens([five]),parser_tokens([five]),parse_status(ok),parsed_sem(5))
2026-03-07T03:39:13 | compare | case_result(verdict(pass),semantic(6),gen_status(ok),gen_tokens([six]),repaired_tokens([six]),parser_tokens([six]),parse_status(ok),parsed_sem(6))
2026-03-07T03:39:13 | compare | case_result(verdict(pass),semantic(7),gen_status(ok),gen_tokens([seven]),repaired_tokens([seven]),parser_tokens([seven]),parse_status(ok),parsed_sem(7))
2026-03-07T03:39:13 | compare | case_result(verdict(pass),semantic(8),gen_status(ok),gen_tokens([eight]),repaired_tokens([eight]),parser_tokens([eight]),parse_status(ok),parsed_sem(8))
2026-03-07T03:39:13 | compare | case_result(verdict(pass),semantic(9),gen_status(ok),gen_tokens([nine]),repaired_tokens([nine]),parser_tokens([nine]),parse_status(ok),parsed_sem(9))
2026-03-07T03:39:13 | compare | case_result(verdict(pass),semantic(10),gen_status(ok),gen_tokens([ten]),repaired_tokens([ten]),parser_tokens([ten]),parse_status(ok),parsed_sem(10))
2026-03-07T03:39:13 | compare | case_result(verdict(pass),semantic(11),gen_status(ok),gen_tokens([eleven]),repaired_tokens([eleven]),parser_tokens([eleven]),parse_status(ok),parsed_sem(11))
2026-03-07T03:39:13 | compare | case_result(verdict(pass),semantic(12),gen_status(ok),gen_tokens([twelve]),repaired_tokens([twelve]),parser_tokens([twelve]),parse_status(ok),parsed_sem(12))
2026-03-07T03:39:13 | compare | case_result(verdict(pass),semantic(13),gen_status(ok),gen_tokens([thirteen]),repaired_tokens([thirteen]),parser_tokens([thirteen]),parse_status(ok),parsed_sem(13))
2026-03-07T03:39:13 | compare | case_result(verdict(pass),semantic(15),gen_status(ok),gen_tokens([fifteen]),repaired_tokens([fifteen]),parser_tokens([fifteen]),parse_status(ok),parsed_sem(15))
2026-03-07T03:39:13 | compare | case_result(verdict(gen_empty_yield),semantic(18),gen_status(gen_empty_yield),gen_tokens([]),repaired_tokens([]),parser_tokens([]),parse_status(parse_skipped_empty_tokens),parsed_sem(none))
2026-03-07T03:39:13 | compare | case_result(verdict(pass),semantic(20),gen_status(ok),gen_tokens([twenty]),repaired_tokens([twenty]),parser_tokens([twenty]),parse_status(ok),parsed_sem(20))
2026-03-07T03:39:13 | compare | case_result(verdict(pass),semantic(30),gen_status(ok),gen_tokens([thirty]),repaired_tokens([thirty]),parser_tokens([thirty]),parse_status(ok),parsed_sem(30))
2026-03-07T03:39:13 | compare | case_result(verdict(pass),semantic(50),gen_status(ok),gen_tokens([fifty]),repaired_tokens([fifty]),parser_tokens([fifty]),parse_status(ok),parsed_sem(50))
2026-03-07T03:39:13 | compare | case_result(verdict(pass),semantic('1X+10'(4)),gen_status(ok),gen_tokens([four,teen]),repaired_tokens([four,teen]),parser_tokens([four,teen]),parse_status(ok),parsed_sem('1X+10'(4)))
2026-03-07T03:39:13 | compare | case_result(verdict(parse_fail),semantic('1X+10'(6)),gen_status(ok),gen_tokens([six,teen]),repaired_tokens([six,teen]),parser_tokens([six,teen]),parse_status(parse_fail),parsed_sem(none))
2026-03-07T03:39:13 | compare | case_result(verdict(parse_fail),semantic('1X+10'(7)),gen_status(ok),gen_tokens([seven,teen]),repaired_tokens([seven,teen]),parser_tokens([seven,teen]),parse_status(parse_fail),parsed_sem(none))
2026-03-07T03:39:13 | compare | case_result(verdict(pass),semantic('0X+18'(8)),gen_status(ok),gen_tokens([eight,een]),repaired_tokens([eight,een]),parser_tokens([eight,een]),parse_status(ok),parsed_sem('0X+18'(8)))
2026-03-07T03:39:13 | compare | case_result(verdict(parse_fail),semantic('1X+10'(9)),gen_status(ok),gen_tokens([nine,teen]),repaired_tokens([nine,teen]),parser_tokens([nine,teen]),parse_status(parse_fail),parsed_sem(none))
2026-03-07T03:39:13 | compare | case_result(verdict(pass),semantic('1X+20'(1)),gen_status(ok),gen_tokens([twenty,one]),repaired_tokens([twenty,one]),parser_tokens([twenty_,one]),parse_status(ok),parsed_sem('1X+20'(1)))
2026-03-07T03:39:13 | compare | case_result(verdict(pass),semantic('1X+20'(2)),gen_status(ok),gen_tokens([twenty,two]),repaired_tokens([twenty,two]),parser_tokens([twenty_,two]),parse_status(ok),parsed_sem('1X+20'(2)))
2026-03-07T03:39:13 | compare | case_result(verdict(pass),semantic('1X+20'(3)),gen_status(ok),gen_tokens([twenty,three]),repaired_tokens([twenty,three]),parser_tokens([twenty_,three]),parse_status(ok),parsed_sem('1X+20'(3)))
2026-03-07T03:39:13 | compare | case_result(verdict(pass_repaired),semantic('1X+20'(4)),gen_status(ok),gen_tokens([twenty]),repaired_tokens([twenty,four]),parser_tokens([twenty_,four]),parse_status(ok),parsed_sem('1X+20'(4)))
2026-03-07T03:39:13 | compare | case_result(verdict(pass),semantic('1X+20'(5)),gen_status(ok),gen_tokens([twenty,five]),repaired_tokens([twenty,five]),parser_tokens([twenty_,five]),parse_status(ok),parsed_sem('1X+20'(5)))
2026-03-07T03:39:13 | compare | case_result(verdict(pass_repaired),semantic('1X+20'(6)),gen_status(ok),gen_tokens([twenty]),repaired_tokens([twenty,six]),parser_tokens([twenty_,six]),parse_status(ok),parsed_sem('1X+20'(6)))
2026-03-07T03:39:13 | compare | case_result(verdict(pass_repaired),semantic('1X+20'(7)),gen_status(ok),gen_tokens([twenty]),repaired_tokens([twenty,seven]),parser_tokens([twenty_,seven]),parse_status(ok),parsed_sem('1X+20'(7)))
2026-03-07T03:39:13 | compare | case_result(verdict(pass_repaired),semantic('1X+20'(8)),gen_status(ok),gen_tokens([twenty]),repaired_tokens([twenty,eight]),parser_tokens([twenty_,eight]),parse_status(ok),parsed_sem('1X+20'(8)))
2026-03-07T03:39:13 | compare | case_result(verdict(pass_repaired),semantic('1X+20'(9)),gen_status(ok),gen_tokens([twenty]),repaired_tokens([twenty,nine]),parser_tokens([twenty_,nine]),parse_status(ok),parsed_sem('1X+20'(9)))
2026-03-07T03:39:13 | compare | case_result(verdict(pass),semantic('1X+30'(1)),gen_status(ok),gen_tokens([thirty,one]),repaired_tokens([thirty,one]),parser_tokens([thirty_,one]),parse_status(ok),parsed_sem('1X+30'(1)))
2026-03-07T03:39:13 | compare | case_result(verdict(pass),semantic('1X+30'(2)),gen_status(ok),gen_tokens([thirty,two]),repaired_tokens([thirty,two]),parser_tokens([thirty_,two]),parse_status(ok),parsed_sem('1X+30'(2)))
2026-03-07T03:39:13 | compare | case_result(verdict(pass),semantic('1X+30'(3)),gen_status(ok),gen_tokens([thirty,three]),repaired_tokens([thirty,three]),parser_tokens([thirty_,three]),parse_status(ok),parsed_sem('1X+30'(3)))
2026-03-07T03:39:13 | compare | case_result(verdict(pass_repaired),semantic('1X+30'(4)),gen_status(ok),gen_tokens([thirty]),repaired_tokens([thirty,four]),parser_tokens([thirty_,four]),parse_status(ok),parsed_sem('1X+30'(4)))
2026-03-07T03:39:13 | compare | case_result(verdict(pass),semantic('1X+30'(5)),gen_status(ok),gen_tokens([thirty,five]),repaired_tokens([thirty,five]),parser_tokens([thirty_,five]),parse_status(ok),parsed_sem('1X+30'(5)))
2026-03-07T03:39:13 | compare | case_result(verdict(pass_repaired),semantic('1X+30'(6)),gen_status(ok),gen_tokens([thirty]),repaired_tokens([thirty,six]),parser_tokens([thirty_,six]),parse_status(ok),parsed_sem('1X+30'(6)))
2026-03-07T03:39:13 | compare | case_result(verdict(pass_repaired),semantic('1X+30'(7)),gen_status(ok),gen_tokens([thirty]),repaired_tokens([thirty,seven]),parser_tokens([thirty_,seven]),parse_status(ok),parsed_sem('1X+30'(7)))
2026-03-07T03:39:13 | compare | case_result(verdict(pass_repaired),semantic('1X+30'(8)),gen_status(ok),gen_tokens([thirty]),repaired_tokens([thirty,eight]),parser_tokens([thirty_,eight]),parse_status(ok),parsed_sem('1X+30'(8)))
2026-03-07T03:39:13 | compare | case_result(verdict(pass_repaired),semantic('1X+30'(9)),gen_status(ok),gen_tokens([thirty]),repaired_tokens([thirty,nine]),parser_tokens([thirty_,nine]),parse_status(ok),parsed_sem('1X+30'(9)))
2026-03-07T03:39:13 | compare | case_result(verdict(pass),semantic('1X+50'(1)),gen_status(ok),gen_tokens([fifty,one]),repaired_tokens([fifty,one]),parser_tokens([fifty_,one]),parse_status(ok),parsed_sem('1X+50'(1)))
2026-03-07T03:39:13 | compare | case_result(verdict(pass),semantic('1X+50'(2)),gen_status(ok),gen_tokens([fifty,two]),repaired_tokens([fifty,two]),parser_tokens([fifty_,two]),parse_status(ok),parsed_sem('1X+50'(2)))
2026-03-07T03:39:13 | compare | case_result(verdict(pass),semantic('1X+50'(3)),gen_status(ok),gen_tokens([fifty,three]),repaired_tokens([fifty,three]),parser_tokens([fifty_,three]),parse_status(ok),parsed_sem('1X+50'(3)))
2026-03-07T03:39:13 | compare | case_result(verdict(pass_repaired),semantic('1X+50'(4)),gen_status(ok),gen_tokens([fifty]),repaired_tokens([fifty,four]),parser_tokens([fifty_,four]),parse_status(ok),parsed_sem('1X+50'(4)))
2026-03-07T03:39:13 | compare | case_result(verdict(pass),semantic('1X+50'(5)),gen_status(ok),gen_tokens([fifty,five]),repaired_tokens([fifty,five]),parser_tokens([fifty_,five]),parse_status(ok),parsed_sem('1X+50'(5)))
2026-03-07T03:39:13 | compare | case_result(verdict(pass_repaired),semantic('1X+50'(6)),gen_status(ok),gen_tokens([fifty]),repaired_tokens([fifty,six]),parser_tokens([fifty_,six]),parse_status(ok),parsed_sem('1X+50'(6)))
2026-03-07T03:39:13 | compare | case_result(verdict(pass_repaired),semantic('1X+50'(7)),gen_status(ok),gen_tokens([fifty]),repaired_tokens([fifty,seven]),parser_tokens([fifty_,seven]),parse_status(ok),parsed_sem('1X+50'(7)))
2026-03-07T03:39:13 | compare | case_result(verdict(pass_repaired),semantic('1X+50'(8)),gen_status(ok),gen_tokens([fifty]),repaired_tokens([fifty,eight]),parser_tokens([fifty_,eight]),parse_status(ok),parsed_sem('1X+50'(8)))
2026-03-07T03:39:13 | compare | case_result(verdict(pass_repaired),semantic('1X+50'(9)),gen_status(ok),gen_tokens([fifty]),repaired_tokens([fifty,nine]),parser_tokens([fifty_,nine]),parse_status(ok),parsed_sem('1X+50'(9)))
2026-03-07T03:39:13 | compare | case_result(verdict(gen_empty_yield),semantic('1X+40'(4)),gen_status(gen_empty_yield),gen_tokens([]),repaired_tokens([]),parser_tokens([]),parse_status(parse_skipped_empty_tokens),parsed_sem(none))
2026-03-07T03:39:13 | compare | case_result(verdict(gen_empty_yield),semantic('1X+60'(4)),gen_status(gen_empty_yield),gen_tokens([]),repaired_tokens([]),parser_tokens([]),parse_status(parse_skipped_empty_tokens),parsed_sem(none))
2026-03-07T03:39:13 | compare | case_result(verdict(gen_empty_yield),semantic('1X+70'(4)),gen_status(gen_empty_yield),gen_tokens([]),repaired_tokens([]),parser_tokens([]),parse_status(parse_skipped_empty_tokens),parsed_sem(none))
2026-03-07T03:39:13 | compare | case_result(verdict(gen_empty_yield),semantic('1X+80'(4)),gen_status(gen_empty_yield),gen_tokens([]),repaired_tokens([]),parser_tokens([]),parse_status(parse_skipped_empty_tokens),parsed_sem(none))
2026-03-07T03:39:13 | compare | case_result(verdict(gen_empty_yield),semantic('1X+90'(4)),gen_status(gen_empty_yield),gen_tokens([]),repaired_tokens([]),parser_tokens([]),parse_status(parse_skipped_empty_tokens),parsed_sem(none))
2026-03-07T03:39:13 | compare | totals(pass(31),pass_repaired(15),gen_empty_yield(6),gen_fail(0),gen_error(0),parse_skipped_empty_tokens(0),parse_fail(3),semantic_mismatch(0))
2026-03-07T03:39:13 | system | compare_end
2026-03-07T03:49:12 | system | reverse_run_start
2026-03-07T03:49:12 | reverse_session | reverse_case(input_tokens([one]),parse_status(ok),parsed_sem(app(unknown_sem(li([],[=c1,cfin])),1)),gen_status(gen_empty_yield),raw_gen_tokens([]),normalized_gen_tokens([]))
2026-03-07T03:49:12 | reverse_session | reverse_case(input_tokens([two]),parse_status(ok),parsed_sem(app(unknown_sem(li([],[=c1,cfin])),2)),gen_status(gen_empty_yield),raw_gen_tokens([]),normalized_gen_tokens([]))
2026-03-07T03:49:12 | reverse_session | reverse_case(input_tokens([three]),parse_status(ok),parsed_sem(app(unknown_sem(li([],[=c1,cfin])),3)),gen_status(gen_empty_yield),raw_gen_tokens([]),normalized_gen_tokens([]))
2026-03-07T03:50:56 | system | gen_run_start
2026-03-07T03:50:56 | gen_session | gen_case(semantic(1),status(ok),tokens([one]),sentence(one))
2026-03-07T03:50:56 | gen_session | gen_case(semantic(2),status(ok),tokens([two]),sentence(two))
2026-03-07T03:50:56 | gen_session | gen_case(semantic(3),status(ok),tokens([three]),sentence(three))
2026-03-07T03:50:56 | gen_session | gen_case(semantic(4),status(ok),tokens([four]),sentence(four))
2026-03-07T03:50:56 | gen_session | gen_case(semantic(5),status(ok),tokens([five]),sentence(five))
2026-03-07T03:50:56 | gen_session | gen_case(semantic(6),status(ok),tokens([six]),sentence(six))
2026-03-07T03:50:56 | gen_session | gen_case(semantic(7),status(ok),tokens([seven]),sentence(seven))
2026-03-07T03:50:56 | gen_session | gen_case(semantic(8),status(ok),tokens([eight]),sentence(eight))
2026-03-07T03:50:56 | gen_session | gen_case(semantic(9),status(ok),tokens([nine]),sentence(nine))
2026-03-07T03:50:56 | gen_session | gen_case(semantic(10),status(ok),tokens([ten]),sentence(ten))
2026-03-07T03:50:56 | gen_session | gen_case(semantic(11),status(ok),tokens([eleven]),sentence(eleven))
2026-03-07T03:50:56 | gen_session | gen_case(semantic(12),status(ok),tokens([twelve]),sentence(twelve))
2026-03-07T03:50:56 | gen_session | gen_case(semantic(13),status(ok),tokens([thirteen]),sentence(thirteen))
2026-03-07T03:50:56 | gen_session | gen_case(semantic(15),status(ok),tokens([fifteen]),sentence(fifteen))
2026-03-07T03:50:56 | gen_session | gen_case(semantic(18),status(gen_empty_yield),tokens([]),sentence(''))
2026-03-07T03:50:56 | gen_session | gen_case(semantic(20),status(ok),tokens([twenty]),sentence(twenty))
2026-03-07T03:50:56 | gen_session | gen_case(semantic(30),status(ok),tokens([thirty]),sentence(thirty))
2026-03-07T03:50:56 | gen_session | gen_case(semantic(50),status(ok),tokens([fifty]),sentence(fifty))
2026-03-07T03:50:56 | gen_session | gen_case(semantic('1X+10'(4)),status(ok),tokens([four,teen]),sentence(fourteen))
2026-03-07T03:50:56 | gen_session | gen_case(semantic('1X+10'(6)),status(ok),tokens([six,teen]),sentence(sixteen))
2026-03-07T03:50:56 | gen_session | gen_case(semantic('1X+10'(7)),status(ok),tokens([seven,teen]),sentence(seventeen))
2026-03-07T03:50:56 | gen_session | gen_case(semantic('0X+18'(8)),status(ok),tokens([eight,een]),sentence(eighteen))
2026-03-07T03:50:56 | gen_session | gen_case(semantic('1X+10'(9)),status(ok),tokens([nine,teen]),sentence(nineteen))
2026-03-07T03:50:56 | gen_session | gen_case(semantic('1X+20'(1)),status(ok),tokens([twenty,one]),sentence(twentyone))
2026-03-07T03:50:56 | gen_session | gen_case(semantic('1X+20'(2)),status(ok),tokens([twenty,two]),sentence(twentytwo))
2026-03-07T03:50:56 | gen_session | gen_case(semantic('1X+20'(3)),status(ok),tokens([twenty,three]),sentence(twentythree))
2026-03-07T03:50:56 | gen_session | gen_case(semantic('1X+20'(4)),status(ok),tokens([twenty]),sentence(twenty))
2026-03-07T03:50:56 | gen_session | gen_case(semantic('1X+20'(5)),status(ok),tokens([twenty,five]),sentence(twentyfive))
2026-03-07T03:50:56 | gen_session | gen_case(semantic('1X+20'(6)),status(ok),tokens([twenty]),sentence(twenty))
2026-03-07T03:50:56 | gen_session | gen_case(semantic('1X+20'(7)),status(ok),tokens([twenty]),sentence(twenty))
2026-03-07T03:50:56 | gen_session | gen_case(semantic('1X+20'(8)),status(ok),tokens([twenty]),sentence(twenty))
2026-03-07T03:50:56 | gen_session | gen_case(semantic('1X+20'(9)),status(ok),tokens([twenty]),sentence(twenty))
2026-03-07T03:50:56 | gen_session | gen_case(semantic('1X+30'(1)),status(ok),tokens([thirty,one]),sentence(thirtyone))
2026-03-07T03:50:56 | gen_session | gen_case(semantic('1X+30'(2)),status(ok),tokens([thirty,two]),sentence(thirtytwo))
2026-03-07T03:50:56 | gen_session | gen_case(semantic('1X+30'(3)),status(ok),tokens([thirty,three]),sentence(thirtythree))
2026-03-07T03:50:56 | gen_session | gen_case(semantic('1X+30'(4)),status(ok),tokens([thirty]),sentence(thirty))
2026-03-07T03:50:56 | gen_session | gen_case(semantic('1X+30'(5)),status(ok),tokens([thirty,five]),sentence(thirtyfive))
2026-03-07T03:50:56 | gen_session | gen_case(semantic('1X+30'(6)),status(ok),tokens([thirty]),sentence(thirty))
2026-03-07T03:50:56 | gen_session | gen_case(semantic('1X+30'(7)),status(ok),tokens([thirty]),sentence(thirty))
2026-03-07T03:50:56 | gen_session | gen_case(semantic('1X+30'(8)),status(ok),tokens([thirty]),sentence(thirty))
2026-03-07T03:50:56 | gen_session | gen_case(semantic('1X+30'(9)),status(ok),tokens([thirty]),sentence(thirty))
2026-03-07T03:50:56 | gen_session | gen_case(semantic('1X+50'(1)),status(ok),tokens([fifty,one]),sentence(fiftyone))
2026-03-07T03:50:56 | gen_session | gen_case(semantic('1X+50'(2)),status(ok),tokens([fifty,two]),sentence(fiftytwo))
2026-03-07T03:50:56 | gen_session | gen_case(semantic('1X+50'(3)),status(ok),tokens([fifty,three]),sentence(fiftythree))
2026-03-07T03:50:56 | gen_session | gen_case(semantic('1X+50'(4)),status(ok),tokens([fifty]),sentence(fifty))
2026-03-07T03:50:56 | gen_session | gen_case(semantic('1X+50'(5)),status(ok),tokens([fifty,five]),sentence(fiftyfive))
2026-03-07T03:50:56 | gen_session | gen_case(semantic('1X+50'(6)),status(ok),tokens([fifty]),sentence(fifty))
2026-03-07T03:50:56 | gen_session | gen_case(semantic('1X+50'(7)),status(ok),tokens([fifty]),sentence(fifty))
2026-03-07T03:50:56 | gen_session | gen_case(semantic('1X+50'(8)),status(ok),tokens([fifty]),sentence(fifty))
2026-03-07T03:50:56 | gen_session | gen_case(semantic('1X+50'(9)),status(ok),tokens([fifty]),sentence(fifty))
2026-03-07T03:50:56 | gen_session | gen_case(semantic('1X+40'(4)),status(gen_empty_yield),tokens([]),sentence(''))
2026-03-07T03:50:56 | gen_session | gen_case(semantic('1X+60'(4)),status(gen_empty_yield),tokens([]),sentence(''))
2026-03-07T03:50:56 | gen_session | gen_case(semantic('1X+70'(4)),status(gen_empty_yield),tokens([]),sentence(''))
2026-03-07T03:50:56 | gen_session | gen_case(semantic('1X+80'(4)),status(gen_empty_yield),tokens([]),sentence(''))
2026-03-07T03:50:56 | gen_session | gen_case(semantic('1X+90'(4)),status(gen_empty_yield),tokens([]),sentence(''))
2026-03-07T03:50:56 | system | gen_run_end
2026-03-07T03:50:56 | system | parse_run_start
2026-03-07T03:50:56 | parse_session | parse_case(semantic(1),gen_status(ok),gen_tokens([one]),repaired_tokens([one]),parser_tokens([one]),parse_status(ok),parsed_sem(1))
2026-03-07T03:50:56 | parse_session | parse_case(semantic(2),gen_status(ok),gen_tokens([two]),repaired_tokens([two]),parser_tokens([two]),parse_status(ok),parsed_sem(2))
2026-03-07T03:50:56 | parse_session | parse_case(semantic(3),gen_status(ok),gen_tokens([three]),repaired_tokens([three]),parser_tokens([three]),parse_status(ok),parsed_sem(3))
2026-03-07T03:50:56 | parse_session | parse_case(semantic(4),gen_status(ok),gen_tokens([four]),repaired_tokens([four]),parser_tokens([four]),parse_status(ok),parsed_sem(4))
2026-03-07T03:50:56 | parse_session | parse_case(semantic(5),gen_status(ok),gen_tokens([five]),repaired_tokens([five]),parser_tokens([five]),parse_status(ok),parsed_sem(5))
2026-03-07T03:50:56 | parse_session | parse_case(semantic(6),gen_status(ok),gen_tokens([six]),repaired_tokens([six]),parser_tokens([six]),parse_status(ok),parsed_sem(6))
2026-03-07T03:50:56 | parse_session | parse_case(semantic(7),gen_status(ok),gen_tokens([seven]),repaired_tokens([seven]),parser_tokens([seven]),parse_status(ok),parsed_sem(7))
2026-03-07T03:50:56 | parse_session | parse_case(semantic(8),gen_status(ok),gen_tokens([eight]),repaired_tokens([eight]),parser_tokens([eight]),parse_status(ok),parsed_sem(8))
2026-03-07T03:50:56 | parse_session | parse_case(semantic(9),gen_status(ok),gen_tokens([nine]),repaired_tokens([nine]),parser_tokens([nine]),parse_status(ok),parsed_sem(9))
2026-03-07T03:50:56 | parse_session | parse_case(semantic(10),gen_status(ok),gen_tokens([ten]),repaired_tokens([ten]),parser_tokens([ten]),parse_status(ok),parsed_sem(10))
2026-03-07T03:50:56 | parse_session | parse_case(semantic(11),gen_status(ok),gen_tokens([eleven]),repaired_tokens([eleven]),parser_tokens([eleven]),parse_status(ok),parsed_sem(11))
2026-03-07T03:50:56 | parse_session | parse_case(semantic(12),gen_status(ok),gen_tokens([twelve]),repaired_tokens([twelve]),parser_tokens([twelve]),parse_status(ok),parsed_sem(12))
2026-03-07T03:50:56 | parse_session | parse_case(semantic(13),gen_status(ok),gen_tokens([thirteen]),repaired_tokens([thirteen]),parser_tokens([thirteen]),parse_status(ok),parsed_sem(13))
2026-03-07T03:50:56 | parse_session | parse_case(semantic(15),gen_status(ok),gen_tokens([fifteen]),repaired_tokens([fifteen]),parser_tokens([fifteen]),parse_status(ok),parsed_sem(15))
2026-03-07T03:50:56 | parse_session | parse_case(semantic(18),gen_status(gen_empty_yield),gen_tokens([]),repaired_tokens([]),parser_tokens([]),parse_status(parse_skipped_empty_tokens),parsed_sem(none))
2026-03-07T03:50:56 | parse_session | parse_case(semantic(20),gen_status(ok),gen_tokens([twenty]),repaired_tokens([twenty]),parser_tokens([twenty]),parse_status(ok),parsed_sem(20))
2026-03-07T03:50:56 | parse_session | parse_case(semantic(30),gen_status(ok),gen_tokens([thirty]),repaired_tokens([thirty]),parser_tokens([thirty]),parse_status(ok),parsed_sem(30))
2026-03-07T03:50:56 | parse_session | parse_case(semantic(50),gen_status(ok),gen_tokens([fifty]),repaired_tokens([fifty]),parser_tokens([fifty]),parse_status(ok),parsed_sem(50))
2026-03-07T03:50:56 | parse_session | parse_case(semantic('1X+10'(4)),gen_status(ok),gen_tokens([four,teen]),repaired_tokens([four,teen]),parser_tokens([four,teen]),parse_status(ok),parsed_sem('1X+10'(4)))
2026-03-07T03:50:56 | parse_session | parse_case(semantic('1X+10'(6)),gen_status(ok),gen_tokens([six,teen]),repaired_tokens([six,teen]),parser_tokens([six,teen]),parse_status(parse_fail),parsed_sem(none))
2026-03-07T03:50:56 | parse_session | parse_case(semantic('1X+10'(7)),gen_status(ok),gen_tokens([seven,teen]),repaired_tokens([seven,teen]),parser_tokens([seven,teen]),parse_status(parse_fail),parsed_sem(none))
2026-03-07T03:50:56 | parse_session | parse_case(semantic('0X+18'(8)),gen_status(ok),gen_tokens([eight,een]),repaired_tokens([eight,een]),parser_tokens([eight,een]),parse_status(ok),parsed_sem('0X+18'(8)))
2026-03-07T03:50:56 | parse_session | parse_case(semantic('1X+10'(9)),gen_status(ok),gen_tokens([nine,teen]),repaired_tokens([nine,teen]),parser_tokens([nine,teen]),parse_status(parse_fail),parsed_sem(none))
2026-03-07T03:50:56 | parse_session | parse_case(semantic('1X+20'(1)),gen_status(ok),gen_tokens([twenty,one]),repaired_tokens([twenty,one]),parser_tokens([twenty_,one]),parse_status(ok),parsed_sem('1X+20'(1)))
2026-03-07T03:50:56 | parse_session | parse_case(semantic('1X+20'(2)),gen_status(ok),gen_tokens([twenty,two]),repaired_tokens([twenty,two]),parser_tokens([twenty_,two]),parse_status(ok),parsed_sem('1X+20'(2)))
2026-03-07T03:50:56 | parse_session | parse_case(semantic('1X+20'(3)),gen_status(ok),gen_tokens([twenty,three]),repaired_tokens([twenty,three]),parser_tokens([twenty_,three]),parse_status(ok),parsed_sem('1X+20'(3)))
2026-03-07T03:50:56 | parse_session | parse_case(semantic('1X+20'(4)),gen_status(ok),gen_tokens([twenty]),repaired_tokens([twenty,four]),parser_tokens([twenty_,four]),parse_status(ok),parsed_sem('1X+20'(4)))
2026-03-07T03:50:56 | parse_session | parse_case(semantic('1X+20'(5)),gen_status(ok),gen_tokens([twenty,five]),repaired_tokens([twenty,five]),parser_tokens([twenty_,five]),parse_status(ok),parsed_sem('1X+20'(5)))
2026-03-07T03:50:56 | parse_session | parse_case(semantic('1X+20'(6)),gen_status(ok),gen_tokens([twenty]),repaired_tokens([twenty,six]),parser_tokens([twenty_,six]),parse_status(ok),parsed_sem('1X+20'(6)))
2026-03-07T03:50:56 | parse_session | parse_case(semantic('1X+20'(7)),gen_status(ok),gen_tokens([twenty]),repaired_tokens([twenty,seven]),parser_tokens([twenty_,seven]),parse_status(ok),parsed_sem('1X+20'(7)))
2026-03-07T03:50:56 | parse_session | parse_case(semantic('1X+20'(8)),gen_status(ok),gen_tokens([twenty]),repaired_tokens([twenty,eight]),parser_tokens([twenty_,eight]),parse_status(ok),parsed_sem('1X+20'(8)))
2026-03-07T03:50:56 | parse_session | parse_case(semantic('1X+20'(9)),gen_status(ok),gen_tokens([twenty]),repaired_tokens([twenty,nine]),parser_tokens([twenty_,nine]),parse_status(ok),parsed_sem('1X+20'(9)))
2026-03-07T03:50:56 | parse_session | parse_case(semantic('1X+30'(1)),gen_status(ok),gen_tokens([thirty,one]),repaired_tokens([thirty,one]),parser_tokens([thirty_,one]),parse_status(ok),parsed_sem('1X+30'(1)))
2026-03-07T03:50:56 | parse_session | parse_case(semantic('1X+30'(2)),gen_status(ok),gen_tokens([thirty,two]),repaired_tokens([thirty,two]),parser_tokens([thirty_,two]),parse_status(ok),parsed_sem('1X+30'(2)))
2026-03-07T03:50:56 | parse_session | parse_case(semantic('1X+30'(3)),gen_status(ok),gen_tokens([thirty,three]),repaired_tokens([thirty,three]),parser_tokens([thirty_,three]),parse_status(ok),parsed_sem('1X+30'(3)))
2026-03-07T03:50:56 | parse_session | parse_case(semantic('1X+30'(4)),gen_status(ok),gen_tokens([thirty]),repaired_tokens([thirty,four]),parser_tokens([thirty_,four]),parse_status(ok),parsed_sem('1X+30'(4)))
2026-03-07T03:50:56 | parse_session | parse_case(semantic('1X+30'(5)),gen_status(ok),gen_tokens([thirty,five]),repaired_tokens([thirty,five]),parser_tokens([thirty_,five]),parse_status(ok),parsed_sem('1X+30'(5)))
2026-03-07T03:50:56 | parse_session | parse_case(semantic('1X+30'(6)),gen_status(ok),gen_tokens([thirty]),repaired_tokens([thirty,six]),parser_tokens([thirty_,six]),parse_status(ok),parsed_sem('1X+30'(6)))
2026-03-07T03:50:56 | parse_session | parse_case(semantic('1X+30'(7)),gen_status(ok),gen_tokens([thirty]),repaired_tokens([thirty,seven]),parser_tokens([thirty_,seven]),parse_status(ok),parsed_sem('1X+30'(7)))
2026-03-07T03:50:56 | parse_session | parse_case(semantic('1X+30'(8)),gen_status(ok),gen_tokens([thirty]),repaired_tokens([thirty,eight]),parser_tokens([thirty_,eight]),parse_status(ok),parsed_sem('1X+30'(8)))
2026-03-07T03:50:56 | parse_session | parse_case(semantic('1X+30'(9)),gen_status(ok),gen_tokens([thirty]),repaired_tokens([thirty,nine]),parser_tokens([thirty_,nine]),parse_status(ok),parsed_sem('1X+30'(9)))
2026-03-07T03:50:56 | parse_session | parse_case(semantic('1X+50'(1)),gen_status(ok),gen_tokens([fifty,one]),repaired_tokens([fifty,one]),parser_tokens([fifty_,one]),parse_status(ok),parsed_sem('1X+50'(1)))
2026-03-07T03:50:56 | parse_session | parse_case(semantic('1X+50'(2)),gen_status(ok),gen_tokens([fifty,two]),repaired_tokens([fifty,two]),parser_tokens([fifty_,two]),parse_status(ok),parsed_sem('1X+50'(2)))
2026-03-07T03:50:56 | parse_session | parse_case(semantic('1X+50'(3)),gen_status(ok),gen_tokens([fifty,three]),repaired_tokens([fifty,three]),parser_tokens([fifty_,three]),parse_status(ok),parsed_sem('1X+50'(3)))
2026-03-07T03:50:56 | parse_session | parse_case(semantic('1X+50'(4)),gen_status(ok),gen_tokens([fifty]),repaired_tokens([fifty,four]),parser_tokens([fifty_,four]),parse_status(ok),parsed_sem('1X+50'(4)))
2026-03-07T03:50:56 | parse_session | parse_case(semantic('1X+50'(5)),gen_status(ok),gen_tokens([fifty,five]),repaired_tokens([fifty,five]),parser_tokens([fifty_,five]),parse_status(ok),parsed_sem('1X+50'(5)))
2026-03-07T03:50:56 | parse_session | parse_case(semantic('1X+50'(6)),gen_status(ok),gen_tokens([fifty]),repaired_tokens([fifty,six]),parser_tokens([fifty_,six]),parse_status(ok),parsed_sem('1X+50'(6)))
2026-03-07T03:50:56 | parse_session | parse_case(semantic('1X+50'(7)),gen_status(ok),gen_tokens([fifty]),repaired_tokens([fifty,seven]),parser_tokens([fifty_,seven]),parse_status(ok),parsed_sem('1X+50'(7)))
2026-03-07T03:50:56 | parse_session | parse_case(semantic('1X+50'(8)),gen_status(ok),gen_tokens([fifty]),repaired_tokens([fifty,eight]),parser_tokens([fifty_,eight]),parse_status(ok),parsed_sem('1X+50'(8)))
2026-03-07T03:50:56 | parse_session | parse_case(semantic('1X+50'(9)),gen_status(ok),gen_tokens([fifty]),repaired_tokens([fifty,nine]),parser_tokens([fifty_,nine]),parse_status(ok),parsed_sem('1X+50'(9)))
2026-03-07T03:50:56 | parse_session | parse_case(semantic('1X+40'(4)),gen_status(gen_empty_yield),gen_tokens([]),repaired_tokens([]),parser_tokens([]),parse_status(parse_skipped_empty_tokens),parsed_sem(none))
2026-03-07T03:50:56 | parse_session | parse_case(semantic('1X+60'(4)),gen_status(gen_empty_yield),gen_tokens([]),repaired_tokens([]),parser_tokens([]),parse_status(parse_skipped_empty_tokens),parsed_sem(none))
2026-03-07T03:50:56 | parse_session | parse_case(semantic('1X+70'(4)),gen_status(gen_empty_yield),gen_tokens([]),repaired_tokens([]),parser_tokens([]),parse_status(parse_skipped_empty_tokens),parsed_sem(none))
2026-03-07T03:50:56 | parse_session | parse_case(semantic('1X+80'(4)),gen_status(gen_empty_yield),gen_tokens([]),repaired_tokens([]),parser_tokens([]),parse_status(parse_skipped_empty_tokens),parsed_sem(none))
2026-03-07T03:50:56 | parse_session | parse_case(semantic('1X+90'(4)),gen_status(gen_empty_yield),gen_tokens([]),repaired_tokens([]),parser_tokens([]),parse_status(parse_skipped_empty_tokens),parsed_sem(none))
2026-03-07T03:50:56 | system | parse_run_end
2026-03-07T03:50:57 | system | compare_start
2026-03-07T03:50:57 | compare | case_result(verdict(pass),semantic(1),gen_status(ok),gen_tokens([one]),repaired_tokens([one]),parser_tokens([one]),parse_status(ok),parsed_sem(1))
2026-03-07T03:50:57 | compare | case_result(verdict(pass),semantic(2),gen_status(ok),gen_tokens([two]),repaired_tokens([two]),parser_tokens([two]),parse_status(ok),parsed_sem(2))
2026-03-07T03:50:57 | compare | case_result(verdict(pass),semantic(3),gen_status(ok),gen_tokens([three]),repaired_tokens([three]),parser_tokens([three]),parse_status(ok),parsed_sem(3))
2026-03-07T03:50:57 | compare | case_result(verdict(pass),semantic(4),gen_status(ok),gen_tokens([four]),repaired_tokens([four]),parser_tokens([four]),parse_status(ok),parsed_sem(4))
2026-03-07T03:50:57 | compare | case_result(verdict(pass),semantic(5),gen_status(ok),gen_tokens([five]),repaired_tokens([five]),parser_tokens([five]),parse_status(ok),parsed_sem(5))
2026-03-07T03:50:57 | compare | case_result(verdict(pass),semantic(6),gen_status(ok),gen_tokens([six]),repaired_tokens([six]),parser_tokens([six]),parse_status(ok),parsed_sem(6))
2026-03-07T03:50:57 | compare | case_result(verdict(pass),semantic(7),gen_status(ok),gen_tokens([seven]),repaired_tokens([seven]),parser_tokens([seven]),parse_status(ok),parsed_sem(7))
2026-03-07T03:50:57 | compare | case_result(verdict(pass),semantic(8),gen_status(ok),gen_tokens([eight]),repaired_tokens([eight]),parser_tokens([eight]),parse_status(ok),parsed_sem(8))
2026-03-07T03:50:57 | compare | case_result(verdict(pass),semantic(9),gen_status(ok),gen_tokens([nine]),repaired_tokens([nine]),parser_tokens([nine]),parse_status(ok),parsed_sem(9))
2026-03-07T03:50:57 | compare | case_result(verdict(pass),semantic(10),gen_status(ok),gen_tokens([ten]),repaired_tokens([ten]),parser_tokens([ten]),parse_status(ok),parsed_sem(10))
2026-03-07T03:50:57 | compare | case_result(verdict(pass),semantic(11),gen_status(ok),gen_tokens([eleven]),repaired_tokens([eleven]),parser_tokens([eleven]),parse_status(ok),parsed_sem(11))
2026-03-07T03:50:57 | compare | case_result(verdict(pass),semantic(12),gen_status(ok),gen_tokens([twelve]),repaired_tokens([twelve]),parser_tokens([twelve]),parse_status(ok),parsed_sem(12))
2026-03-07T03:50:57 | compare | case_result(verdict(pass),semantic(13),gen_status(ok),gen_tokens([thirteen]),repaired_tokens([thirteen]),parser_tokens([thirteen]),parse_status(ok),parsed_sem(13))
2026-03-07T03:50:57 | compare | case_result(verdict(pass),semantic(15),gen_status(ok),gen_tokens([fifteen]),repaired_tokens([fifteen]),parser_tokens([fifteen]),parse_status(ok),parsed_sem(15))
2026-03-07T03:50:57 | compare | case_result(verdict(gen_empty_yield),semantic(18),gen_status(gen_empty_yield),gen_tokens([]),repaired_tokens([]),parser_tokens([]),parse_status(parse_skipped_empty_tokens),parsed_sem(none))
2026-03-07T03:50:57 | compare | case_result(verdict(pass),semantic(20),gen_status(ok),gen_tokens([twenty]),repaired_tokens([twenty]),parser_tokens([twenty]),parse_status(ok),parsed_sem(20))
2026-03-07T03:50:57 | compare | case_result(verdict(pass),semantic(30),gen_status(ok),gen_tokens([thirty]),repaired_tokens([thirty]),parser_tokens([thirty]),parse_status(ok),parsed_sem(30))
2026-03-07T03:50:57 | compare | case_result(verdict(pass),semantic(50),gen_status(ok),gen_tokens([fifty]),repaired_tokens([fifty]),parser_tokens([fifty]),parse_status(ok),parsed_sem(50))
2026-03-07T03:50:57 | compare | case_result(verdict(pass),semantic('1X+10'(4)),gen_status(ok),gen_tokens([four,teen]),repaired_tokens([four,teen]),parser_tokens([four,teen]),parse_status(ok),parsed_sem('1X+10'(4)))
2026-03-07T03:50:57 | compare | case_result(verdict(parse_fail),semantic('1X+10'(6)),gen_status(ok),gen_tokens([six,teen]),repaired_tokens([six,teen]),parser_tokens([six,teen]),parse_status(parse_fail),parsed_sem(none))
2026-03-07T03:50:57 | compare | case_result(verdict(parse_fail),semantic('1X+10'(7)),gen_status(ok),gen_tokens([seven,teen]),repaired_tokens([seven,teen]),parser_tokens([seven,teen]),parse_status(parse_fail),parsed_sem(none))
2026-03-07T03:50:57 | compare | case_result(verdict(pass),semantic('0X+18'(8)),gen_status(ok),gen_tokens([eight,een]),repaired_tokens([eight,een]),parser_tokens([eight,een]),parse_status(ok),parsed_sem('0X+18'(8)))
2026-03-07T03:50:57 | compare | case_result(verdict(parse_fail),semantic('1X+10'(9)),gen_status(ok),gen_tokens([nine,teen]),repaired_tokens([nine,teen]),parser_tokens([nine,teen]),parse_status(parse_fail),parsed_sem(none))
2026-03-07T03:50:57 | compare | case_result(verdict(pass),semantic('1X+20'(1)),gen_status(ok),gen_tokens([twenty,one]),repaired_tokens([twenty,one]),parser_tokens([twenty_,one]),parse_status(ok),parsed_sem('1X+20'(1)))
2026-03-07T03:50:57 | compare | case_result(verdict(pass),semantic('1X+20'(2)),gen_status(ok),gen_tokens([twenty,two]),repaired_tokens([twenty,two]),parser_tokens([twenty_,two]),parse_status(ok),parsed_sem('1X+20'(2)))
2026-03-07T03:50:57 | compare | case_result(verdict(pass),semantic('1X+20'(3)),gen_status(ok),gen_tokens([twenty,three]),repaired_tokens([twenty,three]),parser_tokens([twenty_,three]),parse_status(ok),parsed_sem('1X+20'(3)))
2026-03-07T03:50:57 | compare | case_result(verdict(pass_repaired),semantic('1X+20'(4)),gen_status(ok),gen_tokens([twenty]),repaired_tokens([twenty,four]),parser_tokens([twenty_,four]),parse_status(ok),parsed_sem('1X+20'(4)))
2026-03-07T03:50:57 | compare | case_result(verdict(pass),semantic('1X+20'(5)),gen_status(ok),gen_tokens([twenty,five]),repaired_tokens([twenty,five]),parser_tokens([twenty_,five]),parse_status(ok),parsed_sem('1X+20'(5)))
2026-03-07T03:50:57 | compare | case_result(verdict(pass_repaired),semantic('1X+20'(6)),gen_status(ok),gen_tokens([twenty]),repaired_tokens([twenty,six]),parser_tokens([twenty_,six]),parse_status(ok),parsed_sem('1X+20'(6)))
2026-03-07T03:50:57 | compare | case_result(verdict(pass_repaired),semantic('1X+20'(7)),gen_status(ok),gen_tokens([twenty]),repaired_tokens([twenty,seven]),parser_tokens([twenty_,seven]),parse_status(ok),parsed_sem('1X+20'(7)))
2026-03-07T03:50:57 | compare | case_result(verdict(pass_repaired),semantic('1X+20'(8)),gen_status(ok),gen_tokens([twenty]),repaired_tokens([twenty,eight]),parser_tokens([twenty_,eight]),parse_status(ok),parsed_sem('1X+20'(8)))
2026-03-07T03:50:57 | compare | case_result(verdict(pass_repaired),semantic('1X+20'(9)),gen_status(ok),gen_tokens([twenty]),repaired_tokens([twenty,nine]),parser_tokens([twenty_,nine]),parse_status(ok),parsed_sem('1X+20'(9)))
2026-03-07T03:50:57 | compare | case_result(verdict(pass),semantic('1X+30'(1)),gen_status(ok),gen_tokens([thirty,one]),repaired_tokens([thirty,one]),parser_tokens([thirty_,one]),parse_status(ok),parsed_sem('1X+30'(1)))
2026-03-07T03:50:57 | compare | case_result(verdict(pass),semantic('1X+30'(2)),gen_status(ok),gen_tokens([thirty,two]),repaired_tokens([thirty,two]),parser_tokens([thirty_,two]),parse_status(ok),parsed_sem('1X+30'(2)))
2026-03-07T03:50:57 | compare | case_result(verdict(pass),semantic('1X+30'(3)),gen_status(ok),gen_tokens([thirty,three]),repaired_tokens([thirty,three]),parser_tokens([thirty_,three]),parse_status(ok),parsed_sem('1X+30'(3)))
2026-03-07T03:50:57 | compare | case_result(verdict(pass_repaired),semantic('1X+30'(4)),gen_status(ok),gen_tokens([thirty]),repaired_tokens([thirty,four]),parser_tokens([thirty_,four]),parse_status(ok),parsed_sem('1X+30'(4)))
2026-03-07T03:50:57 | compare | case_result(verdict(pass),semantic('1X+30'(5)),gen_status(ok),gen_tokens([thirty,five]),repaired_tokens([thirty,five]),parser_tokens([thirty_,five]),parse_status(ok),parsed_sem('1X+30'(5)))
2026-03-07T03:50:57 | compare | case_result(verdict(pass_repaired),semantic('1X+30'(6)),gen_status(ok),gen_tokens([thirty]),repaired_tokens([thirty,six]),parser_tokens([thirty_,six]),parse_status(ok),parsed_sem('1X+30'(6)))
2026-03-07T03:50:57 | compare | case_result(verdict(pass_repaired),semantic('1X+30'(7)),gen_status(ok),gen_tokens([thirty]),repaired_tokens([thirty,seven]),parser_tokens([thirty_,seven]),parse_status(ok),parsed_sem('1X+30'(7)))
2026-03-07T03:50:57 | compare | case_result(verdict(pass_repaired),semantic('1X+30'(8)),gen_status(ok),gen_tokens([thirty]),repaired_tokens([thirty,eight]),parser_tokens([thirty_,eight]),parse_status(ok),parsed_sem('1X+30'(8)))
2026-03-07T03:50:57 | compare | case_result(verdict(pass_repaired),semantic('1X+30'(9)),gen_status(ok),gen_tokens([thirty]),repaired_tokens([thirty,nine]),parser_tokens([thirty_,nine]),parse_status(ok),parsed_sem('1X+30'(9)))
2026-03-07T03:50:57 | compare | case_result(verdict(pass),semantic('1X+50'(1)),gen_status(ok),gen_tokens([fifty,one]),repaired_tokens([fifty,one]),parser_tokens([fifty_,one]),parse_status(ok),parsed_sem('1X+50'(1)))
2026-03-07T03:50:57 | compare | case_result(verdict(pass),semantic('1X+50'(2)),gen_status(ok),gen_tokens([fifty,two]),repaired_tokens([fifty,two]),parser_tokens([fifty_,two]),parse_status(ok),parsed_sem('1X+50'(2)))
2026-03-07T03:50:57 | compare | case_result(verdict(pass),semantic('1X+50'(3)),gen_status(ok),gen_tokens([fifty,three]),repaired_tokens([fifty,three]),parser_tokens([fifty_,three]),parse_status(ok),parsed_sem('1X+50'(3)))
2026-03-07T03:50:57 | compare | case_result(verdict(pass_repaired),semantic('1X+50'(4)),gen_status(ok),gen_tokens([fifty]),repaired_tokens([fifty,four]),parser_tokens([fifty_,four]),parse_status(ok),parsed_sem('1X+50'(4)))
2026-03-07T03:50:57 | compare | case_result(verdict(pass),semantic('1X+50'(5)),gen_status(ok),gen_tokens([fifty,five]),repaired_tokens([fifty,five]),parser_tokens([fifty_,five]),parse_status(ok),parsed_sem('1X+50'(5)))
2026-03-07T03:50:57 | compare | case_result(verdict(pass_repaired),semantic('1X+50'(6)),gen_status(ok),gen_tokens([fifty]),repaired_tokens([fifty,six]),parser_tokens([fifty_,six]),parse_status(ok),parsed_sem('1X+50'(6)))
2026-03-07T03:50:57 | compare | case_result(verdict(pass_repaired),semantic('1X+50'(7)),gen_status(ok),gen_tokens([fifty]),repaired_tokens([fifty,seven]),parser_tokens([fifty_,seven]),parse_status(ok),parsed_sem('1X+50'(7)))
2026-03-07T03:50:57 | compare | case_result(verdict(pass_repaired),semantic('1X+50'(8)),gen_status(ok),gen_tokens([fifty]),repaired_tokens([fifty,eight]),parser_tokens([fifty_,eight]),parse_status(ok),parsed_sem('1X+50'(8)))
2026-03-07T03:50:57 | compare | case_result(verdict(pass_repaired),semantic('1X+50'(9)),gen_status(ok),gen_tokens([fifty]),repaired_tokens([fifty,nine]),parser_tokens([fifty_,nine]),parse_status(ok),parsed_sem('1X+50'(9)))
2026-03-07T03:50:57 | compare | case_result(verdict(gen_empty_yield),semantic('1X+40'(4)),gen_status(gen_empty_yield),gen_tokens([]),repaired_tokens([]),parser_tokens([]),parse_status(parse_skipped_empty_tokens),parsed_sem(none))
2026-03-07T03:50:57 | compare | case_result(verdict(gen_empty_yield),semantic('1X+60'(4)),gen_status(gen_empty_yield),gen_tokens([]),repaired_tokens([]),parser_tokens([]),parse_status(parse_skipped_empty_tokens),parsed_sem(none))
2026-03-07T03:50:57 | compare | case_result(verdict(gen_empty_yield),semantic('1X+70'(4)),gen_status(gen_empty_yield),gen_tokens([]),repaired_tokens([]),parser_tokens([]),parse_status(parse_skipped_empty_tokens),parsed_sem(none))
2026-03-07T03:50:57 | compare | case_result(verdict(gen_empty_yield),semantic('1X+80'(4)),gen_status(gen_empty_yield),gen_tokens([]),repaired_tokens([]),parser_tokens([]),parse_status(parse_skipped_empty_tokens),parsed_sem(none))
2026-03-07T03:50:57 | compare | case_result(verdict(gen_empty_yield),semantic('1X+90'(4)),gen_status(gen_empty_yield),gen_tokens([]),repaired_tokens([]),parser_tokens([]),parse_status(parse_skipped_empty_tokens),parsed_sem(none))
2026-03-07T03:50:57 | compare | totals(pass(31),pass_repaired(15),gen_empty_yield(6),gen_fail(0),gen_error(0),parse_skipped_empty_tokens(0),parse_fail(3),semantic_mismatch(0))
2026-03-07T03:50:57 | system | compare_end
2026-03-07T03:51:06 | system | gen_run_start
2026-03-07T03:51:07 | gen_session | gen_case(semantic(1),status(ok),tokens([one]),sentence(one))
2026-03-07T03:51:07 | gen_session | gen_case(semantic(2),status(ok),tokens([two]),sentence(two))
2026-03-07T03:51:07 | gen_session | gen_case(semantic(3),status(ok),tokens([three]),sentence(three))
2026-03-07T03:51:07 | gen_session | gen_case(semantic(4),status(ok),tokens([four]),sentence(four))
2026-03-07T03:51:07 | gen_session | gen_case(semantic(5),status(ok),tokens([five]),sentence(five))
2026-03-07T03:51:07 | gen_session | gen_case(semantic(6),status(ok),tokens([six]),sentence(six))
2026-03-07T03:51:07 | gen_session | gen_case(semantic(7),status(ok),tokens([seven]),sentence(seven))
2026-03-07T03:51:07 | gen_session | gen_case(semantic(8),status(ok),tokens([eight]),sentence(eight))
2026-03-07T03:51:07 | gen_session | gen_case(semantic(9),status(ok),tokens([nine]),sentence(nine))
2026-03-07T03:51:07 | gen_session | gen_case(semantic(10),status(ok),tokens([ten]),sentence(ten))
2026-03-07T03:51:07 | gen_session | gen_case(semantic(11),status(ok),tokens([eleven]),sentence(eleven))
2026-03-07T03:51:07 | gen_session | gen_case(semantic(12),status(ok),tokens([twelve]),sentence(twelve))
2026-03-07T03:51:07 | gen_session | gen_case(semantic(13),status(ok),tokens([thirteen]),sentence(thirteen))
2026-03-07T03:51:07 | gen_session | gen_case(semantic(15),status(ok),tokens([fifteen]),sentence(fifteen))
2026-03-07T03:51:07 | gen_session | gen_case(semantic(18),status(gen_empty_yield),tokens([]),sentence(''))
2026-03-07T03:51:07 | gen_session | gen_case(semantic(20),status(ok),tokens([twenty]),sentence(twenty))
2026-03-07T03:51:07 | gen_session | gen_case(semantic(30),status(ok),tokens([thirty]),sentence(thirty))
2026-03-07T03:51:07 | gen_session | gen_case(semantic(50),status(ok),tokens([fifty]),sentence(fifty))
2026-03-07T03:51:07 | gen_session | gen_case(semantic('1X+10'(4)),status(ok),tokens([four,teen]),sentence(fourteen))
2026-03-07T03:51:07 | gen_session | gen_case(semantic('1X+10'(6)),status(ok),tokens([six,teen]),sentence(sixteen))
2026-03-07T03:51:07 | gen_session | gen_case(semantic('1X+10'(7)),status(ok),tokens([seven,teen]),sentence(seventeen))
2026-03-07T03:51:07 | gen_session | gen_case(semantic('0X+18'(8)),status(ok),tokens([eight,een]),sentence(eighteen))
2026-03-07T03:51:07 | gen_session | gen_case(semantic('1X+10'(9)),status(ok),tokens([nine,teen]),sentence(nineteen))
2026-03-07T03:51:07 | gen_session | gen_case(semantic('1X+20'(1)),status(ok),tokens([twenty,one]),sentence(twentyone))
2026-03-07T03:51:07 | gen_session | gen_case(semantic('1X+20'(2)),status(ok),tokens([twenty,two]),sentence(twentytwo))
2026-03-07T03:51:07 | gen_session | gen_case(semantic('1X+20'(3)),status(ok),tokens([twenty,three]),sentence(twentythree))
2026-03-07T03:51:07 | gen_session | gen_case(semantic('1X+20'(4)),status(ok),tokens([twenty]),sentence(twenty))
2026-03-07T03:51:07 | gen_session | gen_case(semantic('1X+20'(5)),status(ok),tokens([twenty,five]),sentence(twentyfive))
2026-03-07T03:51:07 | gen_session | gen_case(semantic('1X+20'(6)),status(ok),tokens([twenty]),sentence(twenty))
2026-03-07T03:51:07 | gen_session | gen_case(semantic('1X+20'(7)),status(ok),tokens([twenty]),sentence(twenty))
2026-03-07T03:51:07 | gen_session | gen_case(semantic('1X+20'(8)),status(ok),tokens([twenty]),sentence(twenty))
2026-03-07T03:51:07 | gen_session | gen_case(semantic('1X+20'(9)),status(ok),tokens([twenty]),sentence(twenty))
2026-03-07T03:51:07 | gen_session | gen_case(semantic('1X+30'(1)),status(ok),tokens([thirty,one]),sentence(thirtyone))
2026-03-07T03:51:07 | gen_session | gen_case(semantic('1X+30'(2)),status(ok),tokens([thirty,two]),sentence(thirtytwo))
2026-03-07T03:51:07 | gen_session | gen_case(semantic('1X+30'(3)),status(ok),tokens([thirty,three]),sentence(thirtythree))
2026-03-07T03:51:07 | gen_session | gen_case(semantic('1X+30'(4)),status(ok),tokens([thirty]),sentence(thirty))
2026-03-07T03:51:07 | gen_session | gen_case(semantic('1X+30'(5)),status(ok),tokens([thirty,five]),sentence(thirtyfive))
2026-03-07T03:51:07 | gen_session | gen_case(semantic('1X+30'(6)),status(ok),tokens([thirty]),sentence(thirty))
2026-03-07T03:51:07 | gen_session | gen_case(semantic('1X+30'(7)),status(ok),tokens([thirty]),sentence(thirty))
2026-03-07T03:51:07 | gen_session | gen_case(semantic('1X+30'(8)),status(ok),tokens([thirty]),sentence(thirty))
2026-03-07T03:51:07 | gen_session | gen_case(semantic('1X+30'(9)),status(ok),tokens([thirty]),sentence(thirty))
2026-03-07T03:51:07 | gen_session | gen_case(semantic('1X+50'(1)),status(ok),tokens([fifty,one]),sentence(fiftyone))
2026-03-07T03:51:07 | gen_session | gen_case(semantic('1X+50'(2)),status(ok),tokens([fifty,two]),sentence(fiftytwo))
2026-03-07T03:51:07 | gen_session | gen_case(semantic('1X+50'(3)),status(ok),tokens([fifty,three]),sentence(fiftythree))
2026-03-07T03:51:07 | gen_session | gen_case(semantic('1X+50'(4)),status(ok),tokens([fifty]),sentence(fifty))
2026-03-07T03:51:07 | gen_session | gen_case(semantic('1X+50'(5)),status(ok),tokens([fifty,five]),sentence(fiftyfive))
2026-03-07T03:51:07 | gen_session | gen_case(semantic('1X+50'(6)),status(ok),tokens([fifty]),sentence(fifty))
2026-03-07T03:51:07 | gen_session | gen_case(semantic('1X+50'(7)),status(ok),tokens([fifty]),sentence(fifty))
2026-03-07T03:51:07 | gen_session | gen_case(semantic('1X+50'(8)),status(ok),tokens([fifty]),sentence(fifty))
2026-03-07T03:51:07 | gen_session | gen_case(semantic('1X+50'(9)),status(ok),tokens([fifty]),sentence(fifty))
2026-03-07T03:51:07 | gen_session | gen_case(semantic('1X+40'(4)),status(gen_empty_yield),tokens([]),sentence(''))
2026-03-07T03:51:07 | gen_session | gen_case(semantic('1X+60'(4)),status(gen_empty_yield),tokens([]),sentence(''))
2026-03-07T03:51:07 | gen_session | gen_case(semantic('1X+70'(4)),status(gen_empty_yield),tokens([]),sentence(''))
2026-03-07T03:51:07 | gen_session | gen_case(semantic('1X+80'(4)),status(gen_empty_yield),tokens([]),sentence(''))
2026-03-07T03:51:07 | gen_session | gen_case(semantic('1X+90'(4)),status(gen_empty_yield),tokens([]),sentence(''))
2026-03-07T03:51:07 | system | gen_run_end
2026-03-07T03:51:07 | system | parse_run_start
2026-03-07T03:51:07 | parse_session | parse_case(semantic(1),gen_status(ok),gen_tokens([one]),repaired_tokens([one]),parser_tokens([one]),parse_status(ok),parsed_sem(1))
2026-03-07T03:51:07 | parse_session | parse_case(semantic(2),gen_status(ok),gen_tokens([two]),repaired_tokens([two]),parser_tokens([two]),parse_status(ok),parsed_sem(2))
2026-03-07T03:51:07 | parse_session | parse_case(semantic(3),gen_status(ok),gen_tokens([three]),repaired_tokens([three]),parser_tokens([three]),parse_status(ok),parsed_sem(3))
2026-03-07T03:51:07 | parse_session | parse_case(semantic(4),gen_status(ok),gen_tokens([four]),repaired_tokens([four]),parser_tokens([four]),parse_status(ok),parsed_sem(4))
2026-03-07T03:51:07 | parse_session | parse_case(semantic(5),gen_status(ok),gen_tokens([five]),repaired_tokens([five]),parser_tokens([five]),parse_status(ok),parsed_sem(5))
2026-03-07T03:51:07 | parse_session | parse_case(semantic(6),gen_status(ok),gen_tokens([six]),repaired_tokens([six]),parser_tokens([six]),parse_status(ok),parsed_sem(6))
2026-03-07T03:51:07 | parse_session | parse_case(semantic(7),gen_status(ok),gen_tokens([seven]),repaired_tokens([seven]),parser_tokens([seven]),parse_status(ok),parsed_sem(7))
2026-03-07T03:51:07 | parse_session | parse_case(semantic(8),gen_status(ok),gen_tokens([eight]),repaired_tokens([eight]),parser_tokens([eight]),parse_status(ok),parsed_sem(8))
2026-03-07T03:51:07 | parse_session | parse_case(semantic(9),gen_status(ok),gen_tokens([nine]),repaired_tokens([nine]),parser_tokens([nine]),parse_status(ok),parsed_sem(9))
2026-03-07T03:51:07 | parse_session | parse_case(semantic(10),gen_status(ok),gen_tokens([ten]),repaired_tokens([ten]),parser_tokens([ten]),parse_status(ok),parsed_sem(10))
2026-03-07T03:51:07 | parse_session | parse_case(semantic(11),gen_status(ok),gen_tokens([eleven]),repaired_tokens([eleven]),parser_tokens([eleven]),parse_status(ok),parsed_sem(11))
2026-03-07T03:51:07 | parse_session | parse_case(semantic(12),gen_status(ok),gen_tokens([twelve]),repaired_tokens([twelve]),parser_tokens([twelve]),parse_status(ok),parsed_sem(12))
2026-03-07T03:51:07 | parse_session | parse_case(semantic(13),gen_status(ok),gen_tokens([thirteen]),repaired_tokens([thirteen]),parser_tokens([thirteen]),parse_status(ok),parsed_sem(13))
2026-03-07T03:51:07 | parse_session | parse_case(semantic(15),gen_status(ok),gen_tokens([fifteen]),repaired_tokens([fifteen]),parser_tokens([fifteen]),parse_status(ok),parsed_sem(15))
2026-03-07T03:51:07 | parse_session | parse_case(semantic(18),gen_status(gen_empty_yield),gen_tokens([]),repaired_tokens([]),parser_tokens([]),parse_status(parse_skipped_empty_tokens),parsed_sem(none))
2026-03-07T03:51:07 | parse_session | parse_case(semantic(20),gen_status(ok),gen_tokens([twenty]),repaired_tokens([twenty]),parser_tokens([twenty]),parse_status(ok),parsed_sem(20))
2026-03-07T03:51:07 | parse_session | parse_case(semantic(30),gen_status(ok),gen_tokens([thirty]),repaired_tokens([thirty]),parser_tokens([thirty]),parse_status(ok),parsed_sem(30))
2026-03-07T03:51:07 | parse_session | parse_case(semantic(50),gen_status(ok),gen_tokens([fifty]),repaired_tokens([fifty]),parser_tokens([fifty]),parse_status(ok),parsed_sem(50))
2026-03-07T03:51:07 | parse_session | parse_case(semantic('1X+10'(4)),gen_status(ok),gen_tokens([four,teen]),repaired_tokens([four,teen]),parser_tokens([four,teen]),parse_status(ok),parsed_sem('1X+10'(4)))
2026-03-07T03:51:07 | parse_session | parse_case(semantic('1X+10'(6)),gen_status(ok),gen_tokens([six,teen]),repaired_tokens([six,teen]),parser_tokens([six,teen]),parse_status(parse_fail),parsed_sem(none))
2026-03-07T03:51:07 | parse_session | parse_case(semantic('1X+10'(7)),gen_status(ok),gen_tokens([seven,teen]),repaired_tokens([seven,teen]),parser_tokens([seven,teen]),parse_status(parse_fail),parsed_sem(none))
2026-03-07T03:51:07 | parse_session | parse_case(semantic('0X+18'(8)),gen_status(ok),gen_tokens([eight,een]),repaired_tokens([eight,een]),parser_tokens([eight,een]),parse_status(ok),parsed_sem('0X+18'(8)))
2026-03-07T03:51:07 | parse_session | parse_case(semantic('1X+10'(9)),gen_status(ok),gen_tokens([nine,teen]),repaired_tokens([nine,teen]),parser_tokens([nine,teen]),parse_status(parse_fail),parsed_sem(none))
2026-03-07T03:51:07 | parse_session | parse_case(semantic('1X+20'(1)),gen_status(ok),gen_tokens([twenty,one]),repaired_tokens([twenty,one]),parser_tokens([twenty_,one]),parse_status(ok),parsed_sem('1X+20'(1)))
2026-03-07T03:51:07 | parse_session | parse_case(semantic('1X+20'(2)),gen_status(ok),gen_tokens([twenty,two]),repaired_tokens([twenty,two]),parser_tokens([twenty_,two]),parse_status(ok),parsed_sem('1X+20'(2)))
2026-03-07T03:51:07 | parse_session | parse_case(semantic('1X+20'(3)),gen_status(ok),gen_tokens([twenty,three]),repaired_tokens([twenty,three]),parser_tokens([twenty_,three]),parse_status(ok),parsed_sem('1X+20'(3)))
2026-03-07T03:51:07 | parse_session | parse_case(semantic('1X+20'(4)),gen_status(ok),gen_tokens([twenty]),repaired_tokens([twenty,four]),parser_tokens([twenty_,four]),parse_status(ok),parsed_sem('1X+20'(4)))
2026-03-07T03:51:07 | parse_session | parse_case(semantic('1X+20'(5)),gen_status(ok),gen_tokens([twenty,five]),repaired_tokens([twenty,five]),parser_tokens([twenty_,five]),parse_status(ok),parsed_sem('1X+20'(5)))
2026-03-07T03:51:07 | parse_session | parse_case(semantic('1X+20'(6)),gen_status(ok),gen_tokens([twenty]),repaired_tokens([twenty,six]),parser_tokens([twenty_,six]),parse_status(ok),parsed_sem('1X+20'(6)))
2026-03-07T03:51:07 | parse_session | parse_case(semantic('1X+20'(7)),gen_status(ok),gen_tokens([twenty]),repaired_tokens([twenty,seven]),parser_tokens([twenty_,seven]),parse_status(ok),parsed_sem('1X+20'(7)))
2026-03-07T03:51:07 | parse_session | parse_case(semantic('1X+20'(8)),gen_status(ok),gen_tokens([twenty]),repaired_tokens([twenty,eight]),parser_tokens([twenty_,eight]),parse_status(ok),parsed_sem('1X+20'(8)))
2026-03-07T03:51:07 | parse_session | parse_case(semantic('1X+20'(9)),gen_status(ok),gen_tokens([twenty]),repaired_tokens([twenty,nine]),parser_tokens([twenty_,nine]),parse_status(ok),parsed_sem('1X+20'(9)))
2026-03-07T03:51:07 | parse_session | parse_case(semantic('1X+30'(1)),gen_status(ok),gen_tokens([thirty,one]),repaired_tokens([thirty,one]),parser_tokens([thirty_,one]),parse_status(ok),parsed_sem('1X+30'(1)))
2026-03-07T03:51:07 | parse_session | parse_case(semantic('1X+30'(2)),gen_status(ok),gen_tokens([thirty,two]),repaired_tokens([thirty,two]),parser_tokens([thirty_,two]),parse_status(ok),parsed_sem('1X+30'(2)))
2026-03-07T03:51:07 | parse_session | parse_case(semantic('1X+30'(3)),gen_status(ok),gen_tokens([thirty,three]),repaired_tokens([thirty,three]),parser_tokens([thirty_,three]),parse_status(ok),parsed_sem('1X+30'(3)))
2026-03-07T03:51:07 | parse_session | parse_case(semantic('1X+30'(4)),gen_status(ok),gen_tokens([thirty]),repaired_tokens([thirty,four]),parser_tokens([thirty_,four]),parse_status(ok),parsed_sem('1X+30'(4)))
2026-03-07T03:51:07 | parse_session | parse_case(semantic('1X+30'(5)),gen_status(ok),gen_tokens([thirty,five]),repaired_tokens([thirty,five]),parser_tokens([thirty_,five]),parse_status(ok),parsed_sem('1X+30'(5)))
2026-03-07T03:51:07 | parse_session | parse_case(semantic('1X+30'(6)),gen_status(ok),gen_tokens([thirty]),repaired_tokens([thirty,six]),parser_tokens([thirty_,six]),parse_status(ok),parsed_sem('1X+30'(6)))
2026-03-07T03:51:07 | parse_session | parse_case(semantic('1X+30'(7)),gen_status(ok),gen_tokens([thirty]),repaired_tokens([thirty,seven]),parser_tokens([thirty_,seven]),parse_status(ok),parsed_sem('1X+30'(7)))
2026-03-07T03:51:07 | parse_session | parse_case(semantic('1X+30'(8)),gen_status(ok),gen_tokens([thirty]),repaired_tokens([thirty,eight]),parser_tokens([thirty_,eight]),parse_status(ok),parsed_sem('1X+30'(8)))
2026-03-07T03:51:07 | parse_session | parse_case(semantic('1X+30'(9)),gen_status(ok),gen_tokens([thirty]),repaired_tokens([thirty,nine]),parser_tokens([thirty_,nine]),parse_status(ok),parsed_sem('1X+30'(9)))
2026-03-07T03:51:07 | parse_session | parse_case(semantic('1X+50'(1)),gen_status(ok),gen_tokens([fifty,one]),repaired_tokens([fifty,one]),parser_tokens([fifty_,one]),parse_status(ok),parsed_sem('1X+50'(1)))
2026-03-07T03:51:07 | parse_session | parse_case(semantic('1X+50'(2)),gen_status(ok),gen_tokens([fifty,two]),repaired_tokens([fifty,two]),parser_tokens([fifty_,two]),parse_status(ok),parsed_sem('1X+50'(2)))
2026-03-07T03:51:07 | parse_session | parse_case(semantic('1X+50'(3)),gen_status(ok),gen_tokens([fifty,three]),repaired_tokens([fifty,three]),parser_tokens([fifty_,three]),parse_status(ok),parsed_sem('1X+50'(3)))
2026-03-07T03:51:07 | parse_session | parse_case(semantic('1X+50'(4)),gen_status(ok),gen_tokens([fifty]),repaired_tokens([fifty,four]),parser_tokens([fifty_,four]),parse_status(ok),parsed_sem('1X+50'(4)))
2026-03-07T03:51:07 | parse_session | parse_case(semantic('1X+50'(5)),gen_status(ok),gen_tokens([fifty,five]),repaired_tokens([fifty,five]),parser_tokens([fifty_,five]),parse_status(ok),parsed_sem('1X+50'(5)))
2026-03-07T03:51:07 | parse_session | parse_case(semantic('1X+50'(6)),gen_status(ok),gen_tokens([fifty]),repaired_tokens([fifty,six]),parser_tokens([fifty_,six]),parse_status(ok),parsed_sem('1X+50'(6)))
2026-03-07T03:51:07 | parse_session | parse_case(semantic('1X+50'(7)),gen_status(ok),gen_tokens([fifty]),repaired_tokens([fifty,seven]),parser_tokens([fifty_,seven]),parse_status(ok),parsed_sem('1X+50'(7)))
2026-03-07T03:51:07 | parse_session | parse_case(semantic('1X+50'(8)),gen_status(ok),gen_tokens([fifty]),repaired_tokens([fifty,eight]),parser_tokens([fifty_,eight]),parse_status(ok),parsed_sem('1X+50'(8)))
2026-03-07T03:51:07 | parse_session | parse_case(semantic('1X+50'(9)),gen_status(ok),gen_tokens([fifty]),repaired_tokens([fifty,nine]),parser_tokens([fifty_,nine]),parse_status(ok),parsed_sem('1X+50'(9)))
2026-03-07T03:51:07 | parse_session | parse_case(semantic('1X+40'(4)),gen_status(gen_empty_yield),gen_tokens([]),repaired_tokens([]),parser_tokens([]),parse_status(parse_skipped_empty_tokens),parsed_sem(none))
2026-03-07T03:51:07 | parse_session | parse_case(semantic('1X+60'(4)),gen_status(gen_empty_yield),gen_tokens([]),repaired_tokens([]),parser_tokens([]),parse_status(parse_skipped_empty_tokens),parsed_sem(none))
2026-03-07T03:51:07 | parse_session | parse_case(semantic('1X+70'(4)),gen_status(gen_empty_yield),gen_tokens([]),repaired_tokens([]),parser_tokens([]),parse_status(parse_skipped_empty_tokens),parsed_sem(none))
2026-03-07T03:51:07 | parse_session | parse_case(semantic('1X+80'(4)),gen_status(gen_empty_yield),gen_tokens([]),repaired_tokens([]),parser_tokens([]),parse_status(parse_skipped_empty_tokens),parsed_sem(none))
2026-03-07T03:51:07 | parse_session | parse_case(semantic('1X+90'(4)),gen_status(gen_empty_yield),gen_tokens([]),repaired_tokens([]),parser_tokens([]),parse_status(parse_skipped_empty_tokens),parsed_sem(none))
2026-03-07T03:51:07 | system | parse_run_end
2026-03-07T03:51:07 | system | compare_start
2026-03-07T03:51:07 | compare | case_result(verdict(pass),semantic(1),gen_status(ok),gen_tokens([one]),repaired_tokens([one]),parser_tokens([one]),parse_status(ok),parsed_sem(1))
2026-03-07T03:51:07 | compare | case_result(verdict(pass),semantic(2),gen_status(ok),gen_tokens([two]),repaired_tokens([two]),parser_tokens([two]),parse_status(ok),parsed_sem(2))
2026-03-07T03:51:07 | compare | case_result(verdict(pass),semantic(3),gen_status(ok),gen_tokens([three]),repaired_tokens([three]),parser_tokens([three]),parse_status(ok),parsed_sem(3))
2026-03-07T03:51:07 | compare | case_result(verdict(pass),semantic(4),gen_status(ok),gen_tokens([four]),repaired_tokens([four]),parser_tokens([four]),parse_status(ok),parsed_sem(4))
2026-03-07T03:51:07 | compare | case_result(verdict(pass),semantic(5),gen_status(ok),gen_tokens([five]),repaired_tokens([five]),parser_tokens([five]),parse_status(ok),parsed_sem(5))
2026-03-07T03:51:07 | compare | case_result(verdict(pass),semantic(6),gen_status(ok),gen_tokens([six]),repaired_tokens([six]),parser_tokens([six]),parse_status(ok),parsed_sem(6))
2026-03-07T03:51:07 | compare | case_result(verdict(pass),semantic(7),gen_status(ok),gen_tokens([seven]),repaired_tokens([seven]),parser_tokens([seven]),parse_status(ok),parsed_sem(7))
2026-03-07T03:51:07 | compare | case_result(verdict(pass),semantic(8),gen_status(ok),gen_tokens([eight]),repaired_tokens([eight]),parser_tokens([eight]),parse_status(ok),parsed_sem(8))
2026-03-07T03:51:07 | compare | case_result(verdict(pass),semantic(9),gen_status(ok),gen_tokens([nine]),repaired_tokens([nine]),parser_tokens([nine]),parse_status(ok),parsed_sem(9))
2026-03-07T03:51:07 | compare | case_result(verdict(pass),semantic(10),gen_status(ok),gen_tokens([ten]),repaired_tokens([ten]),parser_tokens([ten]),parse_status(ok),parsed_sem(10))
2026-03-07T03:51:07 | compare | case_result(verdict(pass),semantic(11),gen_status(ok),gen_tokens([eleven]),repaired_tokens([eleven]),parser_tokens([eleven]),parse_status(ok),parsed_sem(11))
2026-03-07T03:51:07 | compare | case_result(verdict(pass),semantic(12),gen_status(ok),gen_tokens([twelve]),repaired_tokens([twelve]),parser_tokens([twelve]),parse_status(ok),parsed_sem(12))
2026-03-07T03:51:07 | compare | case_result(verdict(pass),semantic(13),gen_status(ok),gen_tokens([thirteen]),repaired_tokens([thirteen]),parser_tokens([thirteen]),parse_status(ok),parsed_sem(13))
2026-03-07T03:51:07 | compare | case_result(verdict(pass),semantic(15),gen_status(ok),gen_tokens([fifteen]),repaired_tokens([fifteen]),parser_tokens([fifteen]),parse_status(ok),parsed_sem(15))
2026-03-07T03:51:07 | compare | case_result(verdict(gen_empty_yield),semantic(18),gen_status(gen_empty_yield),gen_tokens([]),repaired_tokens([]),parser_tokens([]),parse_status(parse_skipped_empty_tokens),parsed_sem(none))
2026-03-07T03:51:07 | compare | case_result(verdict(pass),semantic(20),gen_status(ok),gen_tokens([twenty]),repaired_tokens([twenty]),parser_tokens([twenty]),parse_status(ok),parsed_sem(20))
2026-03-07T03:51:07 | compare | case_result(verdict(pass),semantic(30),gen_status(ok),gen_tokens([thirty]),repaired_tokens([thirty]),parser_tokens([thirty]),parse_status(ok),parsed_sem(30))
2026-03-07T03:51:07 | compare | case_result(verdict(pass),semantic(50),gen_status(ok),gen_tokens([fifty]),repaired_tokens([fifty]),parser_tokens([fifty]),parse_status(ok),parsed_sem(50))
2026-03-07T03:51:07 | compare | case_result(verdict(pass),semantic('1X+10'(4)),gen_status(ok),gen_tokens([four,teen]),repaired_tokens([four,teen]),parser_tokens([four,teen]),parse_status(ok),parsed_sem('1X+10'(4)))
2026-03-07T03:51:07 | compare | case_result(verdict(parse_fail),semantic('1X+10'(6)),gen_status(ok),gen_tokens([six,teen]),repaired_tokens([six,teen]),parser_tokens([six,teen]),parse_status(parse_fail),parsed_sem(none))
2026-03-07T03:51:07 | compare | case_result(verdict(parse_fail),semantic('1X+10'(7)),gen_status(ok),gen_tokens([seven,teen]),repaired_tokens([seven,teen]),parser_tokens([seven,teen]),parse_status(parse_fail),parsed_sem(none))
2026-03-07T03:51:07 | compare | case_result(verdict(pass),semantic('0X+18'(8)),gen_status(ok),gen_tokens([eight,een]),repaired_tokens([eight,een]),parser_tokens([eight,een]),parse_status(ok),parsed_sem('0X+18'(8)))
2026-03-07T03:51:07 | compare | case_result(verdict(parse_fail),semantic('1X+10'(9)),gen_status(ok),gen_tokens([nine,teen]),repaired_tokens([nine,teen]),parser_tokens([nine,teen]),parse_status(parse_fail),parsed_sem(none))
2026-03-07T03:51:07 | compare | case_result(verdict(pass),semantic('1X+20'(1)),gen_status(ok),gen_tokens([twenty,one]),repaired_tokens([twenty,one]),parser_tokens([twenty_,one]),parse_status(ok),parsed_sem('1X+20'(1)))
2026-03-07T03:51:07 | compare | case_result(verdict(pass),semantic('1X+20'(2)),gen_status(ok),gen_tokens([twenty,two]),repaired_tokens([twenty,two]),parser_tokens([twenty_,two]),parse_status(ok),parsed_sem('1X+20'(2)))
2026-03-07T03:51:07 | compare | case_result(verdict(pass),semantic('1X+20'(3)),gen_status(ok),gen_tokens([twenty,three]),repaired_tokens([twenty,three]),parser_tokens([twenty_,three]),parse_status(ok),parsed_sem('1X+20'(3)))
2026-03-07T03:51:07 | compare | case_result(verdict(pass_repaired),semantic('1X+20'(4)),gen_status(ok),gen_tokens([twenty]),repaired_tokens([twenty,four]),parser_tokens([twenty_,four]),parse_status(ok),parsed_sem('1X+20'(4)))
2026-03-07T03:51:07 | compare | case_result(verdict(pass),semantic('1X+20'(5)),gen_status(ok),gen_tokens([twenty,five]),repaired_tokens([twenty,five]),parser_tokens([twenty_,five]),parse_status(ok),parsed_sem('1X+20'(5)))
2026-03-07T03:51:07 | compare | case_result(verdict(pass_repaired),semantic('1X+20'(6)),gen_status(ok),gen_tokens([twenty]),repaired_tokens([twenty,six]),parser_tokens([twenty_,six]),parse_status(ok),parsed_sem('1X+20'(6)))
2026-03-07T03:51:07 | compare | case_result(verdict(pass_repaired),semantic('1X+20'(7)),gen_status(ok),gen_tokens([twenty]),repaired_tokens([twenty,seven]),parser_tokens([twenty_,seven]),parse_status(ok),parsed_sem('1X+20'(7)))
2026-03-07T03:51:07 | compare | case_result(verdict(pass_repaired),semantic('1X+20'(8)),gen_status(ok),gen_tokens([twenty]),repaired_tokens([twenty,eight]),parser_tokens([twenty_,eight]),parse_status(ok),parsed_sem('1X+20'(8)))
2026-03-07T03:51:07 | compare | case_result(verdict(pass_repaired),semantic('1X+20'(9)),gen_status(ok),gen_tokens([twenty]),repaired_tokens([twenty,nine]),parser_tokens([twenty_,nine]),parse_status(ok),parsed_sem('1X+20'(9)))
2026-03-07T03:51:07 | compare | case_result(verdict(pass),semantic('1X+30'(1)),gen_status(ok),gen_tokens([thirty,one]),repaired_tokens([thirty,one]),parser_tokens([thirty_,one]),parse_status(ok),parsed_sem('1X+30'(1)))
2026-03-07T03:51:07 | compare | case_result(verdict(pass),semantic('1X+30'(2)),gen_status(ok),gen_tokens([thirty,two]),repaired_tokens([thirty,two]),parser_tokens([thirty_,two]),parse_status(ok),parsed_sem('1X+30'(2)))
2026-03-07T03:51:07 | compare | case_result(verdict(pass),semantic('1X+30'(3)),gen_status(ok),gen_tokens([thirty,three]),repaired_tokens([thirty,three]),parser_tokens([thirty_,three]),parse_status(ok),parsed_sem('1X+30'(3)))
2026-03-07T03:51:07 | compare | case_result(verdict(pass_repaired),semantic('1X+30'(4)),gen_status(ok),gen_tokens([thirty]),repaired_tokens([thirty,four]),parser_tokens([thirty_,four]),parse_status(ok),parsed_sem('1X+30'(4)))
2026-03-07T03:51:07 | compare | case_result(verdict(pass),semantic('1X+30'(5)),gen_status(ok),gen_tokens([thirty,five]),repaired_tokens([thirty,five]),parser_tokens([thirty_,five]),parse_status(ok),parsed_sem('1X+30'(5)))
2026-03-07T03:51:07 | compare | case_result(verdict(pass_repaired),semantic('1X+30'(6)),gen_status(ok),gen_tokens([thirty]),repaired_tokens([thirty,six]),parser_tokens([thirty_,six]),parse_status(ok),parsed_sem('1X+30'(6)))
2026-03-07T03:51:07 | compare | case_result(verdict(pass_repaired),semantic('1X+30'(7)),gen_status(ok),gen_tokens([thirty]),repaired_tokens([thirty,seven]),parser_tokens([thirty_,seven]),parse_status(ok),parsed_sem('1X+30'(7)))
2026-03-07T03:51:07 | compare | case_result(verdict(pass_repaired),semantic('1X+30'(8)),gen_status(ok),gen_tokens([thirty]),repaired_tokens([thirty,eight]),parser_tokens([thirty_,eight]),parse_status(ok),parsed_sem('1X+30'(8)))
2026-03-07T03:51:07 | compare | case_result(verdict(pass_repaired),semantic('1X+30'(9)),gen_status(ok),gen_tokens([thirty]),repaired_tokens([thirty,nine]),parser_tokens([thirty_,nine]),parse_status(ok),parsed_sem('1X+30'(9)))
2026-03-07T03:51:07 | compare | case_result(verdict(pass),semantic('1X+50'(1)),gen_status(ok),gen_tokens([fifty,one]),repaired_tokens([fifty,one]),parser_tokens([fifty_,one]),parse_status(ok),parsed_sem('1X+50'(1)))
2026-03-07T03:51:07 | compare | case_result(verdict(pass),semantic('1X+50'(2)),gen_status(ok),gen_tokens([fifty,two]),repaired_tokens([fifty,two]),parser_tokens([fifty_,two]),parse_status(ok),parsed_sem('1X+50'(2)))
2026-03-07T03:51:07 | compare | case_result(verdict(pass),semantic('1X+50'(3)),gen_status(ok),gen_tokens([fifty,three]),repaired_tokens([fifty,three]),parser_tokens([fifty_,three]),parse_status(ok),parsed_sem('1X+50'(3)))
2026-03-07T03:51:07 | compare | case_result(verdict(pass_repaired),semantic('1X+50'(4)),gen_status(ok),gen_tokens([fifty]),repaired_tokens([fifty,four]),parser_tokens([fifty_,four]),parse_status(ok),parsed_sem('1X+50'(4)))
2026-03-07T03:51:07 | compare | case_result(verdict(pass),semantic('1X+50'(5)),gen_status(ok),gen_tokens([fifty,five]),repaired_tokens([fifty,five]),parser_tokens([fifty_,five]),parse_status(ok),parsed_sem('1X+50'(5)))
2026-03-07T03:51:07 | compare | case_result(verdict(pass_repaired),semantic('1X+50'(6)),gen_status(ok),gen_tokens([fifty]),repaired_tokens([fifty,six]),parser_tokens([fifty_,six]),parse_status(ok),parsed_sem('1X+50'(6)))
2026-03-07T03:51:07 | compare | case_result(verdict(pass_repaired),semantic('1X+50'(7)),gen_status(ok),gen_tokens([fifty]),repaired_tokens([fifty,seven]),parser_tokens([fifty_,seven]),parse_status(ok),parsed_sem('1X+50'(7)))
2026-03-07T03:51:07 | compare | case_result(verdict(pass_repaired),semantic('1X+50'(8)),gen_status(ok),gen_tokens([fifty]),repaired_tokens([fifty,eight]),parser_tokens([fifty_,eight]),parse_status(ok),parsed_sem('1X+50'(8)))
2026-03-07T03:51:07 | compare | case_result(verdict(pass_repaired),semantic('1X+50'(9)),gen_status(ok),gen_tokens([fifty]),repaired_tokens([fifty,nine]),parser_tokens([fifty_,nine]),parse_status(ok),parsed_sem('1X+50'(9)))
2026-03-07T03:51:07 | compare | case_result(verdict(gen_empty_yield),semantic('1X+40'(4)),gen_status(gen_empty_yield),gen_tokens([]),repaired_tokens([]),parser_tokens([]),parse_status(parse_skipped_empty_tokens),parsed_sem(none))
2026-03-07T03:51:07 | compare | case_result(verdict(gen_empty_yield),semantic('1X+60'(4)),gen_status(gen_empty_yield),gen_tokens([]),repaired_tokens([]),parser_tokens([]),parse_status(parse_skipped_empty_tokens),parsed_sem(none))
2026-03-07T03:51:07 | compare | case_result(verdict(gen_empty_yield),semantic('1X+70'(4)),gen_status(gen_empty_yield),gen_tokens([]),repaired_tokens([]),parser_tokens([]),parse_status(parse_skipped_empty_tokens),parsed_sem(none))
2026-03-07T03:51:07 | compare | case_result(verdict(gen_empty_yield),semantic('1X+80'(4)),gen_status(gen_empty_yield),gen_tokens([]),repaired_tokens([]),parser_tokens([]),parse_status(parse_skipped_empty_tokens),parsed_sem(none))
2026-03-07T03:51:07 | compare | case_result(verdict(gen_empty_yield),semantic('1X+90'(4)),gen_status(gen_empty_yield),gen_tokens([]),repaired_tokens([]),parser_tokens([]),parse_status(parse_skipped_empty_tokens),parsed_sem(none))
2026-03-07T03:51:07 | compare | totals(pass(31),pass_repaired(15),gen_empty_yield(6),gen_fail(0),gen_error(0),parse_skipped_empty_tokens(0),parse_fail(3),semantic_mismatch(0))
2026-03-07T03:51:07 | system | compare_end
2026-03-07T03:51:20 | system | reverse_run_start
2026-03-07T03:51:20 | reverse_session | reverse_case(input_tokens([one]),parse_status(ok),parsed_sem(app(unknown_sem(li([],[=c1,cfin])),1)),gen_status(gen_empty_yield),raw_gen_tokens([]),normalized_gen_tokens([]))
2026-03-07T03:51:20 | reverse_session | reverse_case(input_tokens([two]),parse_status(ok),parsed_sem(app(unknown_sem(li([],[=c1,cfin])),2)),gen_status(gen_empty_yield),raw_gen_tokens([]),normalized_gen_tokens([]))
2026-03-07T03:51:20 | reverse_session | reverse_case(input_tokens([three]),parse_status(ok),parsed_sem(app(unknown_sem(li([],[=c1,cfin])),3)),gen_status(gen_empty_yield),raw_gen_tokens([]),normalized_gen_tokens([]))
2026-03-07T04:01:49 | system | reverse_parse_run_start
2026-03-07T04:01:50 | reverse_parse_session | reverse_parse_case(input_tokens([one]),parse_status(ok),parsed_sem(1))
2026-03-07T04:01:50 | reverse_parse_session | reverse_parse_case(input_tokens([two]),parse_status(ok),parsed_sem(2))
2026-03-07T04:01:50 | reverse_parse_session | reverse_parse_case(input_tokens([three]),parse_status(ok),parsed_sem(3))
2026-03-07T04:01:50 | reverse_parse_session | reverse_parse_case(input_tokens([four]),parse_status(ok),parsed_sem(4))
2026-03-07T04:01:50 | reverse_parse_session | reverse_parse_case(input_tokens([five]),parse_status(ok),parsed_sem(5))
2026-03-07T04:01:50 | reverse_parse_session | reverse_parse_case(input_tokens([six]),parse_status(ok),parsed_sem(6))
2026-03-07T04:01:50 | reverse_parse_session | reverse_parse_case(input_tokens([seven]),parse_status(ok),parsed_sem(7))
2026-03-07T04:01:50 | reverse_parse_session | reverse_parse_case(input_tokens([eight]),parse_status(ok),parsed_sem(8))
2026-03-07T04:01:50 | reverse_parse_session | reverse_parse_case(input_tokens([nine]),parse_status(ok),parsed_sem(9))
2026-03-07T04:01:50 | reverse_parse_session | reverse_parse_case(input_tokens([ten]),parse_status(ok),parsed_sem(10))
2026-03-07T04:01:50 | reverse_parse_session | reverse_parse_case(input_tokens([eleven]),parse_status(ok),parsed_sem(11))
2026-03-07T04:01:50 | reverse_parse_session | reverse_parse_case(input_tokens([twelve]),parse_status(ok),parsed_sem(12))
2026-03-07T04:01:50 | reverse_parse_session | reverse_parse_case(input_tokens([thirteen]),parse_status(ok),parsed_sem(13))
2026-03-07T04:01:50 | reverse_parse_session | reverse_parse_case(input_tokens([fifteen]),parse_status(ok),parsed_sem(15))
2026-03-07T04:01:50 | reverse_parse_session | reverse_parse_case(input_tokens([four,teen]),parse_status(ok),parsed_sem('1X+10'(4)))
2026-03-07T04:01:50 | reverse_parse_session | reverse_parse_case(input_tokens([eight,een]),parse_status(ok),parsed_sem('0X+18'(8)))
2026-03-07T04:01:50 | reverse_parse_session | reverse_parse_case(input_tokens([twenty]),parse_status(ok),parsed_sem(20))
2026-03-07T04:01:50 | reverse_parse_session | reverse_parse_case(input_tokens([thirty]),parse_status(ok),parsed_sem(30))
2026-03-07T04:01:50 | reverse_parse_session | reverse_parse_case(input_tokens([fifty]),parse_status(ok),parsed_sem(50))
2026-03-07T04:01:50 | reverse_parse_session | reverse_parse_case(input_tokens([twenty_,one]),parse_status(ok),parsed_sem('1X+20'(1)))
2026-03-07T04:01:50 | reverse_parse_session | reverse_parse_case(input_tokens([twenty_,two]),parse_status(ok),parsed_sem('1X+20'(2)))
2026-03-07T04:01:50 | reverse_parse_session | reverse_parse_case(input_tokens([twenty_,three]),parse_status(ok),parsed_sem('1X+20'(3)))
2026-03-07T04:01:50 | reverse_parse_session | reverse_parse_case(input_tokens([twenty_,four]),parse_status(ok),parsed_sem('1X+20'(4)))
2026-03-07T04:01:50 | reverse_parse_session | reverse_parse_case(input_tokens([twenty_,five]),parse_status(ok),parsed_sem('1X+20'(5)))
2026-03-07T04:01:50 | reverse_parse_session | reverse_parse_case(input_tokens([twenty_,six]),parse_status(ok),parsed_sem('1X+20'(6)))
2026-03-07T04:01:50 | reverse_parse_session | reverse_parse_case(input_tokens([twenty_,seven]),parse_status(ok),parsed_sem('1X+20'(7)))
2026-03-07T04:01:50 | reverse_parse_session | reverse_parse_case(input_tokens([twenty_,eight]),parse_status(ok),parsed_sem('1X+20'(8)))
2026-03-07T04:01:50 | reverse_parse_session | reverse_parse_case(input_tokens([twenty_,nine]),parse_status(ok),parsed_sem('1X+20'(9)))
2026-03-07T04:01:50 | reverse_parse_session | reverse_parse_case(input_tokens([thirty_,one]),parse_status(ok),parsed_sem('1X+30'(1)))
2026-03-07T04:01:50 | reverse_parse_session | reverse_parse_case(input_tokens([thirty_,two]),parse_status(ok),parsed_sem('1X+30'(2)))
2026-03-07T04:01:50 | reverse_parse_session | reverse_parse_case(input_tokens([thirty_,three]),parse_status(ok),parsed_sem('1X+30'(3)))
2026-03-07T04:01:50 | reverse_parse_session | reverse_parse_case(input_tokens([thirty_,four]),parse_status(ok),parsed_sem('1X+30'(4)))
2026-03-07T04:01:50 | reverse_parse_session | reverse_parse_case(input_tokens([thirty_,five]),parse_status(ok),parsed_sem('1X+30'(5)))
2026-03-07T04:01:50 | reverse_parse_session | reverse_parse_case(input_tokens([thirty_,six]),parse_status(ok),parsed_sem('1X+30'(6)))
2026-03-07T04:01:50 | reverse_parse_session | reverse_parse_case(input_tokens([thirty_,seven]),parse_status(ok),parsed_sem('1X+30'(7)))
2026-03-07T04:01:50 | reverse_parse_session | reverse_parse_case(input_tokens([thirty_,eight]),parse_status(ok),parsed_sem('1X+30'(8)))
2026-03-07T04:01:50 | reverse_parse_session | reverse_parse_case(input_tokens([thirty_,nine]),parse_status(ok),parsed_sem('1X+30'(9)))
2026-03-07T04:01:50 | reverse_parse_session | reverse_parse_case(input_tokens([fifty_,one]),parse_status(ok),parsed_sem('1X+50'(1)))
2026-03-07T04:01:50 | reverse_parse_session | reverse_parse_case(input_tokens([fifty_,two]),parse_status(ok),parsed_sem('1X+50'(2)))
2026-03-07T04:01:50 | reverse_parse_session | reverse_parse_case(input_tokens([fifty_,three]),parse_status(ok),parsed_sem('1X+50'(3)))
2026-03-07T04:01:50 | reverse_parse_session | reverse_parse_case(input_tokens([fifty_,four]),parse_status(ok),parsed_sem('1X+50'(4)))
2026-03-07T04:01:50 | reverse_parse_session | reverse_parse_case(input_tokens([fifty_,five]),parse_status(ok),parsed_sem('1X+50'(5)))
2026-03-07T04:01:50 | reverse_parse_session | reverse_parse_case(input_tokens([fifty_,six]),parse_status(ok),parsed_sem('1X+50'(6)))
2026-03-07T04:01:50 | reverse_parse_session | reverse_parse_case(input_tokens([fifty_,seven]),parse_status(ok),parsed_sem('1X+50'(7)))
2026-03-07T04:01:50 | reverse_parse_session | reverse_parse_case(input_tokens([fifty_,eight]),parse_status(ok),parsed_sem('1X+50'(8)))
2026-03-07T04:01:50 | reverse_parse_session | reverse_parse_case(input_tokens([fifty_,nine]),parse_status(ok),parsed_sem('1X+50'(9)))
2026-03-07T04:01:50 | system | reverse_parse_run_end
2026-03-07T04:01:50 | system | reverse_gen_run_start
2026-03-07T04:01:50 | reverse_gen_session | reverse_case(input_tokens([one]),parse_status(ok),parsed_sem(1),gen_status(ok),raw_gen_tokens([one]),normalized_gen_tokens([one]))
2026-03-07T04:01:50 | reverse_gen_session | reverse_case(input_tokens([two]),parse_status(ok),parsed_sem(2),gen_status(ok),raw_gen_tokens([two]),normalized_gen_tokens([two]))
2026-03-07T04:01:50 | reverse_gen_session | reverse_case(input_tokens([three]),parse_status(ok),parsed_sem(3),gen_status(ok),raw_gen_tokens([three]),normalized_gen_tokens([three]))
2026-03-07T04:01:50 | reverse_gen_session | reverse_case(input_tokens([four]),parse_status(ok),parsed_sem(4),gen_status(ok),raw_gen_tokens([four]),normalized_gen_tokens([four]))
2026-03-07T04:01:50 | reverse_gen_session | reverse_case(input_tokens([five]),parse_status(ok),parsed_sem(5),gen_status(ok),raw_gen_tokens([five]),normalized_gen_tokens([five]))
2026-03-07T04:01:50 | reverse_gen_session | reverse_case(input_tokens([six]),parse_status(ok),parsed_sem(6),gen_status(ok),raw_gen_tokens([six]),normalized_gen_tokens([six]))
2026-03-07T04:01:50 | reverse_gen_session | reverse_case(input_tokens([seven]),parse_status(ok),parsed_sem(7),gen_status(ok),raw_gen_tokens([seven]),normalized_gen_tokens([seven]))
2026-03-07T04:01:50 | reverse_gen_session | reverse_case(input_tokens([eight]),parse_status(ok),parsed_sem(8),gen_status(ok),raw_gen_tokens([eight]),normalized_gen_tokens([eight]))
2026-03-07T04:01:50 | reverse_gen_session | reverse_case(input_tokens([nine]),parse_status(ok),parsed_sem(9),gen_status(ok),raw_gen_tokens([nine]),normalized_gen_tokens([nine]))
2026-03-07T04:01:50 | reverse_gen_session | reverse_case(input_tokens([ten]),parse_status(ok),parsed_sem(10),gen_status(ok),raw_gen_tokens([ten]),normalized_gen_tokens([ten]))
2026-03-07T04:01:50 | reverse_gen_session | reverse_case(input_tokens([eleven]),parse_status(ok),parsed_sem(11),gen_status(ok),raw_gen_tokens([eleven]),normalized_gen_tokens([eleven]))
2026-03-07T04:01:50 | reverse_gen_session | reverse_case(input_tokens([twelve]),parse_status(ok),parsed_sem(12),gen_status(ok),raw_gen_tokens([twelve]),normalized_gen_tokens([twelve]))
2026-03-07T04:01:50 | reverse_gen_session | reverse_case(input_tokens([thirteen]),parse_status(ok),parsed_sem(13),gen_status(ok),raw_gen_tokens([thirteen]),normalized_gen_tokens([thirteen]))
2026-03-07T04:01:50 | reverse_gen_session | reverse_case(input_tokens([fifteen]),parse_status(ok),parsed_sem(15),gen_status(ok),raw_gen_tokens([fifteen]),normalized_gen_tokens([fifteen]))
2026-03-07T04:01:50 | reverse_gen_session | reverse_case(input_tokens([four,teen]),parse_status(ok),parsed_sem('1X+10'(4)),gen_status(ok),raw_gen_tokens([four,teen]),normalized_gen_tokens([four,teen]))
2026-03-07T04:01:50 | reverse_gen_session | reverse_case(input_tokens([eight,een]),parse_status(ok),parsed_sem('0X+18'(8)),gen_status(ok),raw_gen_tokens([eight,een]),normalized_gen_tokens([eight,een]))
2026-03-07T04:01:50 | reverse_gen_session | reverse_case(input_tokens([twenty]),parse_status(ok),parsed_sem(20),gen_status(ok),raw_gen_tokens([twenty]),normalized_gen_tokens([twenty]))
2026-03-07T04:01:50 | reverse_gen_session | reverse_case(input_tokens([thirty]),parse_status(ok),parsed_sem(30),gen_status(ok),raw_gen_tokens([thirty]),normalized_gen_tokens([thirty]))
2026-03-07T04:01:50 | reverse_gen_session | reverse_case(input_tokens([fifty]),parse_status(ok),parsed_sem(50),gen_status(ok),raw_gen_tokens([fifty]),normalized_gen_tokens([fifty]))
2026-03-07T04:01:50 | reverse_gen_session | reverse_case(input_tokens([twenty_,one]),parse_status(ok),parsed_sem('1X+20'(1)),gen_status(ok),raw_gen_tokens([twenty,one]),normalized_gen_tokens([twenty_,one]))
2026-03-07T04:01:50 | reverse_gen_session | reverse_case(input_tokens([twenty_,two]),parse_status(ok),parsed_sem('1X+20'(2)),gen_status(ok),raw_gen_tokens([twenty,two]),normalized_gen_tokens([twenty_,two]))
2026-03-07T04:01:50 | reverse_gen_session | reverse_case(input_tokens([twenty_,three]),parse_status(ok),parsed_sem('1X+20'(3)),gen_status(ok),raw_gen_tokens([twenty,three]),normalized_gen_tokens([twenty_,three]))
2026-03-07T04:01:50 | reverse_gen_session | reverse_case(input_tokens([twenty_,four]),parse_status(ok),parsed_sem('1X+20'(4)),gen_status(ok),raw_gen_tokens([twenty]),normalized_gen_tokens([twenty]))
2026-03-07T04:01:50 | reverse_gen_session | reverse_case(input_tokens([twenty_,five]),parse_status(ok),parsed_sem('1X+20'(5)),gen_status(ok),raw_gen_tokens([twenty,five]),normalized_gen_tokens([twenty_,five]))
2026-03-07T04:01:50 | reverse_gen_session | reverse_case(input_tokens([twenty_,six]),parse_status(ok),parsed_sem('1X+20'(6)),gen_status(ok),raw_gen_tokens([twenty]),normalized_gen_tokens([twenty]))
2026-03-07T04:01:50 | reverse_gen_session | reverse_case(input_tokens([twenty_,seven]),parse_status(ok),parsed_sem('1X+20'(7)),gen_status(ok),raw_gen_tokens([twenty]),normalized_gen_tokens([twenty]))
2026-03-07T04:01:50 | reverse_gen_session | reverse_case(input_tokens([twenty_,eight]),parse_status(ok),parsed_sem('1X+20'(8)),gen_status(ok),raw_gen_tokens([twenty]),normalized_gen_tokens([twenty]))
2026-03-07T04:01:50 | reverse_gen_session | reverse_case(input_tokens([twenty_,nine]),parse_status(ok),parsed_sem('1X+20'(9)),gen_status(ok),raw_gen_tokens([twenty]),normalized_gen_tokens([twenty]))
2026-03-07T04:01:50 | reverse_gen_session | reverse_case(input_tokens([thirty_,one]),parse_status(ok),parsed_sem('1X+30'(1)),gen_status(ok),raw_gen_tokens([thirty,one]),normalized_gen_tokens([thirty_,one]))
2026-03-07T04:01:50 | reverse_gen_session | reverse_case(input_tokens([thirty_,two]),parse_status(ok),parsed_sem('1X+30'(2)),gen_status(ok),raw_gen_tokens([thirty,two]),normalized_gen_tokens([thirty_,two]))
2026-03-07T04:01:50 | reverse_gen_session | reverse_case(input_tokens([thirty_,three]),parse_status(ok),parsed_sem('1X+30'(3)),gen_status(ok),raw_gen_tokens([thirty,three]),normalized_gen_tokens([thirty_,three]))
2026-03-07T04:01:50 | reverse_gen_session | reverse_case(input_tokens([thirty_,four]),parse_status(ok),parsed_sem('1X+30'(4)),gen_status(ok),raw_gen_tokens([thirty]),normalized_gen_tokens([thirty]))
2026-03-07T04:01:50 | reverse_gen_session | reverse_case(input_tokens([thirty_,five]),parse_status(ok),parsed_sem('1X+30'(5)),gen_status(ok),raw_gen_tokens([thirty,five]),normalized_gen_tokens([thirty_,five]))
2026-03-07T04:01:50 | reverse_gen_session | reverse_case(input_tokens([thirty_,six]),parse_status(ok),parsed_sem('1X+30'(6)),gen_status(ok),raw_gen_tokens([thirty]),normalized_gen_tokens([thirty]))
2026-03-07T04:01:50 | reverse_gen_session | reverse_case(input_tokens([thirty_,seven]),parse_status(ok),parsed_sem('1X+30'(7)),gen_status(ok),raw_gen_tokens([thirty]),normalized_gen_tokens([thirty]))
2026-03-07T04:01:50 | reverse_gen_session | reverse_case(input_tokens([thirty_,eight]),parse_status(ok),parsed_sem('1X+30'(8)),gen_status(ok),raw_gen_tokens([thirty]),normalized_gen_tokens([thirty]))
2026-03-07T04:01:50 | reverse_gen_session | reverse_case(input_tokens([thirty_,nine]),parse_status(ok),parsed_sem('1X+30'(9)),gen_status(ok),raw_gen_tokens([thirty]),normalized_gen_tokens([thirty]))
2026-03-07T04:01:50 | reverse_gen_session | reverse_case(input_tokens([fifty_,one]),parse_status(ok),parsed_sem('1X+50'(1)),gen_status(ok),raw_gen_tokens([fifty,one]),normalized_gen_tokens([fifty_,one]))
2026-03-07T04:01:50 | reverse_gen_session | reverse_case(input_tokens([fifty_,two]),parse_status(ok),parsed_sem('1X+50'(2)),gen_status(ok),raw_gen_tokens([fifty,two]),normalized_gen_tokens([fifty_,two]))
2026-03-07T04:01:50 | reverse_gen_session | reverse_case(input_tokens([fifty_,three]),parse_status(ok),parsed_sem('1X+50'(3)),gen_status(ok),raw_gen_tokens([fifty,three]),normalized_gen_tokens([fifty_,three]))
2026-03-07T04:01:50 | reverse_gen_session | reverse_case(input_tokens([fifty_,four]),parse_status(ok),parsed_sem('1X+50'(4)),gen_status(ok),raw_gen_tokens([fifty]),normalized_gen_tokens([fifty]))
2026-03-07T04:01:50 | reverse_gen_session | reverse_case(input_tokens([fifty_,five]),parse_status(ok),parsed_sem('1X+50'(5)),gen_status(ok),raw_gen_tokens([fifty,five]),normalized_gen_tokens([fifty_,five]))
2026-03-07T04:01:50 | reverse_gen_session | reverse_case(input_tokens([fifty_,six]),parse_status(ok),parsed_sem('1X+50'(6)),gen_status(ok),raw_gen_tokens([fifty]),normalized_gen_tokens([fifty]))
2026-03-07T04:01:50 | reverse_gen_session | reverse_case(input_tokens([fifty_,seven]),parse_status(ok),parsed_sem('1X+50'(7)),gen_status(ok),raw_gen_tokens([fifty]),normalized_gen_tokens([fifty]))
2026-03-07T04:01:50 | reverse_gen_session | reverse_case(input_tokens([fifty_,eight]),parse_status(ok),parsed_sem('1X+50'(8)),gen_status(ok),raw_gen_tokens([fifty]),normalized_gen_tokens([fifty]))
2026-03-07T04:01:50 | reverse_gen_session | reverse_case(input_tokens([fifty_,nine]),parse_status(ok),parsed_sem('1X+50'(9)),gen_status(ok),raw_gen_tokens([fifty]),normalized_gen_tokens([fifty]))
2026-03-07T04:01:50 | system | reverse_gen_run_end
2026-03-07T04:01:51 | system | compare_reverse_start
2026-03-07T04:01:51 | compare_reverse | case_result(verdict(reverse_pass),input_tokens([one]),parse_status(ok),parsed_sem(1),gen_status(ok),raw_gen_tokens([one]),normalized_gen_tokens([one]))
2026-03-07T04:01:51 | compare_reverse | case_result(verdict(reverse_pass),input_tokens([two]),parse_status(ok),parsed_sem(2),gen_status(ok),raw_gen_tokens([two]),normalized_gen_tokens([two]))
2026-03-07T04:01:51 | compare_reverse | case_result(verdict(reverse_pass),input_tokens([three]),parse_status(ok),parsed_sem(3),gen_status(ok),raw_gen_tokens([three]),normalized_gen_tokens([three]))
2026-03-07T04:01:51 | compare_reverse | case_result(verdict(reverse_pass),input_tokens([four]),parse_status(ok),parsed_sem(4),gen_status(ok),raw_gen_tokens([four]),normalized_gen_tokens([four]))
2026-03-07T04:01:51 | compare_reverse | case_result(verdict(reverse_pass),input_tokens([five]),parse_status(ok),parsed_sem(5),gen_status(ok),raw_gen_tokens([five]),normalized_gen_tokens([five]))
2026-03-07T04:01:51 | compare_reverse | case_result(verdict(reverse_pass),input_tokens([six]),parse_status(ok),parsed_sem(6),gen_status(ok),raw_gen_tokens([six]),normalized_gen_tokens([six]))
2026-03-07T04:01:51 | compare_reverse | case_result(verdict(reverse_pass),input_tokens([seven]),parse_status(ok),parsed_sem(7),gen_status(ok),raw_gen_tokens([seven]),normalized_gen_tokens([seven]))
2026-03-07T04:01:51 | compare_reverse | case_result(verdict(reverse_pass),input_tokens([eight]),parse_status(ok),parsed_sem(8),gen_status(ok),raw_gen_tokens([eight]),normalized_gen_tokens([eight]))
2026-03-07T04:01:51 | compare_reverse | case_result(verdict(reverse_pass),input_tokens([nine]),parse_status(ok),parsed_sem(9),gen_status(ok),raw_gen_tokens([nine]),normalized_gen_tokens([nine]))
2026-03-07T04:01:51 | compare_reverse | case_result(verdict(reverse_pass),input_tokens([ten]),parse_status(ok),parsed_sem(10),gen_status(ok),raw_gen_tokens([ten]),normalized_gen_tokens([ten]))
2026-03-07T04:01:51 | compare_reverse | case_result(verdict(reverse_pass),input_tokens([eleven]),parse_status(ok),parsed_sem(11),gen_status(ok),raw_gen_tokens([eleven]),normalized_gen_tokens([eleven]))
2026-03-07T04:01:51 | compare_reverse | case_result(verdict(reverse_pass),input_tokens([twelve]),parse_status(ok),parsed_sem(12),gen_status(ok),raw_gen_tokens([twelve]),normalized_gen_tokens([twelve]))
2026-03-07T04:01:51 | compare_reverse | case_result(verdict(reverse_pass),input_tokens([thirteen]),parse_status(ok),parsed_sem(13),gen_status(ok),raw_gen_tokens([thirteen]),normalized_gen_tokens([thirteen]))
2026-03-07T04:01:51 | compare_reverse | case_result(verdict(reverse_pass),input_tokens([fifteen]),parse_status(ok),parsed_sem(15),gen_status(ok),raw_gen_tokens([fifteen]),normalized_gen_tokens([fifteen]))
2026-03-07T04:01:51 | compare_reverse | case_result(verdict(reverse_pass),input_tokens([four,teen]),parse_status(ok),parsed_sem('1X+10'(4)),gen_status(ok),raw_gen_tokens([four,teen]),normalized_gen_tokens([four,teen]))
2026-03-07T04:01:51 | compare_reverse | case_result(verdict(reverse_pass),input_tokens([eight,een]),parse_status(ok),parsed_sem('0X+18'(8)),gen_status(ok),raw_gen_tokens([eight,een]),normalized_gen_tokens([eight,een]))
2026-03-07T04:01:51 | compare_reverse | case_result(verdict(reverse_pass),input_tokens([twenty]),parse_status(ok),parsed_sem(20),gen_status(ok),raw_gen_tokens([twenty]),normalized_gen_tokens([twenty]))
2026-03-07T04:01:51 | compare_reverse | case_result(verdict(reverse_pass),input_tokens([thirty]),parse_status(ok),parsed_sem(30),gen_status(ok),raw_gen_tokens([thirty]),normalized_gen_tokens([thirty]))
2026-03-07T04:01:51 | compare_reverse | case_result(verdict(reverse_pass),input_tokens([fifty]),parse_status(ok),parsed_sem(50),gen_status(ok),raw_gen_tokens([fifty]),normalized_gen_tokens([fifty]))
2026-03-07T04:01:51 | compare_reverse | case_result(verdict(reverse_pass),input_tokens([twenty_,one]),parse_status(ok),parsed_sem('1X+20'(1)),gen_status(ok),raw_gen_tokens([twenty,one]),normalized_gen_tokens([twenty_,one]))
2026-03-07T04:01:51 | compare_reverse | case_result(verdict(reverse_pass),input_tokens([twenty_,two]),parse_status(ok),parsed_sem('1X+20'(2)),gen_status(ok),raw_gen_tokens([twenty,two]),normalized_gen_tokens([twenty_,two]))
2026-03-07T04:01:51 | compare_reverse | case_result(verdict(reverse_pass),input_tokens([twenty_,three]),parse_status(ok),parsed_sem('1X+20'(3)),gen_status(ok),raw_gen_tokens([twenty,three]),normalized_gen_tokens([twenty_,three]))
2026-03-07T04:01:51 | compare_reverse | case_result(verdict(reverse_token_mismatch),input_tokens([twenty_,four]),parse_status(ok),parsed_sem('1X+20'(4)),gen_status(ok),raw_gen_tokens([twenty]),normalized_gen_tokens([twenty]))
2026-03-07T04:01:51 | compare_reverse | case_result(verdict(reverse_pass),input_tokens([twenty_,five]),parse_status(ok),parsed_sem('1X+20'(5)),gen_status(ok),raw_gen_tokens([twenty,five]),normalized_gen_tokens([twenty_,five]))
2026-03-07T04:01:51 | compare_reverse | case_result(verdict(reverse_token_mismatch),input_tokens([twenty_,six]),parse_status(ok),parsed_sem('1X+20'(6)),gen_status(ok),raw_gen_tokens([twenty]),normalized_gen_tokens([twenty]))
2026-03-07T04:01:51 | compare_reverse | case_result(verdict(reverse_token_mismatch),input_tokens([twenty_,seven]),parse_status(ok),parsed_sem('1X+20'(7)),gen_status(ok),raw_gen_tokens([twenty]),normalized_gen_tokens([twenty]))
2026-03-07T04:01:51 | compare_reverse | case_result(verdict(reverse_token_mismatch),input_tokens([twenty_,eight]),parse_status(ok),parsed_sem('1X+20'(8)),gen_status(ok),raw_gen_tokens([twenty]),normalized_gen_tokens([twenty]))
2026-03-07T04:01:51 | compare_reverse | case_result(verdict(reverse_token_mismatch),input_tokens([twenty_,nine]),parse_status(ok),parsed_sem('1X+20'(9)),gen_status(ok),raw_gen_tokens([twenty]),normalized_gen_tokens([twenty]))
2026-03-07T04:01:51 | compare_reverse | case_result(verdict(reverse_pass),input_tokens([thirty_,one]),parse_status(ok),parsed_sem('1X+30'(1)),gen_status(ok),raw_gen_tokens([thirty,one]),normalized_gen_tokens([thirty_,one]))
2026-03-07T04:01:51 | compare_reverse | case_result(verdict(reverse_pass),input_tokens([thirty_,two]),parse_status(ok),parsed_sem('1X+30'(2)),gen_status(ok),raw_gen_tokens([thirty,two]),normalized_gen_tokens([thirty_,two]))
2026-03-07T04:01:51 | compare_reverse | case_result(verdict(reverse_pass),input_tokens([thirty_,three]),parse_status(ok),parsed_sem('1X+30'(3)),gen_status(ok),raw_gen_tokens([thirty,three]),normalized_gen_tokens([thirty_,three]))
2026-03-07T04:01:51 | compare_reverse | case_result(verdict(reverse_token_mismatch),input_tokens([thirty_,four]),parse_status(ok),parsed_sem('1X+30'(4)),gen_status(ok),raw_gen_tokens([thirty]),normalized_gen_tokens([thirty]))
2026-03-07T04:01:51 | compare_reverse | case_result(verdict(reverse_pass),input_tokens([thirty_,five]),parse_status(ok),parsed_sem('1X+30'(5)),gen_status(ok),raw_gen_tokens([thirty,five]),normalized_gen_tokens([thirty_,five]))
2026-03-07T04:01:51 | compare_reverse | case_result(verdict(reverse_token_mismatch),input_tokens([thirty_,six]),parse_status(ok),parsed_sem('1X+30'(6)),gen_status(ok),raw_gen_tokens([thirty]),normalized_gen_tokens([thirty]))
2026-03-07T04:01:51 | compare_reverse | case_result(verdict(reverse_token_mismatch),input_tokens([thirty_,seven]),parse_status(ok),parsed_sem('1X+30'(7)),gen_status(ok),raw_gen_tokens([thirty]),normalized_gen_tokens([thirty]))
2026-03-07T04:01:51 | compare_reverse | case_result(verdict(reverse_token_mismatch),input_tokens([thirty_,eight]),parse_status(ok),parsed_sem('1X+30'(8)),gen_status(ok),raw_gen_tokens([thirty]),normalized_gen_tokens([thirty]))
2026-03-07T04:01:51 | compare_reverse | case_result(verdict(reverse_token_mismatch),input_tokens([thirty_,nine]),parse_status(ok),parsed_sem('1X+30'(9)),gen_status(ok),raw_gen_tokens([thirty]),normalized_gen_tokens([thirty]))
2026-03-07T04:01:51 | compare_reverse | case_result(verdict(reverse_pass),input_tokens([fifty_,one]),parse_status(ok),parsed_sem('1X+50'(1)),gen_status(ok),raw_gen_tokens([fifty,one]),normalized_gen_tokens([fifty_,one]))
2026-03-07T04:01:51 | compare_reverse | case_result(verdict(reverse_pass),input_tokens([fifty_,two]),parse_status(ok),parsed_sem('1X+50'(2)),gen_status(ok),raw_gen_tokens([fifty,two]),normalized_gen_tokens([fifty_,two]))
2026-03-07T04:01:51 | compare_reverse | case_result(verdict(reverse_pass),input_tokens([fifty_,three]),parse_status(ok),parsed_sem('1X+50'(3)),gen_status(ok),raw_gen_tokens([fifty,three]),normalized_gen_tokens([fifty_,three]))
2026-03-07T04:01:51 | compare_reverse | case_result(verdict(reverse_token_mismatch),input_tokens([fifty_,four]),parse_status(ok),parsed_sem('1X+50'(4)),gen_status(ok),raw_gen_tokens([fifty]),normalized_gen_tokens([fifty]))
2026-03-07T04:01:51 | compare_reverse | case_result(verdict(reverse_pass),input_tokens([fifty_,five]),parse_status(ok),parsed_sem('1X+50'(5)),gen_status(ok),raw_gen_tokens([fifty,five]),normalized_gen_tokens([fifty_,five]))
2026-03-07T04:01:51 | compare_reverse | case_result(verdict(reverse_token_mismatch),input_tokens([fifty_,six]),parse_status(ok),parsed_sem('1X+50'(6)),gen_status(ok),raw_gen_tokens([fifty]),normalized_gen_tokens([fifty]))
2026-03-07T04:01:51 | compare_reverse | case_result(verdict(reverse_token_mismatch),input_tokens([fifty_,seven]),parse_status(ok),parsed_sem('1X+50'(7)),gen_status(ok),raw_gen_tokens([fifty]),normalized_gen_tokens([fifty]))
2026-03-07T04:01:51 | compare_reverse | case_result(verdict(reverse_token_mismatch),input_tokens([fifty_,eight]),parse_status(ok),parsed_sem('1X+50'(8)),gen_status(ok),raw_gen_tokens([fifty]),normalized_gen_tokens([fifty]))
2026-03-07T04:01:51 | compare_reverse | case_result(verdict(reverse_token_mismatch),input_tokens([fifty_,nine]),parse_status(ok),parsed_sem('1X+50'(9)),gen_status(ok),raw_gen_tokens([fifty]),normalized_gen_tokens([fifty]))
2026-03-07T04:01:51 | compare_reverse | totals(reverse_pass(31),reverse_parse_fail(0),reverse_gen_skipped(0),reverse_gen_empty_yield(0),reverse_gen_fail(0),reverse_gen_error(0),reverse_token_mismatch(15))
2026-03-07T04:01:51 | system | compare_reverse_end
2026-03-07T04:21:20 | system | reverse_parse_run_start
2026-03-07T04:21:20 | reverse_parse_session | reverse_parse_case(input_tokens([one]),parse_status(ok),parsed_sem(1))
2026-03-07T04:21:20 | reverse_parse_session | reverse_parse_case(input_tokens([two]),parse_status(ok),parsed_sem(2))
2026-03-07T04:21:20 | reverse_parse_session | reverse_parse_case(input_tokens([three]),parse_status(ok),parsed_sem(3))
2026-03-07T04:21:20 | reverse_parse_session | reverse_parse_case(input_tokens([four]),parse_status(ok),parsed_sem(4))
2026-03-07T04:21:20 | reverse_parse_session | reverse_parse_case(input_tokens([five]),parse_status(ok),parsed_sem(5))
2026-03-07T04:21:20 | reverse_parse_session | reverse_parse_case(input_tokens([six]),parse_status(ok),parsed_sem(6))
2026-03-07T04:21:20 | reverse_parse_session | reverse_parse_case(input_tokens([seven]),parse_status(ok),parsed_sem(7))
2026-03-07T04:21:20 | reverse_parse_session | reverse_parse_case(input_tokens([eight]),parse_status(ok),parsed_sem(8))
2026-03-07T04:21:20 | reverse_parse_session | reverse_parse_case(input_tokens([nine]),parse_status(ok),parsed_sem(9))
2026-03-07T04:21:20 | reverse_parse_session | reverse_parse_case(input_tokens([ten]),parse_status(ok),parsed_sem(10))
2026-03-07T04:21:20 | reverse_parse_session | reverse_parse_case(input_tokens([eleven]),parse_status(ok),parsed_sem(11))
2026-03-07T04:21:20 | reverse_parse_session | reverse_parse_case(input_tokens([twelve]),parse_status(ok),parsed_sem(12))
2026-03-07T04:21:20 | reverse_parse_session | reverse_parse_case(input_tokens([thirteen]),parse_status(ok),parsed_sem(13))
2026-03-07T04:21:20 | reverse_parse_session | reverse_parse_case(input_tokens([fifteen]),parse_status(ok),parsed_sem(15))
2026-03-07T04:21:20 | reverse_parse_session | reverse_parse_case(input_tokens([four,teen]),parse_status(ok),parsed_sem('1X+10'(4)))
2026-03-07T04:21:20 | reverse_parse_session | reverse_parse_case(input_tokens([eight,een]),parse_status(ok),parsed_sem('0X+18'(8)))
2026-03-07T04:21:20 | reverse_parse_session | reverse_parse_case(input_tokens([twenty]),parse_status(ok),parsed_sem(20))
2026-03-07T04:21:20 | reverse_parse_session | reverse_parse_case(input_tokens([thirty]),parse_status(ok),parsed_sem(30))
2026-03-07T04:21:20 | reverse_parse_session | reverse_parse_case(input_tokens([fifty]),parse_status(ok),parsed_sem(50))
2026-03-07T04:21:20 | reverse_parse_session | reverse_parse_case(input_tokens([twenty_,one]),parse_status(ok),parsed_sem('1X+20'(1)))
2026-03-07T04:21:20 | reverse_parse_session | reverse_parse_case(input_tokens([twenty_,two]),parse_status(ok),parsed_sem('1X+20'(2)))
2026-03-07T04:21:20 | reverse_parse_session | reverse_parse_case(input_tokens([twenty_,three]),parse_status(ok),parsed_sem('1X+20'(3)))
2026-03-07T04:21:20 | reverse_parse_session | reverse_parse_case(input_tokens([twenty_,four]),parse_status(ok),parsed_sem('1X+20'(4)))
2026-03-07T04:21:20 | reverse_parse_session | reverse_parse_case(input_tokens([twenty_,five]),parse_status(ok),parsed_sem('1X+20'(5)))
2026-03-07T04:21:20 | reverse_parse_session | reverse_parse_case(input_tokens([twenty_,six]),parse_status(ok),parsed_sem('1X+20'(6)))
2026-03-07T04:21:20 | reverse_parse_session | reverse_parse_case(input_tokens([twenty_,seven]),parse_status(ok),parsed_sem('1X+20'(7)))
2026-03-07T04:21:20 | reverse_parse_session | reverse_parse_case(input_tokens([twenty_,eight]),parse_status(ok),parsed_sem('1X+20'(8)))
2026-03-07T04:21:20 | reverse_parse_session | reverse_parse_case(input_tokens([twenty_,nine]),parse_status(ok),parsed_sem('1X+20'(9)))
2026-03-07T04:21:20 | reverse_parse_session | reverse_parse_case(input_tokens([thirty_,one]),parse_status(ok),parsed_sem('1X+30'(1)))
2026-03-07T04:21:20 | reverse_parse_session | reverse_parse_case(input_tokens([thirty_,two]),parse_status(ok),parsed_sem('1X+30'(2)))
2026-03-07T04:21:20 | reverse_parse_session | reverse_parse_case(input_tokens([thirty_,three]),parse_status(ok),parsed_sem('1X+30'(3)))
2026-03-07T04:21:20 | reverse_parse_session | reverse_parse_case(input_tokens([thirty_,four]),parse_status(ok),parsed_sem('1X+30'(4)))
2026-03-07T04:21:20 | reverse_parse_session | reverse_parse_case(input_tokens([thirty_,five]),parse_status(ok),parsed_sem('1X+30'(5)))
2026-03-07T04:21:20 | reverse_parse_session | reverse_parse_case(input_tokens([thirty_,six]),parse_status(ok),parsed_sem('1X+30'(6)))
2026-03-07T04:21:20 | reverse_parse_session | reverse_parse_case(input_tokens([thirty_,seven]),parse_status(ok),parsed_sem('1X+30'(7)))
2026-03-07T04:21:20 | reverse_parse_session | reverse_parse_case(input_tokens([thirty_,eight]),parse_status(ok),parsed_sem('1X+30'(8)))
2026-03-07T04:21:20 | reverse_parse_session | reverse_parse_case(input_tokens([thirty_,nine]),parse_status(ok),parsed_sem('1X+30'(9)))
2026-03-07T04:21:20 | reverse_parse_session | reverse_parse_case(input_tokens([fifty_,one]),parse_status(ok),parsed_sem('1X+50'(1)))
2026-03-07T04:21:20 | reverse_parse_session | reverse_parse_case(input_tokens([fifty_,two]),parse_status(ok),parsed_sem('1X+50'(2)))
2026-03-07T04:21:20 | reverse_parse_session | reverse_parse_case(input_tokens([fifty_,three]),parse_status(ok),parsed_sem('1X+50'(3)))
2026-03-07T04:21:20 | reverse_parse_session | reverse_parse_case(input_tokens([fifty_,four]),parse_status(ok),parsed_sem('1X+50'(4)))
2026-03-07T04:21:20 | reverse_parse_session | reverse_parse_case(input_tokens([fifty_,five]),parse_status(ok),parsed_sem('1X+50'(5)))
2026-03-07T04:21:20 | reverse_parse_session | reverse_parse_case(input_tokens([fifty_,six]),parse_status(ok),parsed_sem('1X+50'(6)))
2026-03-07T04:21:20 | reverse_parse_session | reverse_parse_case(input_tokens([fifty_,seven]),parse_status(ok),parsed_sem('1X+50'(7)))
2026-03-07T04:21:20 | reverse_parse_session | reverse_parse_case(input_tokens([fifty_,eight]),parse_status(ok),parsed_sem('1X+50'(8)))
2026-03-07T04:21:20 | reverse_parse_session | reverse_parse_case(input_tokens([fifty_,nine]),parse_status(ok),parsed_sem('1X+50'(9)))
2026-03-07T04:21:20 | system | reverse_parse_run_end
2026-03-07T04:21:20 | system | reverse_gen_run_start
2026-03-07T04:21:21 | reverse_gen_session | reverse_case(input_tokens([one]),parse_status(ok),parsed_sem(1),gen_status(ok),raw_gen_tokens([one]),normalized_gen_tokens([one]))
2026-03-07T04:21:21 | reverse_gen_session | reverse_case(input_tokens([two]),parse_status(ok),parsed_sem(2),gen_status(ok),raw_gen_tokens([two]),normalized_gen_tokens([two]))
2026-03-07T04:21:21 | reverse_gen_session | reverse_case(input_tokens([three]),parse_status(ok),parsed_sem(3),gen_status(ok),raw_gen_tokens([three]),normalized_gen_tokens([three]))
2026-03-07T04:21:21 | reverse_gen_session | reverse_case(input_tokens([four]),parse_status(ok),parsed_sem(4),gen_status(ok),raw_gen_tokens([four]),normalized_gen_tokens([four]))
2026-03-07T04:21:21 | reverse_gen_session | reverse_case(input_tokens([five]),parse_status(ok),parsed_sem(5),gen_status(ok),raw_gen_tokens([five]),normalized_gen_tokens([five]))
2026-03-07T04:21:21 | reverse_gen_session | reverse_case(input_tokens([six]),parse_status(ok),parsed_sem(6),gen_status(ok),raw_gen_tokens([six]),normalized_gen_tokens([six]))
2026-03-07T04:21:21 | reverse_gen_session | reverse_case(input_tokens([seven]),parse_status(ok),parsed_sem(7),gen_status(ok),raw_gen_tokens([seven]),normalized_gen_tokens([seven]))
2026-03-07T04:21:21 | reverse_gen_session | reverse_case(input_tokens([eight]),parse_status(ok),parsed_sem(8),gen_status(ok),raw_gen_tokens([eight]),normalized_gen_tokens([eight]))
2026-03-07T04:21:21 | reverse_gen_session | reverse_case(input_tokens([nine]),parse_status(ok),parsed_sem(9),gen_status(ok),raw_gen_tokens([nine]),normalized_gen_tokens([nine]))
2026-03-07T04:21:21 | reverse_gen_session | reverse_case(input_tokens([ten]),parse_status(ok),parsed_sem(10),gen_status(ok),raw_gen_tokens([ten]),normalized_gen_tokens([ten]))
2026-03-07T04:21:21 | reverse_gen_session | reverse_case(input_tokens([eleven]),parse_status(ok),parsed_sem(11),gen_status(ok),raw_gen_tokens([eleven]),normalized_gen_tokens([eleven]))
2026-03-07T04:21:21 | reverse_gen_session | reverse_case(input_tokens([twelve]),parse_status(ok),parsed_sem(12),gen_status(ok),raw_gen_tokens([twelve]),normalized_gen_tokens([twelve]))
2026-03-07T04:21:21 | reverse_gen_session | reverse_case(input_tokens([thirteen]),parse_status(ok),parsed_sem(13),gen_status(ok),raw_gen_tokens([thirteen]),normalized_gen_tokens([thirteen]))
2026-03-07T04:21:21 | reverse_gen_session | reverse_case(input_tokens([fifteen]),parse_status(ok),parsed_sem(15),gen_status(ok),raw_gen_tokens([fifteen]),normalized_gen_tokens([fifteen]))
2026-03-07T04:21:21 | reverse_gen_session | reverse_case(input_tokens([four,teen]),parse_status(ok),parsed_sem('1X+10'(4)),gen_status(ok),raw_gen_tokens([four,teen]),normalized_gen_tokens([four,teen]))
2026-03-07T04:21:21 | reverse_gen_session | reverse_case(input_tokens([eight,een]),parse_status(ok),parsed_sem('0X+18'(8)),gen_status(ok),raw_gen_tokens([eight,een]),normalized_gen_tokens([eight,een]))
2026-03-07T04:21:21 | reverse_gen_session | reverse_case(input_tokens([twenty]),parse_status(ok),parsed_sem(20),gen_status(ok),raw_gen_tokens([twenty]),normalized_gen_tokens([twenty]))
2026-03-07T04:21:21 | reverse_gen_session | reverse_case(input_tokens([thirty]),parse_status(ok),parsed_sem(30),gen_status(ok),raw_gen_tokens([thirty]),normalized_gen_tokens([thirty]))
2026-03-07T04:21:21 | reverse_gen_session | reverse_case(input_tokens([fifty]),parse_status(ok),parsed_sem(50),gen_status(ok),raw_gen_tokens([fifty]),normalized_gen_tokens([fifty]))
2026-03-07T04:21:21 | reverse_gen_session | reverse_case(input_tokens([twenty_,one]),parse_status(ok),parsed_sem('1X+20'(1)),gen_status(ok),raw_gen_tokens([twenty,one]),normalized_gen_tokens([twenty_,one]))
2026-03-07T04:21:21 | reverse_gen_session | reverse_case(input_tokens([twenty_,two]),parse_status(ok),parsed_sem('1X+20'(2)),gen_status(ok),raw_gen_tokens([twenty,two]),normalized_gen_tokens([twenty_,two]))
2026-03-07T04:21:21 | reverse_gen_session | reverse_case(input_tokens([twenty_,three]),parse_status(ok),parsed_sem('1X+20'(3)),gen_status(ok),raw_gen_tokens([twenty,three]),normalized_gen_tokens([twenty_,three]))
2026-03-07T04:21:21 | reverse_gen_session | reverse_case(input_tokens([twenty_,four]),parse_status(ok),parsed_sem('1X+20'(4)),gen_status(ok),raw_gen_tokens([twenty]),normalized_gen_tokens([twenty]))
2026-03-07T04:21:21 | reverse_gen_session | reverse_case(input_tokens([twenty_,five]),parse_status(ok),parsed_sem('1X+20'(5)),gen_status(ok),raw_gen_tokens([twenty,five]),normalized_gen_tokens([twenty_,five]))
2026-03-07T04:21:21 | reverse_gen_session | reverse_case(input_tokens([twenty_,six]),parse_status(ok),parsed_sem('1X+20'(6)),gen_status(ok),raw_gen_tokens([twenty]),normalized_gen_tokens([twenty]))
2026-03-07T04:21:21 | reverse_gen_session | reverse_case(input_tokens([twenty_,seven]),parse_status(ok),parsed_sem('1X+20'(7)),gen_status(ok),raw_gen_tokens([twenty]),normalized_gen_tokens([twenty]))
2026-03-07T04:21:21 | reverse_gen_session | reverse_case(input_tokens([twenty_,eight]),parse_status(ok),parsed_sem('1X+20'(8)),gen_status(ok),raw_gen_tokens([twenty]),normalized_gen_tokens([twenty]))
2026-03-07T04:21:21 | reverse_gen_session | reverse_case(input_tokens([twenty_,nine]),parse_status(ok),parsed_sem('1X+20'(9)),gen_status(ok),raw_gen_tokens([twenty]),normalized_gen_tokens([twenty]))
2026-03-07T04:21:21 | reverse_gen_session | reverse_case(input_tokens([thirty_,one]),parse_status(ok),parsed_sem('1X+30'(1)),gen_status(ok),raw_gen_tokens([thirty,one]),normalized_gen_tokens([thirty_,one]))
2026-03-07T04:21:21 | reverse_gen_session | reverse_case(input_tokens([thirty_,two]),parse_status(ok),parsed_sem('1X+30'(2)),gen_status(ok),raw_gen_tokens([thirty,two]),normalized_gen_tokens([thirty_,two]))
2026-03-07T04:21:21 | reverse_gen_session | reverse_case(input_tokens([thirty_,three]),parse_status(ok),parsed_sem('1X+30'(3)),gen_status(ok),raw_gen_tokens([thirty,three]),normalized_gen_tokens([thirty_,three]))
2026-03-07T04:21:21 | reverse_gen_session | reverse_case(input_tokens([thirty_,four]),parse_status(ok),parsed_sem('1X+30'(4)),gen_status(ok),raw_gen_tokens([thirty]),normalized_gen_tokens([thirty]))
2026-03-07T04:21:21 | reverse_gen_session | reverse_case(input_tokens([thirty_,five]),parse_status(ok),parsed_sem('1X+30'(5)),gen_status(ok),raw_gen_tokens([thirty,five]),normalized_gen_tokens([thirty_,five]))
2026-03-07T04:21:21 | reverse_gen_session | reverse_case(input_tokens([thirty_,six]),parse_status(ok),parsed_sem('1X+30'(6)),gen_status(ok),raw_gen_tokens([thirty]),normalized_gen_tokens([thirty]))
2026-03-07T04:21:21 | reverse_gen_session | reverse_case(input_tokens([thirty_,seven]),parse_status(ok),parsed_sem('1X+30'(7)),gen_status(ok),raw_gen_tokens([thirty]),normalized_gen_tokens([thirty]))
2026-03-07T04:21:21 | reverse_gen_session | reverse_case(input_tokens([thirty_,eight]),parse_status(ok),parsed_sem('1X+30'(8)),gen_status(ok),raw_gen_tokens([thirty]),normalized_gen_tokens([thirty]))
2026-03-07T04:21:21 | reverse_gen_session | reverse_case(input_tokens([thirty_,nine]),parse_status(ok),parsed_sem('1X+30'(9)),gen_status(ok),raw_gen_tokens([thirty]),normalized_gen_tokens([thirty]))
2026-03-07T04:21:21 | reverse_gen_session | reverse_case(input_tokens([fifty_,one]),parse_status(ok),parsed_sem('1X+50'(1)),gen_status(ok),raw_gen_tokens([fifty,one]),normalized_gen_tokens([fifty_,one]))
2026-03-07T04:21:21 | reverse_gen_session | reverse_case(input_tokens([fifty_,two]),parse_status(ok),parsed_sem('1X+50'(2)),gen_status(ok),raw_gen_tokens([fifty,two]),normalized_gen_tokens([fifty_,two]))
2026-03-07T04:21:21 | reverse_gen_session | reverse_case(input_tokens([fifty_,three]),parse_status(ok),parsed_sem('1X+50'(3)),gen_status(ok),raw_gen_tokens([fifty,three]),normalized_gen_tokens([fifty_,three]))
2026-03-07T04:21:21 | reverse_gen_session | reverse_case(input_tokens([fifty_,four]),parse_status(ok),parsed_sem('1X+50'(4)),gen_status(ok),raw_gen_tokens([fifty]),normalized_gen_tokens([fifty]))
2026-03-07T04:21:21 | reverse_gen_session | reverse_case(input_tokens([fifty_,five]),parse_status(ok),parsed_sem('1X+50'(5)),gen_status(ok),raw_gen_tokens([fifty,five]),normalized_gen_tokens([fifty_,five]))
2026-03-07T04:21:21 | reverse_gen_session | reverse_case(input_tokens([fifty_,six]),parse_status(ok),parsed_sem('1X+50'(6)),gen_status(ok),raw_gen_tokens([fifty]),normalized_gen_tokens([fifty]))
2026-03-07T04:21:21 | reverse_gen_session | reverse_case(input_tokens([fifty_,seven]),parse_status(ok),parsed_sem('1X+50'(7)),gen_status(ok),raw_gen_tokens([fifty]),normalized_gen_tokens([fifty]))
2026-03-07T04:21:21 | reverse_gen_session | reverse_case(input_tokens([fifty_,eight]),parse_status(ok),parsed_sem('1X+50'(8)),gen_status(ok),raw_gen_tokens([fifty]),normalized_gen_tokens([fifty]))
2026-03-07T04:21:21 | reverse_gen_session | reverse_case(input_tokens([fifty_,nine]),parse_status(ok),parsed_sem('1X+50'(9)),gen_status(ok),raw_gen_tokens([fifty]),normalized_gen_tokens([fifty]))
2026-03-07T04:21:21 | system | reverse_gen_run_end
2026-03-07T04:21:21 | system | compare_reverse_start
2026-03-07T04:21:21 | compare_reverse | case_result(verdict(reverse_pass),input_tokens([one]),parse_status(ok),parsed_sem(1),gen_status(ok),raw_gen_tokens([one]),normalized_gen_tokens([one]))
2026-03-07T04:21:21 | compare_reverse | case_result(verdict(reverse_pass),input_tokens([two]),parse_status(ok),parsed_sem(2),gen_status(ok),raw_gen_tokens([two]),normalized_gen_tokens([two]))
2026-03-07T04:21:21 | compare_reverse | case_result(verdict(reverse_pass),input_tokens([three]),parse_status(ok),parsed_sem(3),gen_status(ok),raw_gen_tokens([three]),normalized_gen_tokens([three]))
2026-03-07T04:21:21 | compare_reverse | case_result(verdict(reverse_pass),input_tokens([four]),parse_status(ok),parsed_sem(4),gen_status(ok),raw_gen_tokens([four]),normalized_gen_tokens([four]))
2026-03-07T04:21:21 | compare_reverse | case_result(verdict(reverse_pass),input_tokens([five]),parse_status(ok),parsed_sem(5),gen_status(ok),raw_gen_tokens([five]),normalized_gen_tokens([five]))
2026-03-07T04:21:21 | compare_reverse | case_result(verdict(reverse_pass),input_tokens([six]),parse_status(ok),parsed_sem(6),gen_status(ok),raw_gen_tokens([six]),normalized_gen_tokens([six]))
2026-03-07T04:21:21 | compare_reverse | case_result(verdict(reverse_pass),input_tokens([seven]),parse_status(ok),parsed_sem(7),gen_status(ok),raw_gen_tokens([seven]),normalized_gen_tokens([seven]))
2026-03-07T04:21:21 | compare_reverse | case_result(verdict(reverse_pass),input_tokens([eight]),parse_status(ok),parsed_sem(8),gen_status(ok),raw_gen_tokens([eight]),normalized_gen_tokens([eight]))
2026-03-07T04:21:21 | compare_reverse | case_result(verdict(reverse_pass),input_tokens([nine]),parse_status(ok),parsed_sem(9),gen_status(ok),raw_gen_tokens([nine]),normalized_gen_tokens([nine]))
2026-03-07T04:21:21 | compare_reverse | case_result(verdict(reverse_pass),input_tokens([ten]),parse_status(ok),parsed_sem(10),gen_status(ok),raw_gen_tokens([ten]),normalized_gen_tokens([ten]))
2026-03-07T04:21:21 | compare_reverse | case_result(verdict(reverse_pass),input_tokens([eleven]),parse_status(ok),parsed_sem(11),gen_status(ok),raw_gen_tokens([eleven]),normalized_gen_tokens([eleven]))
2026-03-07T04:21:21 | compare_reverse | case_result(verdict(reverse_pass),input_tokens([twelve]),parse_status(ok),parsed_sem(12),gen_status(ok),raw_gen_tokens([twelve]),normalized_gen_tokens([twelve]))
2026-03-07T04:21:21 | compare_reverse | case_result(verdict(reverse_pass),input_tokens([thirteen]),parse_status(ok),parsed_sem(13),gen_status(ok),raw_gen_tokens([thirteen]),normalized_gen_tokens([thirteen]))
2026-03-07T04:21:21 | compare_reverse | case_result(verdict(reverse_pass),input_tokens([fifteen]),parse_status(ok),parsed_sem(15),gen_status(ok),raw_gen_tokens([fifteen]),normalized_gen_tokens([fifteen]))
2026-03-07T04:21:21 | compare_reverse | case_result(verdict(reverse_pass),input_tokens([four,teen]),parse_status(ok),parsed_sem('1X+10'(4)),gen_status(ok),raw_gen_tokens([four,teen]),normalized_gen_tokens([four,teen]))
2026-03-07T04:21:21 | compare_reverse | case_result(verdict(reverse_pass),input_tokens([eight,een]),parse_status(ok),parsed_sem('0X+18'(8)),gen_status(ok),raw_gen_tokens([eight,een]),normalized_gen_tokens([eight,een]))
2026-03-07T04:21:21 | compare_reverse | case_result(verdict(reverse_pass),input_tokens([twenty]),parse_status(ok),parsed_sem(20),gen_status(ok),raw_gen_tokens([twenty]),normalized_gen_tokens([twenty]))
2026-03-07T04:21:21 | compare_reverse | case_result(verdict(reverse_pass),input_tokens([thirty]),parse_status(ok),parsed_sem(30),gen_status(ok),raw_gen_tokens([thirty]),normalized_gen_tokens([thirty]))
2026-03-07T04:21:21 | compare_reverse | case_result(verdict(reverse_pass),input_tokens([fifty]),parse_status(ok),parsed_sem(50),gen_status(ok),raw_gen_tokens([fifty]),normalized_gen_tokens([fifty]))
2026-03-07T04:21:21 | compare_reverse | case_result(verdict(reverse_pass),input_tokens([twenty_,one]),parse_status(ok),parsed_sem('1X+20'(1)),gen_status(ok),raw_gen_tokens([twenty,one]),normalized_gen_tokens([twenty_,one]))
2026-03-07T04:21:21 | compare_reverse | case_result(verdict(reverse_pass),input_tokens([twenty_,two]),parse_status(ok),parsed_sem('1X+20'(2)),gen_status(ok),raw_gen_tokens([twenty,two]),normalized_gen_tokens([twenty_,two]))
2026-03-07T04:21:21 | compare_reverse | case_result(verdict(reverse_pass),input_tokens([twenty_,three]),parse_status(ok),parsed_sem('1X+20'(3)),gen_status(ok),raw_gen_tokens([twenty,three]),normalized_gen_tokens([twenty_,three]))
2026-03-07T04:21:21 | compare_reverse | case_result(verdict(reverse_pass_repairable),input_tokens([twenty_,four]),parse_status(ok),parsed_sem('1X+20'(4)),gen_status(ok),raw_gen_tokens([twenty]),normalized_gen_tokens([twenty]))
2026-03-07T04:21:21 | compare_reverse | case_result(verdict(reverse_pass),input_tokens([twenty_,five]),parse_status(ok),parsed_sem('1X+20'(5)),gen_status(ok),raw_gen_tokens([twenty,five]),normalized_gen_tokens([twenty_,five]))
2026-03-07T04:21:21 | compare_reverse | case_result(verdict(reverse_pass_repairable),input_tokens([twenty_,six]),parse_status(ok),parsed_sem('1X+20'(6)),gen_status(ok),raw_gen_tokens([twenty]),normalized_gen_tokens([twenty]))
2026-03-07T04:21:21 | compare_reverse | case_result(verdict(reverse_pass_repairable),input_tokens([twenty_,seven]),parse_status(ok),parsed_sem('1X+20'(7)),gen_status(ok),raw_gen_tokens([twenty]),normalized_gen_tokens([twenty]))
2026-03-07T04:21:21 | compare_reverse | case_result(verdict(reverse_pass_repairable),input_tokens([twenty_,eight]),parse_status(ok),parsed_sem('1X+20'(8)),gen_status(ok),raw_gen_tokens([twenty]),normalized_gen_tokens([twenty]))
2026-03-07T04:21:21 | compare_reverse | case_result(verdict(reverse_pass_repairable),input_tokens([twenty_,nine]),parse_status(ok),parsed_sem('1X+20'(9)),gen_status(ok),raw_gen_tokens([twenty]),normalized_gen_tokens([twenty]))
2026-03-07T04:21:21 | compare_reverse | case_result(verdict(reverse_pass),input_tokens([thirty_,one]),parse_status(ok),parsed_sem('1X+30'(1)),gen_status(ok),raw_gen_tokens([thirty,one]),normalized_gen_tokens([thirty_,one]))
2026-03-07T04:21:21 | compare_reverse | case_result(verdict(reverse_pass),input_tokens([thirty_,two]),parse_status(ok),parsed_sem('1X+30'(2)),gen_status(ok),raw_gen_tokens([thirty,two]),normalized_gen_tokens([thirty_,two]))
2026-03-07T04:21:21 | compare_reverse | case_result(verdict(reverse_pass),input_tokens([thirty_,three]),parse_status(ok),parsed_sem('1X+30'(3)),gen_status(ok),raw_gen_tokens([thirty,three]),normalized_gen_tokens([thirty_,three]))
2026-03-07T04:21:21 | compare_reverse | case_result(verdict(reverse_pass_repairable),input_tokens([thirty_,four]),parse_status(ok),parsed_sem('1X+30'(4)),gen_status(ok),raw_gen_tokens([thirty]),normalized_gen_tokens([thirty]))
2026-03-07T04:21:21 | compare_reverse | case_result(verdict(reverse_pass),input_tokens([thirty_,five]),parse_status(ok),parsed_sem('1X+30'(5)),gen_status(ok),raw_gen_tokens([thirty,five]),normalized_gen_tokens([thirty_,five]))
2026-03-07T04:21:21 | compare_reverse | case_result(verdict(reverse_pass_repairable),input_tokens([thirty_,six]),parse_status(ok),parsed_sem('1X+30'(6)),gen_status(ok),raw_gen_tokens([thirty]),normalized_gen_tokens([thirty]))
2026-03-07T04:21:21 | compare_reverse | case_result(verdict(reverse_pass_repairable),input_tokens([thirty_,seven]),parse_status(ok),parsed_sem('1X+30'(7)),gen_status(ok),raw_gen_tokens([thirty]),normalized_gen_tokens([thirty]))
2026-03-07T04:21:21 | compare_reverse | case_result(verdict(reverse_pass_repairable),input_tokens([thirty_,eight]),parse_status(ok),parsed_sem('1X+30'(8)),gen_status(ok),raw_gen_tokens([thirty]),normalized_gen_tokens([thirty]))
2026-03-07T04:21:21 | compare_reverse | case_result(verdict(reverse_pass_repairable),input_tokens([thirty_,nine]),parse_status(ok),parsed_sem('1X+30'(9)),gen_status(ok),raw_gen_tokens([thirty]),normalized_gen_tokens([thirty]))
2026-03-07T04:21:21 | compare_reverse | case_result(verdict(reverse_pass),input_tokens([fifty_,one]),parse_status(ok),parsed_sem('1X+50'(1)),gen_status(ok),raw_gen_tokens([fifty,one]),normalized_gen_tokens([fifty_,one]))
2026-03-07T04:21:21 | compare_reverse | case_result(verdict(reverse_pass),input_tokens([fifty_,two]),parse_status(ok),parsed_sem('1X+50'(2)),gen_status(ok),raw_gen_tokens([fifty,two]),normalized_gen_tokens([fifty_,two]))
2026-03-07T04:21:21 | compare_reverse | case_result(verdict(reverse_pass),input_tokens([fifty_,three]),parse_status(ok),parsed_sem('1X+50'(3)),gen_status(ok),raw_gen_tokens([fifty,three]),normalized_gen_tokens([fifty_,three]))
2026-03-07T04:21:21 | compare_reverse | case_result(verdict(reverse_pass_repairable),input_tokens([fifty_,four]),parse_status(ok),parsed_sem('1X+50'(4)),gen_status(ok),raw_gen_tokens([fifty]),normalized_gen_tokens([fifty]))
2026-03-07T04:21:21 | compare_reverse | case_result(verdict(reverse_pass),input_tokens([fifty_,five]),parse_status(ok),parsed_sem('1X+50'(5)),gen_status(ok),raw_gen_tokens([fifty,five]),normalized_gen_tokens([fifty_,five]))
2026-03-07T04:21:21 | compare_reverse | case_result(verdict(reverse_pass_repairable),input_tokens([fifty_,six]),parse_status(ok),parsed_sem('1X+50'(6)),gen_status(ok),raw_gen_tokens([fifty]),normalized_gen_tokens([fifty]))
2026-03-07T04:21:21 | compare_reverse | case_result(verdict(reverse_pass_repairable),input_tokens([fifty_,seven]),parse_status(ok),parsed_sem('1X+50'(7)),gen_status(ok),raw_gen_tokens([fifty]),normalized_gen_tokens([fifty]))
2026-03-07T04:21:21 | compare_reverse | case_result(verdict(reverse_pass_repairable),input_tokens([fifty_,eight]),parse_status(ok),parsed_sem('1X+50'(8)),gen_status(ok),raw_gen_tokens([fifty]),normalized_gen_tokens([fifty]))
2026-03-07T04:21:21 | compare_reverse | case_result(verdict(reverse_pass_repairable),input_tokens([fifty_,nine]),parse_status(ok),parsed_sem('1X+50'(9)),gen_status(ok),raw_gen_tokens([fifty]),normalized_gen_tokens([fifty]))
2026-03-07T04:21:21 | compare_reverse | totals(reverse_pass(31),reverse_pass_repairable(15),reverse_parse_fail(0),reverse_gen_skipped(0),reverse_gen_empty_yield(0),reverse_gen_fail(0),reverse_gen_error(0),reverse_token_mismatch(0))
2026-03-07T04:21:21 | system | compare_reverse_end
2026-03-07T04:40:59 | system | gen_run_start
2026-03-07T04:40:59 | gen_session | gen_case(semantic(1),status(ok),tokens([one]),sentence(one))
2026-03-07T04:40:59 | gen_session | gen_case(semantic(2),status(ok),tokens([two]),sentence(two))
2026-03-07T04:40:59 | gen_session | gen_case(semantic(3),status(ok),tokens([three]),sentence(three))
2026-03-07T04:40:59 | gen_session | gen_case(semantic(4),status(ok),tokens([four]),sentence(four))
2026-03-07T04:40:59 | gen_session | gen_case(semantic(5),status(ok),tokens([five]),sentence(five))
2026-03-07T04:40:59 | gen_session | gen_case(semantic(6),status(ok),tokens([six]),sentence(six))
2026-03-07T04:40:59 | gen_session | gen_case(semantic(7),status(ok),tokens([seven]),sentence(seven))
2026-03-07T04:40:59 | gen_session | gen_case(semantic(8),status(ok),tokens([eight]),sentence(eight))
2026-03-07T04:40:59 | gen_session | gen_case(semantic(9),status(ok),tokens([nine]),sentence(nine))
2026-03-07T04:40:59 | gen_session | gen_case(semantic(10),status(ok),tokens([ten]),sentence(ten))
2026-03-07T04:40:59 | gen_session | gen_case(semantic(11),status(ok),tokens([eleven]),sentence(eleven))
2026-03-07T04:40:59 | gen_session | gen_case(semantic(12),status(ok),tokens([twelve]),sentence(twelve))
2026-03-07T04:40:59 | gen_session | gen_case(semantic(13),status(ok),tokens([thirteen]),sentence(thirteen))
2026-03-07T04:40:59 | gen_session | gen_case(semantic(15),status(ok),tokens([fifteen]),sentence(fifteen))
2026-03-07T04:40:59 | gen_session | gen_case(semantic(18),status(gen_empty_yield),tokens([]),sentence(''))
2026-03-07T04:40:59 | gen_session | gen_case(semantic(20),status(ok),tokens([twenty]),sentence(twenty))
2026-03-07T04:40:59 | gen_session | gen_case(semantic(30),status(ok),tokens([thirty]),sentence(thirty))
2026-03-07T04:40:59 | gen_session | gen_case(semantic(50),status(ok),tokens([fifty]),sentence(fifty))
2026-03-07T04:40:59 | gen_session | gen_case(semantic('1X+10'(4)),status(ok),tokens([four,teen]),sentence(fourteen))
2026-03-07T04:40:59 | gen_session | gen_case(semantic('1X+10'(6)),status(ok),tokens([six,teen]),sentence(sixteen))
2026-03-07T04:40:59 | gen_session | gen_case(semantic('1X+10'(7)),status(ok),tokens([seven,teen]),sentence(seventeen))
2026-03-07T04:40:59 | gen_session | gen_case(semantic('0X+18'(8)),status(ok),tokens([eight,een]),sentence(eighteen))
2026-03-07T04:40:59 | gen_session | gen_case(semantic('1X+10'(9)),status(ok),tokens([nine,teen]),sentence(nineteen))
2026-03-07T04:40:59 | gen_session | gen_case(semantic('1X+20'(1)),status(ok),tokens([twenty,one]),sentence(twentyone))
2026-03-07T04:40:59 | gen_session | gen_case(semantic('1X+20'(2)),status(ok),tokens([twenty,two]),sentence(twentytwo))
2026-03-07T04:40:59 | gen_session | gen_case(semantic('1X+20'(3)),status(ok),tokens([twenty,three]),sentence(twentythree))
2026-03-07T04:40:59 | gen_session | gen_case(semantic('1X+20'(4)),status(ok),tokens([twenty]),sentence(twenty))
2026-03-07T04:40:59 | gen_session | gen_case(semantic('1X+20'(5)),status(ok),tokens([twenty,five]),sentence(twentyfive))
2026-03-07T04:40:59 | gen_session | gen_case(semantic('1X+20'(6)),status(ok),tokens([twenty]),sentence(twenty))
2026-03-07T04:40:59 | gen_session | gen_case(semantic('1X+20'(7)),status(ok),tokens([twenty]),sentence(twenty))
2026-03-07T04:40:59 | gen_session | gen_case(semantic('1X+20'(8)),status(ok),tokens([twenty]),sentence(twenty))
2026-03-07T04:40:59 | gen_session | gen_case(semantic('1X+20'(9)),status(ok),tokens([twenty]),sentence(twenty))
2026-03-07T04:40:59 | gen_session | gen_case(semantic('1X+30'(1)),status(ok),tokens([thirty,one]),sentence(thirtyone))
2026-03-07T04:40:59 | gen_session | gen_case(semantic('1X+30'(2)),status(ok),tokens([thirty,two]),sentence(thirtytwo))
2026-03-07T04:40:59 | gen_session | gen_case(semantic('1X+30'(3)),status(ok),tokens([thirty,three]),sentence(thirtythree))
2026-03-07T04:40:59 | gen_session | gen_case(semantic('1X+30'(4)),status(ok),tokens([thirty]),sentence(thirty))
2026-03-07T04:40:59 | gen_session | gen_case(semantic('1X+30'(5)),status(ok),tokens([thirty,five]),sentence(thirtyfive))
2026-03-07T04:40:59 | gen_session | gen_case(semantic('1X+30'(6)),status(ok),tokens([thirty]),sentence(thirty))
2026-03-07T04:40:59 | gen_session | gen_case(semantic('1X+30'(7)),status(ok),tokens([thirty]),sentence(thirty))
2026-03-07T04:40:59 | gen_session | gen_case(semantic('1X+30'(8)),status(ok),tokens([thirty]),sentence(thirty))
2026-03-07T04:40:59 | gen_session | gen_case(semantic('1X+30'(9)),status(ok),tokens([thirty]),sentence(thirty))
2026-03-07T04:40:59 | gen_session | gen_case(semantic('1X+50'(1)),status(ok),tokens([fifty,one]),sentence(fiftyone))
2026-03-07T04:40:59 | gen_session | gen_case(semantic('1X+50'(2)),status(ok),tokens([fifty,two]),sentence(fiftytwo))
2026-03-07T04:40:59 | gen_session | gen_case(semantic('1X+50'(3)),status(ok),tokens([fifty,three]),sentence(fiftythree))
2026-03-07T04:40:59 | gen_session | gen_case(semantic('1X+50'(4)),status(ok),tokens([fifty]),sentence(fifty))
2026-03-07T04:40:59 | gen_session | gen_case(semantic('1X+50'(5)),status(ok),tokens([fifty,five]),sentence(fiftyfive))
2026-03-07T04:40:59 | gen_session | gen_case(semantic('1X+50'(6)),status(ok),tokens([fifty]),sentence(fifty))
2026-03-07T04:40:59 | gen_session | gen_case(semantic('1X+50'(7)),status(ok),tokens([fifty]),sentence(fifty))
2026-03-07T04:40:59 | gen_session | gen_case(semantic('1X+50'(8)),status(ok),tokens([fifty]),sentence(fifty))
2026-03-07T04:40:59 | gen_session | gen_case(semantic('1X+50'(9)),status(ok),tokens([fifty]),sentence(fifty))
2026-03-07T04:40:59 | gen_session | gen_case(semantic('1X+40'(4)),status(gen_empty_yield),tokens([]),sentence(''))
2026-03-07T04:40:59 | gen_session | gen_case(semantic('1X+60'(4)),status(gen_empty_yield),tokens([]),sentence(''))
2026-03-07T04:40:59 | gen_session | gen_case(semantic('1X+70'(4)),status(gen_empty_yield),tokens([]),sentence(''))
2026-03-07T04:40:59 | gen_session | gen_case(semantic('1X+80'(4)),status(gen_empty_yield),tokens([]),sentence(''))
2026-03-07T04:40:59 | gen_session | gen_case(semantic('1X+90'(4)),status(gen_empty_yield),tokens([]),sentence(''))
2026-03-07T04:40:59 | system | gen_run_end
2026-03-07T04:40:59 | system | parse_run_start
2026-03-07T04:41:00 | parse_session | parse_case(semantic(1),gen_status(ok),gen_tokens([one]),repaired_tokens([one]),parser_tokens([one]),parse_status(ok),parsed_sem(1))
2026-03-07T04:41:00 | parse_session | parse_case(semantic(2),gen_status(ok),gen_tokens([two]),repaired_tokens([two]),parser_tokens([two]),parse_status(ok),parsed_sem(2))
2026-03-07T04:41:00 | parse_session | parse_case(semantic(3),gen_status(ok),gen_tokens([three]),repaired_tokens([three]),parser_tokens([three]),parse_status(ok),parsed_sem(3))
2026-03-07T04:41:00 | parse_session | parse_case(semantic(4),gen_status(ok),gen_tokens([four]),repaired_tokens([four]),parser_tokens([four]),parse_status(ok),parsed_sem(4))
2026-03-07T04:41:00 | parse_session | parse_case(semantic(5),gen_status(ok),gen_tokens([five]),repaired_tokens([five]),parser_tokens([five]),parse_status(ok),parsed_sem(5))
2026-03-07T04:41:00 | parse_session | parse_case(semantic(6),gen_status(ok),gen_tokens([six]),repaired_tokens([six]),parser_tokens([six]),parse_status(ok),parsed_sem(6))
2026-03-07T04:41:00 | parse_session | parse_case(semantic(7),gen_status(ok),gen_tokens([seven]),repaired_tokens([seven]),parser_tokens([seven]),parse_status(ok),parsed_sem(7))
2026-03-07T04:41:00 | parse_session | parse_case(semantic(8),gen_status(ok),gen_tokens([eight]),repaired_tokens([eight]),parser_tokens([eight]),parse_status(ok),parsed_sem(8))
2026-03-07T04:41:00 | parse_session | parse_case(semantic(9),gen_status(ok),gen_tokens([nine]),repaired_tokens([nine]),parser_tokens([nine]),parse_status(ok),parsed_sem(9))
2026-03-07T04:41:00 | parse_session | parse_case(semantic(10),gen_status(ok),gen_tokens([ten]),repaired_tokens([ten]),parser_tokens([ten]),parse_status(ok),parsed_sem(10))
2026-03-07T04:41:00 | parse_session | parse_case(semantic(11),gen_status(ok),gen_tokens([eleven]),repaired_tokens([eleven]),parser_tokens([eleven]),parse_status(ok),parsed_sem(11))
2026-03-07T04:41:00 | parse_session | parse_case(semantic(12),gen_status(ok),gen_tokens([twelve]),repaired_tokens([twelve]),parser_tokens([twelve]),parse_status(ok),parsed_sem(12))
2026-03-07T04:41:00 | parse_session | parse_case(semantic(13),gen_status(ok),gen_tokens([thirteen]),repaired_tokens([thirteen]),parser_tokens([thirteen]),parse_status(ok),parsed_sem(13))
2026-03-07T04:41:00 | parse_session | parse_case(semantic(15),gen_status(ok),gen_tokens([fifteen]),repaired_tokens([fifteen]),parser_tokens([fifteen]),parse_status(ok),parsed_sem(15))
2026-03-07T04:41:00 | parse_session | parse_case(semantic(18),gen_status(gen_empty_yield),gen_tokens([]),repaired_tokens([]),parser_tokens([]),parse_status(parse_skipped_empty_tokens),parsed_sem(none))
2026-03-07T04:41:00 | parse_session | parse_case(semantic(20),gen_status(ok),gen_tokens([twenty]),repaired_tokens([twenty]),parser_tokens([twenty]),parse_status(ok),parsed_sem(20))
2026-03-07T04:41:00 | parse_session | parse_case(semantic(30),gen_status(ok),gen_tokens([thirty]),repaired_tokens([thirty]),parser_tokens([thirty]),parse_status(ok),parsed_sem(30))
2026-03-07T04:41:00 | parse_session | parse_case(semantic(50),gen_status(ok),gen_tokens([fifty]),repaired_tokens([fifty]),parser_tokens([fifty]),parse_status(ok),parsed_sem(50))
2026-03-07T04:41:00 | parse_session | parse_case(semantic('1X+10'(4)),gen_status(ok),gen_tokens([four,teen]),repaired_tokens([four,teen]),parser_tokens([four,teen]),parse_status(ok),parsed_sem('1X+10'(4)))
2026-03-07T04:41:00 | parse_session | parse_case(semantic('1X+10'(6)),gen_status(ok),gen_tokens([six,teen]),repaired_tokens([six,teen]),parser_tokens([six,teen]),parse_status(parse_fail),parsed_sem(none))
2026-03-07T04:41:00 | parse_session | parse_case(semantic('1X+10'(7)),gen_status(ok),gen_tokens([seven,teen]),repaired_tokens([seven,teen]),parser_tokens([seven,teen]),parse_status(parse_fail),parsed_sem(none))
2026-03-07T04:41:00 | parse_session | parse_case(semantic('0X+18'(8)),gen_status(ok),gen_tokens([eight,een]),repaired_tokens([eight,een]),parser_tokens([eight,een]),parse_status(ok),parsed_sem('0X+18'(8)))
2026-03-07T04:41:00 | parse_session | parse_case(semantic('1X+10'(9)),gen_status(ok),gen_tokens([nine,teen]),repaired_tokens([nine,teen]),parser_tokens([nine,teen]),parse_status(parse_fail),parsed_sem(none))
2026-03-07T04:41:00 | parse_session | parse_case(semantic('1X+20'(1)),gen_status(ok),gen_tokens([twenty,one]),repaired_tokens([twenty,one]),parser_tokens([twenty_,one]),parse_status(ok),parsed_sem('1X+20'(1)))
2026-03-07T04:41:00 | parse_session | parse_case(semantic('1X+20'(2)),gen_status(ok),gen_tokens([twenty,two]),repaired_tokens([twenty,two]),parser_tokens([twenty_,two]),parse_status(ok),parsed_sem('1X+20'(2)))
2026-03-07T04:41:00 | parse_session | parse_case(semantic('1X+20'(3)),gen_status(ok),gen_tokens([twenty,three]),repaired_tokens([twenty,three]),parser_tokens([twenty_,three]),parse_status(ok),parsed_sem('1X+20'(3)))
2026-03-07T04:41:00 | parse_session | parse_case(semantic('1X+20'(4)),gen_status(ok),gen_tokens([twenty]),repaired_tokens([twenty,four]),parser_tokens([twenty_,four]),parse_status(ok),parsed_sem('1X+20'(4)))
2026-03-07T04:41:00 | parse_session | parse_case(semantic('1X+20'(5)),gen_status(ok),gen_tokens([twenty,five]),repaired_tokens([twenty,five]),parser_tokens([twenty_,five]),parse_status(ok),parsed_sem('1X+20'(5)))
2026-03-07T04:41:00 | parse_session | parse_case(semantic('1X+20'(6)),gen_status(ok),gen_tokens([twenty]),repaired_tokens([twenty,six]),parser_tokens([twenty_,six]),parse_status(ok),parsed_sem('1X+20'(6)))
2026-03-07T04:41:00 | parse_session | parse_case(semantic('1X+20'(7)),gen_status(ok),gen_tokens([twenty]),repaired_tokens([twenty,seven]),parser_tokens([twenty_,seven]),parse_status(ok),parsed_sem('1X+20'(7)))
2026-03-07T04:41:00 | parse_session | parse_case(semantic('1X+20'(8)),gen_status(ok),gen_tokens([twenty]),repaired_tokens([twenty,eight]),parser_tokens([twenty_,eight]),parse_status(ok),parsed_sem('1X+20'(8)))
2026-03-07T04:41:00 | parse_session | parse_case(semantic('1X+20'(9)),gen_status(ok),gen_tokens([twenty]),repaired_tokens([twenty,nine]),parser_tokens([twenty_,nine]),parse_status(ok),parsed_sem('1X+20'(9)))
2026-03-07T04:41:00 | parse_session | parse_case(semantic('1X+30'(1)),gen_status(ok),gen_tokens([thirty,one]),repaired_tokens([thirty,one]),parser_tokens([thirty_,one]),parse_status(ok),parsed_sem('1X+30'(1)))
2026-03-07T04:41:00 | parse_session | parse_case(semantic('1X+30'(2)),gen_status(ok),gen_tokens([thirty,two]),repaired_tokens([thirty,two]),parser_tokens([thirty_,two]),parse_status(ok),parsed_sem('1X+30'(2)))
2026-03-07T04:41:00 | parse_session | parse_case(semantic('1X+30'(3)),gen_status(ok),gen_tokens([thirty,three]),repaired_tokens([thirty,three]),parser_tokens([thirty_,three]),parse_status(ok),parsed_sem('1X+30'(3)))
2026-03-07T04:41:00 | parse_session | parse_case(semantic('1X+30'(4)),gen_status(ok),gen_tokens([thirty]),repaired_tokens([thirty,four]),parser_tokens([thirty_,four]),parse_status(ok),parsed_sem('1X+30'(4)))
2026-03-07T04:41:00 | parse_session | parse_case(semantic('1X+30'(5)),gen_status(ok),gen_tokens([thirty,five]),repaired_tokens([thirty,five]),parser_tokens([thirty_,five]),parse_status(ok),parsed_sem('1X+30'(5)))
2026-03-07T04:41:00 | parse_session | parse_case(semantic('1X+30'(6)),gen_status(ok),gen_tokens([thirty]),repaired_tokens([thirty,six]),parser_tokens([thirty_,six]),parse_status(ok),parsed_sem('1X+30'(6)))
2026-03-07T04:41:00 | parse_session | parse_case(semantic('1X+30'(7)),gen_status(ok),gen_tokens([thirty]),repaired_tokens([thirty,seven]),parser_tokens([thirty_,seven]),parse_status(ok),parsed_sem('1X+30'(7)))
2026-03-07T04:41:00 | parse_session | parse_case(semantic('1X+30'(8)),gen_status(ok),gen_tokens([thirty]),repaired_tokens([thirty,eight]),parser_tokens([thirty_,eight]),parse_status(ok),parsed_sem('1X+30'(8)))
2026-03-07T04:41:00 | parse_session | parse_case(semantic('1X+30'(9)),gen_status(ok),gen_tokens([thirty]),repaired_tokens([thirty,nine]),parser_tokens([thirty_,nine]),parse_status(ok),parsed_sem('1X+30'(9)))
2026-03-07T04:41:00 | parse_session | parse_case(semantic('1X+50'(1)),gen_status(ok),gen_tokens([fifty,one]),repaired_tokens([fifty,one]),parser_tokens([fifty_,one]),parse_status(ok),parsed_sem('1X+50'(1)))
2026-03-07T04:41:00 | parse_session | parse_case(semantic('1X+50'(2)),gen_status(ok),gen_tokens([fifty,two]),repaired_tokens([fifty,two]),parser_tokens([fifty_,two]),parse_status(ok),parsed_sem('1X+50'(2)))
2026-03-07T04:41:00 | parse_session | parse_case(semantic('1X+50'(3)),gen_status(ok),gen_tokens([fifty,three]),repaired_tokens([fifty,three]),parser_tokens([fifty_,three]),parse_status(ok),parsed_sem('1X+50'(3)))
2026-03-07T04:41:00 | parse_session | parse_case(semantic('1X+50'(4)),gen_status(ok),gen_tokens([fifty]),repaired_tokens([fifty,four]),parser_tokens([fifty_,four]),parse_status(ok),parsed_sem('1X+50'(4)))
2026-03-07T04:41:00 | parse_session | parse_case(semantic('1X+50'(5)),gen_status(ok),gen_tokens([fifty,five]),repaired_tokens([fifty,five]),parser_tokens([fifty_,five]),parse_status(ok),parsed_sem('1X+50'(5)))
2026-03-07T04:41:00 | parse_session | parse_case(semantic('1X+50'(6)),gen_status(ok),gen_tokens([fifty]),repaired_tokens([fifty,six]),parser_tokens([fifty_,six]),parse_status(ok),parsed_sem('1X+50'(6)))
2026-03-07T04:41:00 | parse_session | parse_case(semantic('1X+50'(7)),gen_status(ok),gen_tokens([fifty]),repaired_tokens([fifty,seven]),parser_tokens([fifty_,seven]),parse_status(ok),parsed_sem('1X+50'(7)))
2026-03-07T04:41:00 | parse_session | parse_case(semantic('1X+50'(8)),gen_status(ok),gen_tokens([fifty]),repaired_tokens([fifty,eight]),parser_tokens([fifty_,eight]),parse_status(ok),parsed_sem('1X+50'(8)))
2026-03-07T04:41:00 | parse_session | parse_case(semantic('1X+50'(9)),gen_status(ok),gen_tokens([fifty]),repaired_tokens([fifty,nine]),parser_tokens([fifty_,nine]),parse_status(ok),parsed_sem('1X+50'(9)))
2026-03-07T04:41:00 | parse_session | parse_case(semantic('1X+40'(4)),gen_status(gen_empty_yield),gen_tokens([]),repaired_tokens([]),parser_tokens([]),parse_status(parse_skipped_empty_tokens),parsed_sem(none))
2026-03-07T04:41:00 | parse_session | parse_case(semantic('1X+60'(4)),gen_status(gen_empty_yield),gen_tokens([]),repaired_tokens([]),parser_tokens([]),parse_status(parse_skipped_empty_tokens),parsed_sem(none))
2026-03-07T04:41:00 | parse_session | parse_case(semantic('1X+70'(4)),gen_status(gen_empty_yield),gen_tokens([]),repaired_tokens([]),parser_tokens([]),parse_status(parse_skipped_empty_tokens),parsed_sem(none))
2026-03-07T04:41:00 | parse_session | parse_case(semantic('1X+80'(4)),gen_status(gen_empty_yield),gen_tokens([]),repaired_tokens([]),parser_tokens([]),parse_status(parse_skipped_empty_tokens),parsed_sem(none))
2026-03-07T04:41:00 | parse_session | parse_case(semantic('1X+90'(4)),gen_status(gen_empty_yield),gen_tokens([]),repaired_tokens([]),parser_tokens([]),parse_status(parse_skipped_empty_tokens),parsed_sem(none))
2026-03-07T04:41:00 | system | parse_run_end
2026-03-07T04:41:00 | system | compare_start
2026-03-07T04:41:00 | compare | case_result(verdict(pass),semantic(1),gen_status(ok),gen_tokens([one]),repaired_tokens([one]),parser_tokens([one]),parse_status(ok),parsed_sem(1))
2026-03-07T04:41:00 | compare | case_result(verdict(pass),semantic(2),gen_status(ok),gen_tokens([two]),repaired_tokens([two]),parser_tokens([two]),parse_status(ok),parsed_sem(2))
2026-03-07T04:41:00 | compare | case_result(verdict(pass),semantic(3),gen_status(ok),gen_tokens([three]),repaired_tokens([three]),parser_tokens([three]),parse_status(ok),parsed_sem(3))
2026-03-07T04:41:00 | compare | case_result(verdict(pass),semantic(4),gen_status(ok),gen_tokens([four]),repaired_tokens([four]),parser_tokens([four]),parse_status(ok),parsed_sem(4))
2026-03-07T04:41:00 | compare | case_result(verdict(pass),semantic(5),gen_status(ok),gen_tokens([five]),repaired_tokens([five]),parser_tokens([five]),parse_status(ok),parsed_sem(5))
2026-03-07T04:41:00 | compare | case_result(verdict(pass),semantic(6),gen_status(ok),gen_tokens([six]),repaired_tokens([six]),parser_tokens([six]),parse_status(ok),parsed_sem(6))
2026-03-07T04:41:00 | compare | case_result(verdict(pass),semantic(7),gen_status(ok),gen_tokens([seven]),repaired_tokens([seven]),parser_tokens([seven]),parse_status(ok),parsed_sem(7))
2026-03-07T04:41:00 | compare | case_result(verdict(pass),semantic(8),gen_status(ok),gen_tokens([eight]),repaired_tokens([eight]),parser_tokens([eight]),parse_status(ok),parsed_sem(8))
2026-03-07T04:41:00 | compare | case_result(verdict(pass),semantic(9),gen_status(ok),gen_tokens([nine]),repaired_tokens([nine]),parser_tokens([nine]),parse_status(ok),parsed_sem(9))
2026-03-07T04:41:00 | compare | case_result(verdict(pass),semantic(10),gen_status(ok),gen_tokens([ten]),repaired_tokens([ten]),parser_tokens([ten]),parse_status(ok),parsed_sem(10))
2026-03-07T04:41:00 | compare | case_result(verdict(pass),semantic(11),gen_status(ok),gen_tokens([eleven]),repaired_tokens([eleven]),parser_tokens([eleven]),parse_status(ok),parsed_sem(11))
2026-03-07T04:41:00 | compare | case_result(verdict(pass),semantic(12),gen_status(ok),gen_tokens([twelve]),repaired_tokens([twelve]),parser_tokens([twelve]),parse_status(ok),parsed_sem(12))
2026-03-07T04:41:00 | compare | case_result(verdict(pass),semantic(13),gen_status(ok),gen_tokens([thirteen]),repaired_tokens([thirteen]),parser_tokens([thirteen]),parse_status(ok),parsed_sem(13))
2026-03-07T04:41:00 | compare | case_result(verdict(pass),semantic(15),gen_status(ok),gen_tokens([fifteen]),repaired_tokens([fifteen]),parser_tokens([fifteen]),parse_status(ok),parsed_sem(15))
2026-03-07T04:41:00 | compare | case_result(verdict(gen_empty_yield),semantic(18),gen_status(gen_empty_yield),gen_tokens([]),repaired_tokens([]),parser_tokens([]),parse_status(parse_skipped_empty_tokens),parsed_sem(none))
2026-03-07T04:41:00 | compare | case_result(verdict(pass),semantic(20),gen_status(ok),gen_tokens([twenty]),repaired_tokens([twenty]),parser_tokens([twenty]),parse_status(ok),parsed_sem(20))
2026-03-07T04:41:00 | compare | case_result(verdict(pass),semantic(30),gen_status(ok),gen_tokens([thirty]),repaired_tokens([thirty]),parser_tokens([thirty]),parse_status(ok),parsed_sem(30))
2026-03-07T04:41:00 | compare | case_result(verdict(pass),semantic(50),gen_status(ok),gen_tokens([fifty]),repaired_tokens([fifty]),parser_tokens([fifty]),parse_status(ok),parsed_sem(50))
2026-03-07T04:41:00 | compare | case_result(verdict(pass),semantic('1X+10'(4)),gen_status(ok),gen_tokens([four,teen]),repaired_tokens([four,teen]),parser_tokens([four,teen]),parse_status(ok),parsed_sem('1X+10'(4)))
2026-03-07T04:41:00 | compare | case_result(verdict(parse_fail),semantic('1X+10'(6)),gen_status(ok),gen_tokens([six,teen]),repaired_tokens([six,teen]),parser_tokens([six,teen]),parse_status(parse_fail),parsed_sem(none))
2026-03-07T04:41:00 | compare | case_result(verdict(parse_fail),semantic('1X+10'(7)),gen_status(ok),gen_tokens([seven,teen]),repaired_tokens([seven,teen]),parser_tokens([seven,teen]),parse_status(parse_fail),parsed_sem(none))
2026-03-07T04:41:00 | compare | case_result(verdict(pass),semantic('0X+18'(8)),gen_status(ok),gen_tokens([eight,een]),repaired_tokens([eight,een]),parser_tokens([eight,een]),parse_status(ok),parsed_sem('0X+18'(8)))
2026-03-07T04:41:00 | compare | case_result(verdict(parse_fail),semantic('1X+10'(9)),gen_status(ok),gen_tokens([nine,teen]),repaired_tokens([nine,teen]),parser_tokens([nine,teen]),parse_status(parse_fail),parsed_sem(none))
2026-03-07T04:41:00 | compare | case_result(verdict(pass),semantic('1X+20'(1)),gen_status(ok),gen_tokens([twenty,one]),repaired_tokens([twenty,one]),parser_tokens([twenty_,one]),parse_status(ok),parsed_sem('1X+20'(1)))
2026-03-07T04:41:00 | compare | case_result(verdict(pass),semantic('1X+20'(2)),gen_status(ok),gen_tokens([twenty,two]),repaired_tokens([twenty,two]),parser_tokens([twenty_,two]),parse_status(ok),parsed_sem('1X+20'(2)))
2026-03-07T04:41:00 | compare | case_result(verdict(pass),semantic('1X+20'(3)),gen_status(ok),gen_tokens([twenty,three]),repaired_tokens([twenty,three]),parser_tokens([twenty_,three]),parse_status(ok),parsed_sem('1X+20'(3)))
2026-03-07T04:41:00 | compare | case_result(verdict(pass_repaired),semantic('1X+20'(4)),gen_status(ok),gen_tokens([twenty]),repaired_tokens([twenty,four]),parser_tokens([twenty_,four]),parse_status(ok),parsed_sem('1X+20'(4)))
2026-03-07T04:41:00 | compare | case_result(verdict(pass),semantic('1X+20'(5)),gen_status(ok),gen_tokens([twenty,five]),repaired_tokens([twenty,five]),parser_tokens([twenty_,five]),parse_status(ok),parsed_sem('1X+20'(5)))
2026-03-07T04:41:00 | compare | case_result(verdict(pass_repaired),semantic('1X+20'(6)),gen_status(ok),gen_tokens([twenty]),repaired_tokens([twenty,six]),parser_tokens([twenty_,six]),parse_status(ok),parsed_sem('1X+20'(6)))
2026-03-07T04:41:00 | compare | case_result(verdict(pass_repaired),semantic('1X+20'(7)),gen_status(ok),gen_tokens([twenty]),repaired_tokens([twenty,seven]),parser_tokens([twenty_,seven]),parse_status(ok),parsed_sem('1X+20'(7)))
2026-03-07T04:41:00 | compare | case_result(verdict(pass_repaired),semantic('1X+20'(8)),gen_status(ok),gen_tokens([twenty]),repaired_tokens([twenty,eight]),parser_tokens([twenty_,eight]),parse_status(ok),parsed_sem('1X+20'(8)))
2026-03-07T04:41:00 | compare | case_result(verdict(pass_repaired),semantic('1X+20'(9)),gen_status(ok),gen_tokens([twenty]),repaired_tokens([twenty,nine]),parser_tokens([twenty_,nine]),parse_status(ok),parsed_sem('1X+20'(9)))
2026-03-07T04:41:00 | compare | case_result(verdict(pass),semantic('1X+30'(1)),gen_status(ok),gen_tokens([thirty,one]),repaired_tokens([thirty,one]),parser_tokens([thirty_,one]),parse_status(ok),parsed_sem('1X+30'(1)))
2026-03-07T04:41:00 | compare | case_result(verdict(pass),semantic('1X+30'(2)),gen_status(ok),gen_tokens([thirty,two]),repaired_tokens([thirty,two]),parser_tokens([thirty_,two]),parse_status(ok),parsed_sem('1X+30'(2)))
2026-03-07T04:41:00 | compare | case_result(verdict(pass),semantic('1X+30'(3)),gen_status(ok),gen_tokens([thirty,three]),repaired_tokens([thirty,three]),parser_tokens([thirty_,three]),parse_status(ok),parsed_sem('1X+30'(3)))
2026-03-07T04:41:00 | compare | case_result(verdict(pass_repaired),semantic('1X+30'(4)),gen_status(ok),gen_tokens([thirty]),repaired_tokens([thirty,four]),parser_tokens([thirty_,four]),parse_status(ok),parsed_sem('1X+30'(4)))
2026-03-07T04:41:00 | compare | case_result(verdict(pass),semantic('1X+30'(5)),gen_status(ok),gen_tokens([thirty,five]),repaired_tokens([thirty,five]),parser_tokens([thirty_,five]),parse_status(ok),parsed_sem('1X+30'(5)))
2026-03-07T04:41:00 | compare | case_result(verdict(pass_repaired),semantic('1X+30'(6)),gen_status(ok),gen_tokens([thirty]),repaired_tokens([thirty,six]),parser_tokens([thirty_,six]),parse_status(ok),parsed_sem('1X+30'(6)))
2026-03-07T04:41:00 | compare | case_result(verdict(pass_repaired),semantic('1X+30'(7)),gen_status(ok),gen_tokens([thirty]),repaired_tokens([thirty,seven]),parser_tokens([thirty_,seven]),parse_status(ok),parsed_sem('1X+30'(7)))
2026-03-07T04:41:00 | compare | case_result(verdict(pass_repaired),semantic('1X+30'(8)),gen_status(ok),gen_tokens([thirty]),repaired_tokens([thirty,eight]),parser_tokens([thirty_,eight]),parse_status(ok),parsed_sem('1X+30'(8)))
2026-03-07T04:41:00 | compare | case_result(verdict(pass_repaired),semantic('1X+30'(9)),gen_status(ok),gen_tokens([thirty]),repaired_tokens([thirty,nine]),parser_tokens([thirty_,nine]),parse_status(ok),parsed_sem('1X+30'(9)))
2026-03-07T04:41:00 | compare | case_result(verdict(pass),semantic('1X+50'(1)),gen_status(ok),gen_tokens([fifty,one]),repaired_tokens([fifty,one]),parser_tokens([fifty_,one]),parse_status(ok),parsed_sem('1X+50'(1)))
2026-03-07T04:41:00 | compare | case_result(verdict(pass),semantic('1X+50'(2)),gen_status(ok),gen_tokens([fifty,two]),repaired_tokens([fifty,two]),parser_tokens([fifty_,two]),parse_status(ok),parsed_sem('1X+50'(2)))
2026-03-07T04:41:00 | compare | case_result(verdict(pass),semantic('1X+50'(3)),gen_status(ok),gen_tokens([fifty,three]),repaired_tokens([fifty,three]),parser_tokens([fifty_,three]),parse_status(ok),parsed_sem('1X+50'(3)))
2026-03-07T04:41:00 | compare | case_result(verdict(pass_repaired),semantic('1X+50'(4)),gen_status(ok),gen_tokens([fifty]),repaired_tokens([fifty,four]),parser_tokens([fifty_,four]),parse_status(ok),parsed_sem('1X+50'(4)))
2026-03-07T04:41:00 | compare | case_result(verdict(pass),semantic('1X+50'(5)),gen_status(ok),gen_tokens([fifty,five]),repaired_tokens([fifty,five]),parser_tokens([fifty_,five]),parse_status(ok),parsed_sem('1X+50'(5)))
2026-03-07T04:41:00 | compare | case_result(verdict(pass_repaired),semantic('1X+50'(6)),gen_status(ok),gen_tokens([fifty]),repaired_tokens([fifty,six]),parser_tokens([fifty_,six]),parse_status(ok),parsed_sem('1X+50'(6)))
2026-03-07T04:41:00 | compare | case_result(verdict(pass_repaired),semantic('1X+50'(7)),gen_status(ok),gen_tokens([fifty]),repaired_tokens([fifty,seven]),parser_tokens([fifty_,seven]),parse_status(ok),parsed_sem('1X+50'(7)))
2026-03-07T04:41:00 | compare | case_result(verdict(pass_repaired),semantic('1X+50'(8)),gen_status(ok),gen_tokens([fifty]),repaired_tokens([fifty,eight]),parser_tokens([fifty_,eight]),parse_status(ok),parsed_sem('1X+50'(8)))
2026-03-07T04:41:00 | compare | case_result(verdict(pass_repaired),semantic('1X+50'(9)),gen_status(ok),gen_tokens([fifty]),repaired_tokens([fifty,nine]),parser_tokens([fifty_,nine]),parse_status(ok),parsed_sem('1X+50'(9)))
2026-03-07T04:41:00 | compare | case_result(verdict(gen_empty_yield),semantic('1X+40'(4)),gen_status(gen_empty_yield),gen_tokens([]),repaired_tokens([]),parser_tokens([]),parse_status(parse_skipped_empty_tokens),parsed_sem(none))
2026-03-07T04:41:00 | compare | case_result(verdict(gen_empty_yield),semantic('1X+60'(4)),gen_status(gen_empty_yield),gen_tokens([]),repaired_tokens([]),parser_tokens([]),parse_status(parse_skipped_empty_tokens),parsed_sem(none))
2026-03-07T04:41:00 | compare | case_result(verdict(gen_empty_yield),semantic('1X+70'(4)),gen_status(gen_empty_yield),gen_tokens([]),repaired_tokens([]),parser_tokens([]),parse_status(parse_skipped_empty_tokens),parsed_sem(none))
2026-03-07T04:41:00 | compare | case_result(verdict(gen_empty_yield),semantic('1X+80'(4)),gen_status(gen_empty_yield),gen_tokens([]),repaired_tokens([]),parser_tokens([]),parse_status(parse_skipped_empty_tokens),parsed_sem(none))
2026-03-07T04:41:00 | compare | case_result(verdict(gen_empty_yield),semantic('1X+90'(4)),gen_status(gen_empty_yield),gen_tokens([]),repaired_tokens([]),parser_tokens([]),parse_status(parse_skipped_empty_tokens),parsed_sem(none))
2026-03-07T04:41:00 | compare | totals(pass(31),pass_repaired(15),gen_empty_yield(6),gen_fail(0),gen_error(0),parse_skipped_empty_tokens(0),parse_fail(3),semantic_mismatch(0))
2026-03-07T04:41:00 | system | compare_end
